# Manba: GeoNames (CC BY 4.0), yig'uvchi: deploy/build_cities.py. Qo'lda tahrirlanmaydi —
# kuratorlik qilingan shaharlar va istisnolar geo.py da (_RAW, _EXTRA_ALIASES).
# kind	name	lat	lon	country	pop	ru	aliases
city	Shanghai	31.2222	121.4581	CN	24874500	Шанхай	shang hai shih|shang-hai-shih|shanghai|shanghai city|shanghaishih|shanxay|шанхай
city	Chongqing	29.5603	106.5577	CN	22000000	Чунцин	ch'ung ch'ing|ch'ung ch'ing shih|ch'ung-ch'ing|ch'ung-ch'ing-shih|ch'ungch'ing|ch'ungch'ingshih|chongking|chongqing|chongqing shi|chung-ching|chung-ching-shih|chungking|pa hsien|pa-hsien|pahsien|yuzhou|чунцин|чунцін
city	Chengdu	30.6667	104.0667	CN	20937757	Чэнду	ch'eng tu|ch'eng tu hsien|ch'eng tu shih|ch'eng-tu|ch'eng-tu-hsien|ch'eng-tu-shih|ch'engtu|ch'engtuhsien|ch'engtushih|chendu|cheng-tu|cheng-tu-hsien|cheng-tu-shih|chengdu|chengdu shi|hua yang|hua-yang|huayang|ченду|чэнду
city	Beijing	39.9075	116.3972	CN	18960744	Пекин	beijing|beijing city|beijing shi|pei ching|pei ching shih|pei p'ing|pei p'ing shih|pei-ching|pei-ching-shih|pei-p'ing|pei-p'ing-shih|pei-ping|pei-ping-shih|peiching|peichingshih|peip'ing|peip'ingshih|pekin|peking|peping|бейжің|пекин|пекін
city	Guangzhou	23.1167	113.2500	CN	18676605	Гуанчжоу	canton|guanchjou|guangzhou|guangzhou shi|kouang chou|kouang-chou|kouangchou|kuang chou|kuang chou shih|kuang-chou|kuang-chou-shih|kuangchou|kuangchoushih|kwang chowfu|kwang-chowfu|kwangchow|kwangchowfu|shengcheng|гуанчжоу
city	Shenzhen	22.5455	114.0683	CN	17494398	Шэньчжэнь	bao'an|baoan|bauan|pao an|pao an hsien|pao-an|pao-an-hsien|paoan|paoanhsien|sham chun hu|shen chen|shen chun|shen-chen|shen-chun|shenchen|shenchun|shenzen|shenzhen|shiem chun|tschhimtschun|шеньчжень|шэньчжэнь
city	Istanbul	41.0138	28.9497	TR	15701602	Стамбул	i stanbul|istamboul|istambul|istanbu|istanbul|истанбул|стамбул|ыстанбул|ыстанбұл
city	Tianjin	39.1422	117.1767	CN	13866009	Тяньцзинь	t'ien chin|t'ien ching|t'ien ching shih|t'ien-chin|t'ien-ching|t'ien-ching-shih|t'ienchin|t'ienching|t'ienchingshih|tianjin|tianjin shi|tianjing|tien-chin|tien-ching|tien-ching-shih|tientsin|tyan'czin'|tyanczin|tyantszin|тяньцзинь|тяньцзінь
city	Wuhan	30.5833	114.2667	CN	13739000	Ухань	uxan|vuhan|wu han shih|wu-han-shih|wuhan|wuhan shi|wuhanshih|ухань
city	Xi'an	34.2583	108.9286	CN	12952907	Сиань	ch'ang an|ch'ang an hsien|ch'ang-an|ch'ang-an-hsien|ch'angan|ch'anganhsien|chang-an|chang-an-hsien|hsi an|hsi an shih|hsi ching|hsi ching shih|hsi gnan fu|hsi-an|hsi-an-shih|hsi-ching|hsi-ching-shih|hsian|hsianshih|hsiching|hsichingshih|hsingan|si gan fu|si-gan-fu|sian|sianfu|siganfu|siking|singan|xi'an|xi'an shi|xian|xian shi|сиань|сіань
city	Hangzhou	30.2936	120.1614	CN	11936010	Ханчжоу	hanchow fu|hanchow-fu|hanchowfu|hang|hang chou|hang chou shih|hang hsien|hang-chou|hang-chou-shih|hang-hsien|hangchou|hangchoushih|hangchow|hanghsien|hangzhou|hangzhou city|khangzhou|xangzhou|ханчжоу
city	Moskva	55.7520	37.6178	RU	10381222	Москва	moscou|moscow|moskau|moskova|moskva|moskwa|маскав|масква|москва|мәскеу
city	Harbin	45.7500	126.6500	CN	10009854	Харбин	charbin|ha erh pin|ha'erbin|ha-erh-pin|ha-erh-pin-shih|haerbin|haerhpin|haerhpinshih|harbin|harbin shi|harbinq|kharbin|pin chiang|pin chiang hsien|pin-chiang|pin-chiang-hsien|pinchiang|pinchianghsien|pinkiang|харбин|харбін
city	Dongguan	23.0180	113.7487	CN	9644871	Дунгуань	dongguan|dongguan city|tung kuan|tung-kuan|tungkuan|tungkun|дунгуань
city	Hefei	31.8639	117.2808	CN	9465881	Хэфэй	hefei|hefei shi|hefey|ho fei|ho fei hsien|ho fei shih|ho-fei|ho-fei-hsien|ho-fei-shih|hofei|hofeihsien|hofeishih|lu chou|lu-chou|luchou|luchow|luchowfu|lunchow|хефей|хэфэй
city	Weifang	36.7100	119.1019	CN	9386705	Вэйфан	wei|wei fang shih|wei hsien|wei-fang-shih|wei-hsien|weifang|weifangshih|weihsien|вейфан|вэйфан
city	Nanjing	32.0617	118.7778	CN	9314685	Нанкин	nan ching|nan ching shih|nan-ching|nan-ching-shih|nanching|nanchingshih|nanjing|nankin|nanking|нанкин|нанкін|наньцзин
city	Shenyang	41.7922	123.4328	CN	9070093	Шэньян	feng t'ien|feng-t'ien|feng-tien|fengt'ien|moukden|mukden|shen yang hsien|shen yang shih|shen-yang-hsien|shen-yang-shih|shengking|shenyan|shenyang|shenyang shi|shenyanghsien|shenyangshih|шеньян|шэньян
city	Foshan	23.0268	113.1315	CN	9042509	Фошань	fachan|fatshan|fo shan chen|fo shan shih|fo-shan-chen|fo-shan-shih|foshan|foshan city|foshanchen|foshanshih|fu shan chen|fu-shan-chen|fushanchen|namhoi|nan hai|nan-hai|nanhai|nanhai hsien|nanhai-hsien|nanhaihsien|nanhoi|nom hoy|фошань
city	Jinan	36.6683	116.9972	CN	8352574	Цзинань	chi nan|chi nan shih|chi-nan|chi-nan-shih|chinan|chinanshih|jinan|jinan shi|li ch'eng|li-ch'eng|li-cheng|lich'eng|szinan|tsi nan fu|tsi-nan-fu|tsinah|tsinan|tsinanfu|цзинань|цзінань
city	Dalian	38.9122	121.6022	CN	7450785	Далянь	dairen|dal'niy|dalian|dalian city|dalian shi|dalniy|dalny|ta lien|ta lien shih|ta-lien|ta-lien-shih|talien|talienshih|далянь
city	Wuzhong	37.9867	106.2010	CN	7202654	Учжун	uchzhunpu|wu chung|wu chung p'u|wu chung pao|wu chung shih|wu-chung|wu-chung-p'u|wu-chung-pao|wu-chung-pu|wu-chung-shih|wuchung|wuchungp'u|wuchungpao|wuchungshih|wuzhong|wuzhong xian|wuzhong zhen|учжун
city	Qingdao	36.0649	120.3804	CN	7172451	Циндао	ch'ing tao|ch'ing tao shih|ch'ing-tao|ch'ing-tao-shih|ch'ingtao|ch'ingtaoshih|ching-tao|ching-tao-shih|qingdao|sindao|tsingtao|циндао|ціндао
city	Tehron	35.6944	51.4215	IR	7153309	Тегеран	tahran|teheran|tehran|тегеран|техрон
city	Yantai	37.4765	121.4408	CN	7102100	Яньтай	chifu|yantai|yen t'ai|yen t'ai shih|yen-t'ai|yen-t'ai-shih|yen-tai|yen-tai-shih|yent'ai|yent'aishih|яньтай
city	Suzhou	31.3041	120.5954	CN	6715559	Сучжоу	su chou|su-chou|suchjou|suchou|suzhou|suzhou shi|wu hsien|wu-hsien|wuhsien|сучжоу
city	Zhengzhou	34.7578	113.6486	CN	6650532	Чжэнчжоу	cheng|cheng chou|cheng chou shih|cheng hsien|cheng-chou|cheng-chou-shih|cheng-hsien|chengchou|chengchoushih|chengchow|chenghsien|iphone city|zhengzhou|чженчжоу|чжэнчжоу
city	Nanning	22.8167	108.3167	CN	5977185	Наньнин	nan ning shih|nan-ning-shih|nannin|nanning|nanning shi|nanningshih|nanninq|yung ning|yung ning hsien|yung-ning|yung-ning-hsien|yungning|yungninghsien|наньнин|наньнін
city	Kunming	25.0389	102.7183	CN	5950578	Куньмин	k'un ming hsien|k'un ming shih|k'un-ming-hsien|k'un-ming-shih|k'unminghsien|k'unmingshih|kun-ming-hsien|kun-ming-shih|kunming|kunming shi|kunminq|куньмин|куньмин шаары|куньмін
city	Shijiazhuang	38.0414	114.4786	CN	5758403	Шицзячжуан	chen t'ou|chen-t'ou|chen-tou|chent'ou|chentow|shicziyajuan|shih chia chuang|shih chuang shih|shih men|shih men shih|shih-chia-chuang|shih-chia-chuang-shih|shih-chuang-shih|shih-men|shih-men-shih|shihchiachuang|shihchiachuangshih|shihchuangshih|shihjiazhuang|shihkiachwan|shihkiachwang|shihmen|shihmenshih|shijiazhuang|shijiazhuang shi|shitszyachzhuan|шицзячжуан
city	Changchun	43.8800	125.3228	CN	5691024	Чанчунь	ch'ang ch'un hsien|ch'ang ch'un shih|ch'ang-ch'un-hsien|ch'ang-ch'un-shih|ch'angch'unhsien|ch'angch'unshih|chang-chun-hsien|chang-chun-shih|changchun|changchun shi|k'ua ch'eng tzu|k'ua-ch'eng-tzu|k'uach'engtzu|kua-cheng-tzu|kwan cheng tze|kwan-cheng-tze|kwanchengtze|чанчунь
city	Pudong	31.2400	121.5009	CN	5681512	Пудун	p'u tung|p'u-tung|p'utung|pootung|pu-tung|pudong|пудун
city	Sankt-Peterburg	59.9386	30.3141	RU	5351935	Санкт-Петербург	peterburg|petersburg|saint petersburg|sankt peterburg|sankt peterburq|sankt petersburg|sankt-peterburg|sankt-peterburq|sanktpeterburg|sanktpeterburq|st -petersburg|st petersburg|петербург|питер|санкт петербург|санкт-петербург|санктпетербург|спб
city	Taiyuan	37.8694	112.5603	CN	5305061	Тайюань	taiyuan|taiyuan shi|tayyuan|yanka|тайюань
city	Zibo	36.7906	118.0633	CN	4704138	Цзыбо	chang chou shih|chang tien|chang tien shih|chang-chou-shih|chang-tien|chang-tien-shih|changchoushih|changtien|changtienshih|tzu po|tzu-po|tzupo|zhangdian|zibo|цзыбо
city	Xiamen	24.4798	118.0819	CN	4617251	Сямэнь	amoy|hsia men|hsia men shih|hsia-men|hsia-men-shih|hsiamen|hsiamenshih|shamen|siamen|ssu ming|ssu ming hsien|ssu-ming|ssu-ming-hsien|ssuming|ssuminghsien|szeming hsien|szeming-hsien|szeminghsien|xiamen|xiamen city|xiamen shi|сямень|сямынь|сямэнь
city	Yangzhou	32.3972	119.4358	CN	4559797	Янчжоу	chiang tu|chiang tu hsien|chiang-tu|chiang-tu-hsien|chiangtu|chiangtuhsien|han chiang|han-chiang|hanchiang|kiangtu|yang chou|yang chou shih|yang chow fu|yang-chou|yang-chou-shih|yang-chow-fu|yangchou|yangchoushih|yangchow|yangchowfu|yangzhou|янчжоу
city	Huai'an	33.5886	119.0192	CN	4556230	Хуайань	ch'ing chiang|ch'ing chiang p'u|ch'ing chiang shih|ch'ing-chiang|ch'ing-chiang-p'u|ch'ing-chiang-shih|ch'ingchiang|ch'ingchiangp'u|ch'ingchiangshih|ching-chiang|ching-chiang-pu|ching-chiang-shih|huai yin|huai yin ch'eng|huai yin hsien|huai yin shih|huai'an|huai-yin|huai-yin-ch'eng|huai-yin-cheng|huai-yin-hsien|huai-yin-shih|huaian|huaiyin|huaiyinch'eng|huaiyinhsien|huaiyinshih|hwaiyin|hwaiyin hsien|hwaiyin-hsien|hwaiyinhsien|qingjiang|tsingkiangpo|tsinkiangpu|хуайань
city	Guiyang	26.5833	106.7167	CN	4506134	Гуйян	guiyang|guiyang shi|guyyan|kuei chu|kuei yang|kuei yang shih|kuei-chu|kuei-yang|kuei-yang-shih|kueichu|kueiyang|kueiyangshih|kweichu|kweiyang|kweiyangfu|quyinq|гуйян
city	Bao'an	22.5521	113.8829	CN	4476554	Баоань	bao'an|baoan|bauan|баоань
city	Kobul	34.5281	69.1723	AF	4434550	Кабул	cabool|cabul|caubul|kabil|kaboul|kabul|kabura|kobul|kubha|кабул|кобул
city	Wuxi	31.5689	120.2886	CN	4396835	Уси	usi|wu hsi|wu hsi hsien|wu hsi shih|wu-hsi|wu-hsi-hsien|wu-hsi-shih|wuhsi|wuhsihsien|wuhsishih|wusih|wusih hsien|wusih-hsien|wusihhsien|wusihsien|wuxi|wuxi shi|уси|усі
city	Lanzhou	36.0570	103.8399	CN	4359446	Ланьчжоу	kao lan hsien|kao-lan-hsien|kaolan|kaolanhsien|lan chou|lan chou shih|lan-chou|lan-chou-shih|lanchjou|lanchou|lanchoushih|lanchow|lanchowfu|lanzhou|lanzhou shi|ланьчжоу|ланьчжоу шаары
city	Fuzhou	26.0614	119.3061	CN	4094491	Фучжоу	foochow|fouzhou|fu chou|fu chou shih|fu-chou|fu-chou-shih|fuchau|fuchou|fuchoushih|fuzhou|lin sen|lin sen hsien|lin-sen|lin-sen-hsien|linsen|linsenhsien|min hou|min hou hsien|min hsien|min-hou|min-hou-hsien|min-hou-hsien-ch'eng|min-hou-hsien-cheng|minhou|minhouhsien|minhouhsiench'eng|minhow|minhow hsien|minhow-hsien|minhowhsien|фучжоу
city	Urumchi	43.8010	87.6005	CN	4054000	Урумчи	dikhua|o'rumchi|orumchi|ouroumtchi|ti hua|ti hua ch'eng|ti hua hsien|ti hua shih|ti-hua|ti-hua-ch'eng|ti-hua-cheng|ti-hua-hsien|ti-hua-shih|tihua|tihuach'eng|tihuahsien|tihuashih|tihwa|tihwafu|tikhua|tikhva|ueruemqi|urumchi|urumi city|urumptsi|urumtsi|urumutsi|urunchi|wu-lu-mu-ch'i|wu-lu-mu-ch'i-shih|wu-lu-mu-chi|wu-lu-mu-chi-shih|wulumuch'i|wulumuch'ishih|wulumuqi|wurumch'ih|wurumchih|урумчи|урумчы|урумчі|үрімжі|үрүмчү
city	Zaozhuang	34.8647	117.5542	CN	3855601	Цзаочжуан	i hsien|i-hsien|ihsien|tsao chuang|tsao chuang shih|tsao-chuang|tsao-chuang-shih|tsaochuang|tsaochuangshih|tsaochwang|tssaochwang|zaozhuang|цзаочжуан
city	Zhongshan	22.5231	113.3791	CN	3841873	Чжуншань	xiangshan|zhongshan|zhongshan shi|чжуншань
city	Shantou	23.3549	116.6788	CN	3838900	Шаньтоу	laiwu|shan t'ou shih|shan-t'ou-shih|shan-tou-shih|shant'oushih|shantou|shantow|swatow|шаньтоу
city	Ningbo	29.8782	121.5494	CN	3731203	Нинбо	chiang pei an|chiang-pei-an|chiangpeian|ninbo|ning hsien|ning po|ning po shih|ning-hsien|ning-po|ning-po-shih|ningbo|ningbo shi|ninghsien|ningpo|ningposhih|yin hsien|yin-hsien|yinhsien|нинбо|нінбо
city	Puyang	29.4568	119.8887	CN	3590000	Пуян	p'u chiang|p'u yang chen|p'u-chiang|p'u-chiang-hsien-ch'eng|p'u-yang-chen|p'uchiang|p'uchianghsiench'eng|p'uyangchen|pu-chiang|pu-chiang-hsien-cheng|pu-yang-chen|pujiang|pukiang|pukianghsien|puyang|puyang jiedao|пуян
city	Ankara	39.9199	32.8543	TR	3517182	Анкара	anguriyah|ankara|ankura|ankyra|анкара
city	Shiyan	32.6475	110.7781	CN	3460000	Шиянь	shih yen|shih yen chen|shih yen shih|shih-yen|shih-yen-chen|shih-yen-shih|shihyen|shihyenchen|shihyenshih|shiyan|shiyan shi|шиянь
city	Hohhot	40.8106	111.6522	CN	3446100	Хух-Хото	hohhot|hohhot shi|hou ho|hou-ho|houho|hoxhot|hu-ho-hao-t'e|hu-ho-hao-t'e-shih|hu-ho-hao-te|hu-ho-hao-te-shih|huhe hoter|huhehaote|huhehot|huhhot|huhohaot'e|huhohaot'eshih|kuei hua|kuei sui|kuei sui hsien|kuei sui shih|kuei-hua|kuei-sui|kuei-sui-hsien|kuei-sui-shih|kueihua|kueisui|kueisuihsien|kueisuishih|kuku khoto|kuku-khoto|kukukhoto|kwei hwa cheng|kwei hwa ting|kwei-hwa-cheng|kwei-hwa-ting|kweihwa|kweihwa suiyuan|kweihwa-suiyuan|kweihwacheng|kweihwasuiyuan|kweihwating|kweisui hsien|kweisui-hsien|kweisuihsien|хух хото|хух-хото|хуххото
city	Berlin	52.5244	13.4105	DE	3426354	Берлин	berlin|берлин|берлін|бэрлін
city	Tangshan	39.6438	118.1832	CN	3372102	Таншань	t'ang shan chen|t'ang shan shih|t'ang-shan-chen|t'ang-shan-shih|t'angshanchen|t'angshanshih|tang-shan-chen|tang-shan-shih|tangshan|tongshan|таншань
city	Lueliang	37.5192	111.1444	CN	3346500	Люйлян	lueliang|люйлян
city	Anshan	41.1236	122.9900	CN	3325372	Аньшань	an shan shih|an-shan-shih|anshan|anshanshih|аньшань
city	Changzhou	31.7736	119.9540	CN	3290918	Чанчжоу	ch'ang chou|ch'ang chou shih|ch'ang-chou|ch'ang-chou-shih|ch'angchou|ch'angchoushih|chang chow fu|chang-chou|chang-chou-shih|chang-chow-fu|changchow|changchowfu|changzhou|wu chin|wu chin hsien|wu-chin|wu-chin-hsien|wuchin|wuchinhsien|wujin|wutsin|чанчжоу
city	Madrid	40.4165	-3.7026	ES	3255944	Мадрид	madrid|magerit|мадрид|мадрыд
city	Datong	40.0936	113.2914	CN	3105591	Датун	dagu|datong|datong city|datun|ta jen|ta jen hsien|ta ku|ta t'ung|ta t'ung hsien|ta t'ung shih|ta-jen|ta-jen-hsien|ta-ku|ta-t'ung|ta-t'ung-hsien|ta-t'ung-shih|ta-tung|ta-tung-hsien|ta-tung-shih|tajen|tajenhsien|taku|tat'ung|tat'unghsien|tat'ungshih|датун
city	Bursa	40.1956	29.0601	TR	3101833	Бурса	boursa|brossa|broussa|brousse|brusa|brussa|bursa|prousa|бурса
city	Changsha	28.1987	112.9709	CN	3093980	Чанша	ch'ang sha hsien|ch'ang sha shih|ch'ang-sha-hsien|ch'ang-sha-shih|ch'angshahsien|ch'angshashih|chang-sha-hsien|chang-sha-shih|changsha|changsha city|chansha|чанша
city	Huainan	32.6264	116.9969	CN	3033528	Хуайнань	huainan|хуайнань
city	Haikou	20.0342	110.3465	CN	3001600	Хайкоу	ha k'uo shih|ha k'uo-shih|ha k'uoshih|ha kuo-shih|hai k'ou shih|hai-k'ou-shih|hai-k'ou-so-ch'eng|hai-kou-shih|hai-kou-so-cheng|haik how|haik'oushih|haik'ousoch'eng|haik-how|haikhow|haikou|haikou shi|haikow|haykou|heihow|hoi hao|hoihau|hoihow|хайкоу
city	Kyiv	50.4547	30.5238	UA	2952301	Киев	kiev|kiyev|kyiv|киев|киевом|киеву|кыйив|кіеу
city	Izmir	38.4127	27.1384	TR	2938292	Измир	azmir|i zmir|ismir|izmir|yazmir|измир|измір|ізмір
city	Huizhou	23.1115	114.4152	CN	2900113	Хуэйчжоу	hui chou|hui chou ch'eng|hui chou chen|hui yang|hui-chou|hui-chou-ch'eng|hui-chou-chen|hui-chou-cheng|hui-yang|huichou|huichou fu|huichou-fu|huichouch'eng|huichouchen|huichoufu|huiyang|huizhou|kuei shan|kuei-shan|kueishan|waichow|waichowfu|waiyeung|weichow|хойчжоу|хуейчжоу|хуэйчжоу
city	Yinchuan	38.4681	106.2731	CN	2859074	Иньчуань	ho lan|ho-lan|holan|ning hsia|ning-hsia|ninghsia|ningsia|ningsia hsien|ningsia-hsien|ningsiafu|ningsiahsien|yin ch'uan shih|yin-ch'uan-shih|yin-chuan-shih|yinch'uanshih|yinchuan|yinchuan shi|иньчуань|іньчуань
city	Baotou	40.6516	109.8439	CN	2761700	Баотоу	baotou|pao t'ou|pao tow|pao-t'ou|pao-tou|pao-tow|paot'ou|paotow|баатоу|баотоу|баотоу шаары
city	Linyi	35.0631	118.3428	CN	2743843	Линьи	i chou|i-chou|ichou|ichow|ichowfu|lan shan|lan-shan|lanshan|lin i|lin i hsien|lin i shih|lin-i|lin-i-hsien|lin-i-shih|lini|linihsien|linishih|linyi|liuyihsien|yichow|линьи
city	Baoding	38.8729	115.4625	CN	2739887	Баодин	baoding|ching yuang|ching-yuang|chingyuang|pao ting|pao ting shih|pao-ting|pao-ting-shih|paoting|paotingshih|tsingyuan|баодин|баодін
city	Minhang	31.1088	121.3747	CN	2716600	Минхан	min hang chen|min-hang-chen|ming hang|ming-hang|minghang|minhang|minhangchen|shang hai|shang-hai|shanghai|минхан
city	Bazhong	31.8694	106.7443	CN	2712894	Бачжун	bazhong|бачжун
city	Wenzhou	27.9994	120.6668	CN	2650000	Вэньчжоу	wen chou|wen chou shih|wen-chou|wen-chou-shih|wenchou|wenchoushih|wenchow|wenchow fu|wenchow-fu|wenchowfu|wenzhou|whenzou|yung chia|yung chia hsien|yung-chia|yung-chia-hsien|yungchia|yungchiahsien|yungkai|yungkia|yungkia hsien|yungkia-hsien|yungkiahsien|веньчжоу|вэньчжоу
city	Yunfu	22.9279	112.0381	CN	2612800	Юньфу	tung an|tung-an|tungan|wanfow|yunfu|юньфу
city	Xining	36.6255	101.7574	CN	2467965	Синин	hsi ning|hsi ning shih|hsi-ning|hsi-ning-shih|hsining|hsiningshih|sinin|sining|sining hsien|sining-hsien|siningfu|sininghsien|xining|xining shi|синин|сінін
city	Nanchang	28.6840	115.8531	CN	2357839	Наньчан	nan ch'ang hsien|nan ch'ang shih|nan-ch'ang-hsien|nan-ch'ang-shih|nan-chang-hsien|nan-chang-shih|nanch'anghsien|nanch'angshih|nanchang|nanchang fu|nanchang-fu|nanchangfu|наньчан
city	Boku	40.3777	49.8920	AZ	2351300	Баку	baku|baky|boku|баку|боку
city	Rome	41.8919	12.5113	IT	2318895	Рим	rom|roma|rome|рим|рым
city	Mashhad	36.2981	59.6057	IR	2307177	Мешхед	mashad|mashhad|meshed|машхад|мешхед|мешһед
city	Shaoxing	30.0024	120.5786	CN	2300000	Шаосин	shao hsing|shao-hsing|shaohing|shaohingfu|shaohsing|shaoxing|shaoxing city|шаосин|шаосін
city	Nantong	32.0303	120.8747	CN	2273326	Наньтун	nan t'ung|nan t'ung hsien|nan t'ung shih|nan-t'ung|nan-t'ung-hsien|nan-t'ung-shih|nan-tung|nan-tung-hsien|nan-tung-shih|nant'ung|nant'unghsien|nant'ungshih|nantong|t'ung chou|t'ung-chou|t'ungchou|tunchow|tung-chou|tungchow|наньтун
city	Baoshan	31.4084	121.4896	CN	2265900	Баошан	baoshan|pao shan|pao shan ch'eng|pao shan hsien|pao-shan|pao-shan-ch'eng|pao-shan-cheng|pao-shan-hsien|paoshan|paoshanch'eng|paoshanhsien|баошан
city	Gaziantep	37.0594	37.3825	TR	2222415	Газиантеп	antep|gazi ayintap|gazi-ayintap|gaziantep|gaziayintap|qaziantep|газиантеп|газіянтэп
city	Zhuhai	22.2769	113.5678	CN	2207090	Чжухай	chu hai|chu-hai|chuhai|heung chau|hsiang chou|hsiang chou chen|hsiang chou fou|hsiang-chou|hsiang-chou-chen|hsiang-chou-fou|hsiangchou|hsiangchouchen|hsiangchoufou|huengchow|xiangzhou|zhuhai|чжухай
city	Ordos	39.6086	109.7816	CN	2153638	Ордос	erdos|ordos|ордос
city	Paris	48.8534	2.3488	FR	2138551	Париж	parij|paris|париж|парыж
city	Qingyang	35.7098	107.6445	CN	2125400	Цинъян	qingyang|цинъян
city	Kunshan	31.3776	120.9543	CN	2092496	Куньшань	k'un shan ch'eng|k'un shan hsien|k'un-shan-ch'eng|k'un-shan-hsien|k'unshanch'eng|k'unshanhsien|kan shan|kan-shan|kanshan|kun-shan-cheng|kun-shan-hsien|kunshan|kunshan shi|yushan|yushan zhen|куншан|куньшань
city	Zunyi	27.6867	106.9072	CN	2037775	Цзуньи	tsun i|tsun i ch'eng|tsun i hsien|tsun i shih|tsun-i|tsun-i-ch'eng|tsun-i-cheng|tsun-i-hsien|tsun-i-shih|tsuni|tsunich'eng|tsunihsien|tsunishih|tsunyi|tsunyi hsien|tsunyi-hsien|tsunyihsien|zunyi|цзуньи
city	Lianyungang	34.5984	119.2156	CN	2001009	Ляньюньган	lianyungang|ляньюньган
city	Puning	23.3107	116.1687	CN	1998619	Пунин	liu sha chen|liu-sha-chen|liusha|liushachen|p'u ning hsien|p'u-ning-hsien|p'uninghsien|pu-ning-hsien|puning|пунин
city	Toshkent	41.2647	69.2163	UZ	1978028	Ташкент	tashkend|toshkent|toshkent shahri|ташкен|тошканд
city	Ganzhou	25.8466	114.9326	CN	1977253	Ганьчжоу	ganzhou|ganzhou shi|kan|kan chou|kan chou shih|kan hsien|kan-chou|kan-chou-shih|kan-hsien|kanchou|kanchoushih|kanchow|kanhsien|ганьчжоу
city	Almaty	43.2525	76.9115	KZ	1977011	Алматы	almati|almaty|алмаато|алмати|алматы
city	Hamburg	53.5507	9.9930	DE	1973896	Гамбург	gamburg|hamburg|hamburq|гамбург
city	Songjiang	31.0344	121.2233	CN	1973500	Сунцзян	songjiang|songjiang qu|sunchiang|sung chiang|sung chiang hsien|sung-chiang|sung-chiang-hsien|sungchiang|sungchianghsien|sungkiang|sungkiang hsien|sungkiang-hsien|sungkianghsien|sunkiang|sunkiangfu|сунцзян
city	Jieyang	23.5418	116.3658	CN	1899394	Цзеян	chieh yang|chieh yang hsien|chieh yung|chieh-yang|chieh-yang-hsien|chieh-yung|chiehyang|chiehyanghsien|chiehyung|chien yang|jieyang|kiehyang|kityang|kityang hsien|kityang-hsien|kityanghsien|rongcheng|цзеян
city	Jilin	43.8465	126.5608	CN	1895865	Цзилинь	chi lin|chi lin shih|chi ling|chi-lin|chi-lin-shih|chi-ling|chilin|chiling|chilinshih|girin|jilin|jilin city|kilin|kirin|yung chi|yung chi hsien|yung chi shih|yung-chi|yung-chi-hsien|yung-chi-shih|yungchi|yungchihsien|yungchishih|yungki|гирин|цзилинь
city	Jiading	31.3858	121.2446	CN	1886100	Цзядин	chia tang|chia ting|chia ting hsien|chia-tang|chia-ting|chia-ting-hsien|chiatang|chiating|chiatinghsien|jiading|jiadingzhen|jiadingzhen jiedao|kiating|kiating ku|цзядин
city	Bucharest	44.4323	26.1063	RO	1877155	Бухарест	bucharest|bukarest|buxarest|бухарест|бухарэст
city	Shangqiu	34.4143	115.6561	CN	1859723	Шанциу	kuei te|kuei-te|kueite|kweiteh|shang ch'in|shang ch'iu|shang ch'iu hsien|shang-ch'in|shang-ch'iu|shang-ch'iu-hsien|shang-chin|shang-chiu|shang-chiu-hsien|shangch'in|shangch'iu|shangch'iuhsien|shangkiu|shangkiuhsien|shangqiu|шанциу
city	Nanchong	30.7951	106.0847	CN	1858875	Наньчун	nan ch'ung|nan ch'ung hsien|nan ch'ung shih|nan'chun|nan-ch'ung|nan-ch'ung-hsien|nan-ch'ung-shih|nan-chung|nan-chung-hsien|nan-chung-shih|nanch'ung|nanch'unghsien|nanch'ungshih|nanchong|nanchun|shun ch'ing|shun'tsin|shun-ch'ing|shun-ching|shunch'ing|shunking|shuntsin|наньчун
city	Diyarbakir	37.9136	40.2172	TR	1833684	Диярбакыр	amida|diarbekir|diarbekr|dikranakerd|diyarbakir|diyarbekir|diyarbekr|диярбакыр|дыярбакыр|діярбакир
city	Adana	36.9862	35.3253	TR	1816750	Адана	adana|adhanah|адана
city	Nanyang	33.0052	112.5466	CN	1811812	Наньян	nan yang shih|nan-yang-shih|nanyan|nanyang|nanyangshih|наньян
city	Jiangmen	22.5833	113.0833	CN	1795459	Цзянмэнь	chiang men|chiang men ch'eng|chiang men shih|chiang-men|chiang-men-ch'eng|chiang-men-cheng|chiang-men-shih|chiangmen|chiangmench'eng|chiangmenshih|hsin hui|hsin hui hsien|hsin-hui|hsin-hui-hsien|hsinhui|hsinhuihsien|jiangmen|kongmoon|kongmoon city|kongmun|pakhai|sunwui|цзянмень|цзянмынь|цзянмэнь
city	Jiangyin	31.9110	120.2630	CN	1779515	Цзянъинь	chengjiang|chengjiang jiedao|chiang yin|chiang yin ch'eng|chiang yin hsien|chiang-yin|chiang-yin-ch'eng|chiang-yin-cheng|chiang-yin-hsien|chiangyin|chiangyinch'eng|chiangyinhsien|jiangyin|jiangyin shi|kiangyin|цзянъинь
city	Fuyang	32.9000	115.8167	CN	1768947	Фуян	fou yang|fou yang hsien|fou-yang|fou-yang-hsien|fouyang|fouyanghsien|fowyang|fowyang hsien|fowyang-hsien|fowyanghsien|fu yang shih|fu-yang-shih|fuyan|fuyang|fuyangshih|inchzhou|puyanghsien|ying chou|ying-chou|yingchou|yingchow|yingchow fu|yingchow-fu|yingchowfu|фуян
city	Bayan Nur	40.7414	107.3860	CN	1760000	Баян Нур	bayan nur|баян нур
city	Chengtangcun	35.0836	117.1907	CN	1756300	Тэнчжоу	chengtangcun|t'eng|t'eng hsien|t'eng-hsien|t'enghsien|teng|teng xian|teng-hsien|tengzhou|tengzhou shi|тэнчжоу
city	Chaozhou	23.6540	116.6226	CN	1750945	Чаочжоу	ch'ao an hsien|ch'ao chou|ch'ao chou chen|ch'ao chou shih|ch'ao-an-hsien|ch'ao-chou|ch'ao-chou-chen|ch'ao-chou-shih|ch'aoanhsien|ch'aochou|ch'aochouchen|ch'aochoushih|chao'an|chao-an-hsien|chao-chou|chao-chou-chen|chao-chou-shih|chaoan|chaochow|chaochowfu|chaozhou|chau chu fu|chauan|chauchow|чаочжоу
city	Minsk	53.9002	27.5665	BY	1742124	Минск	minsk|myensk|myenyesk|минск|мінск|мінськ
city	Budapest	47.4984	19.0404	HU	1741041	Будапешт	budapesht|budapest|будапешт
city	Qingyuan	23.7000	113.0333	CN	1738424	Цинъюань	qingcheng|qingyuan|цинъюань
city	Tai'an	36.1853	117.1200	CN	1735425	Тайань	t'ai an hsien|t'ai an shih|t'ai-an-hsien|t'ai-an-shih|t'aianhsien|t'aianshih|tai'an|tai-an-hsien|tai-an-shih|taian|taianfu|тайань
city	Varshava	52.2298	21.0118	PL	1702139	Варшава	phoenix city|varsavia|varshava|w wa|w-wa|warsaw|warszaw|wawa|wwa|варшава
city	Vienna	48.2085	16.3721	AT	1691468	Вена	vienna|viyana|vyana|вена|відень
city	Barcelona	41.3888	2.1590	ES	1686208	Барселона	barcelona|barselona|барселона
city	Changshu	31.6461	120.7422	CN	1677050	Чаншу	changshu|чаншу
city	Lu'an	31.7356	116.5169	CN	1644344	Луань	liu an|liu an hsien|liu-an|liu-an-hsien|liuan|liuanchow|liuanhsien|lu'an|lu'an shi|luan|luan shi|луань
city	Yancheng	33.3575	120.1573	CN	1615717	Яньчэн	yancheng|yancheng city|yen ch'eng|yen ch'eng chen|yen ch'eng hsien|yen-ch'eng|yen-ch'eng-chen|yen-ch'eng-hsien|yen-cheng|yen-cheng-chen|yen-cheng-hsien|yench'eng|yench'engchen|yench'enghsien|яньчэн
city	Novosibirsk	55.0226	82.9317	RU	1612833	Новосибирск	novosibirsk|nowosibirsk|новасібірск|новосибирск|новосибірськ|новосібір
city	Taizhou	32.4907	119.9081	CN	1607108	Тайчжоу	t'ai|t'ai chou|t'ai chou shih|t'ai hsien|t'ai hsien ch'eng|t'ai-chou|t'ai-chou-shih|t'ai-hsien|t'ai-hsien-ch'eng|t'aichou|t'aichoushih|t'aihsien|t'aihsiench'eng|tai|tai-chou|tai-chou-shih|tai-hsien|tai-hsien-cheng|taichow|taizhou|taizhou shi|тайчжоу
city	Daqing	46.5833	125.0000	CN	1604027	Дацин	an ta|an ta shih|an-ta|an-ta-shih|anda|anta|antashih|daqing|daqing city|sa erh t'u|sa-erh-t'u|sa-erh-tu|saerht'u|sartu|sha erh t'u|sha-erh-t'u|sha-erh-tu|shaerht'u|дацин|дацын
city	Wuhu	31.3526	118.4295	CN	1598165	Уху	wu hu hsien|wu hu shih|wu-hu-hsien|wu-hu-shih|wuhu|wuhu shi|wuhuhsien|wuhushih|уху
city	Dazhou	31.2106	107.4631	CN	1589435	Дачжоу	dasyan|dasyan'|daxian|dazhou|sui ting|sui ting fu|sui-ting|sui-ting-fu|suiting|suitingfu|suting|suydin|ta hsien|ta-hsien|tahsien|дачжоу
city	Guilin	25.2802	110.2964	CN	1572300	Гуйлинь	guilin|kuei lin|kuei lin shih|kuei-lin|kuei-lin-shih|kueilin|kueilinshih|kweilin|kweilin hsien|kweilin-hsien|kweilinhsien|lin kuei|lin kuei hsien|lin kwei|lin-kuei|lin-kuei-hsien|lin-kwei|ling ch'uan|ling-ch'uan|ling-chuan|lingch'uan|linkuei|linkueihsien|linkwei|гарадская акруга гуйлінь|гуйлинь
city	Zhaoqing	23.0489	112.4609	CN	1553109	Чжаоцин	chao ch'ing|chao ch'ing chen|chao chou|chao king|chao-ch'ing|chao-ch'ing-chen|chao-ching|chao-ching-chen|chao-chou|chao-king|chaoch'ing|chaoch'ingchen|chaochou|chaoking|kao yao|kao yao hsien|kao-yao|kao-yao-hsien|kaoyao|kaoyaohsien|koyiu|koyiu hsien|koyiu-hsien|koyiuhsien|koynihsien|shiuhing|shiuhingfu|zhaoqing|чжаоцин
city	Mianyang	31.4678	104.6817	CN	1550000	Мяньян	mianyang|mien chou|mien yang|mien yang hsien|mien-chou|mien-yang|mien-yang-hsien|mienchou|mienchow|mienyang|mienyanghsien|myan'yan|myanyan|мяньян
city	Isfahan	32.6525	51.6746	IR	1547164	Исфахан	aspadana|i sfahan|isfahan|isfahon|yspyhan|исфахан|исфахон|исфаһан|ісфахан
city	Wanzhou	30.7645	108.3959	CN	1545900	Ванжоу	wanzhou|ванжоу
city	Astana	51.1801	71.4460	KZ	1544142	Астана	astana|астана
city	Putian	25.4394	119.0103	CN	1539389	Путянь	hinghwa|hinghwafu|hsing hua|hsing-hua|hsinghua|p'u t'ien|p'u t'ien hsien|p'u-t'ien|p'u-t'ien-hsien|p'u-t'ien-hsien-ch'eng|p'ut'ien|p'ut'ienhsien|p'ut'ienhsiench'eng|pu-tien|pu-tien-hsien|pu-tien-hsien-cheng|putian|путянь
city	Jinzhou	41.1078	121.1417	CN	1524362	Цзиньчжоу	chien hsien|chien-hsien|chienhsien|chin|chin chou|chin chou shih|chin hsien|chin-chou|chin-chou-shih|chin-hsien|chinchou|chinchoushih|chinchow|chinhsien|jinzhou|kinchou|kintschou|цзиньчжоу|цзіньчжоу
city	Stockholm	59.3294	18.0687	SE	1515017	Стокгольм	stockholm|stokgolm|stokholm|stokolm|tukholma|стакгольм|стокгольм|стокхолм
city	Munich	48.1374	11.5755	DE	1505005	Мюнхен	munhen|munich|мюнхен
city	Yekaterinburg	56.8573	60.6153	RU	1495066	Екатеринбург	ekaterinburg|yekaterinburg|yekaterinburq|екатеринбург|свердловск
city	Quanzhou	24.9139	118.5858	CN	1469157	Цюаньчжоу	chin chiang|chin chiang hsien|chin-chiang|chin-chiang-hsien|chinchiang|chinchianghsien|quanzhou|tsin chiang|tsin-chiang|tsinchiang|tsingkianghsien|tsinkiang|zaitun|цюаньчжоу
city	Jinhua	29.1068	119.6442	CN	1463990	Цзиньхуа	chin hua|chin hua hsien|chin hua shih|chin-hua|chin-hua-hsien|chin-hua-hsien-ch'eng|chin-hua-hsien-cheng|chin-hua-shih|chinhua|chinhuahsien|chinhuahsiench'eng|chinhuashih|jinhua|jinhua shi|kinhwa|kinhwa hsien|kinhwa-hsien|kinhwafu|kinhwahsien|цзиньхуа
city	Cixi	30.1764	121.2457	CN	1457510	Цыси	cixi|cixi city|cixi shi|hu shan chen|hu-shan-chen|hu-shan-so-ch'eng|hu-shan-so-cheng|hushan|hushanchen|hushansoch'eng|tz'u ch'i|tz'u hsi|tz'u-ch'i|tz'u-hsi|tz'uch'i|tz'uhsi|tzu-chi|tzu-hsi|xushan|xushan jiedao|цыси
city	Changde	29.0321	111.6984	CN	1457419	Чандэ	ch'ang te|ch'ang te ch'eng|ch'ang te hsien|ch'ang te shih|ch'ang-te|ch'ang-te-ch'eng|ch'ang-te-hsien|ch'ang-te-shih|ch'angte|ch'angtech'eng|ch'angtehsien|ch'angteshih|chang-te|chang-te-cheng|chang-te-hsien|chang-te-shih|changde|changde shi|changteh hsien|changteh-hsien|changtehhsien|wuling|чандэ
city	Kayseri	38.7322	35.4853	TR	1452458	Кайсери	caesarea|casarea|eusebeia|kaisaria|kaisarie|kaisarije|kayseri|mazaca|qaisariye|qayseri|кайсери|кайсеры|кайсері
city	Kaifeng	34.7986	114.3074	CN	1451741	Кайфэн	k'ai feng hsien|k'ai feng shih|k'ai-feng-hsien|k'ai-feng-shih|k'aifenghsien|k'aifengshih|kai-feng-hsien|kai-feng-shih|kaifeng|kayfin|кайфен|кайфын|кайфэн
city	Karaj	35.8327	50.9915	IR	1448075	Карай	heredi|karadj|karadje|karaj|karej|kerec|keredi|leredi|карай|кередж|кереж
city	Baoji	34.3678	107.2370	CN	1437802	Баоцзи	baoji|баоцзи
city	Suqian	33.9492	118.2958	CN	1437685	Суцянь	hsui ch'ien|hsui-ch'ien|hsui-chien|hsuich'ien|su ch'eng chen|su ch'ien|su ch'ien ch'eng|su ch'ien hsien|su-ch'eng-chen|su-ch'ien|su-ch'ien-ch'eng|su-ch'ien-hsien|su-cheng-chen|su-chien|su-chien-cheng|su-chien-hsien|such'engchen|such'ien|such'iench'eng|such'ienhsien|suqian|sutsien|sutsienhsien|суцянь
city	Liuzhou	24.3240	109.4070	CN	1436599	Лючжоу	linzhou|liu chiang|liu chou|liu chou shih|liu-chiang|liu-chou|liu-chou-shih|liuchiang|liuchou|liuchoushih|liuchow|liuchowfu|liuzhou|ma p'ing|ma-p'ing|ma-ping|map'ing|mapinghsien|лючжоу
city	Konya	37.8713	32.4846	TR	1433861	Конья	conia|iconium|ikoniow|ko'niya|konia|konieh|koniya|konya|kuniya|kuniyah|qonia|конья
city	Zhangjiagang	31.8650	120.5389	CN	1432044	Чжанцзяган	sha chou|sha-chou|shachou|shazhou|yang she chen|yang she ying|yang-she-chen|yang-she-ying|yangshe|yangshechen|yangsheying|zhangjiagang|zhangjiagang shi|чжанцзяган
city	Tabriz	38.0800	46.2919	IR	1424641	Тебриз	tabriz|tauris|tebriz|табрез|тебриз|тэбрыз
city	Kharkiv	49.9818	36.2548	UA	1421125	Харьков	charkow|khar'kov|kharkiv|kharkov|харків|харьков
city	Jinjiang	24.8198	118.5742	CN	1416151	Цзиньцзян	ch'ing yang|ch'ing yang chen|ch'ing-yang|ch'ing-yang-chen|ch'ingyang|ch'ingyangchen|chin chiang|chin-chiang|chinchiang|ching-yang|ching-yang-chen|jinjiang|jinjiang shi|qingyang|qingyang zhen|цзиньцзян
city	Bozhou	33.8772	115.7703	CN	1409436	Бочжоу	boxian|bozhou|po hsien|po-hsien|pochow|pohsien|бочжоу
city	Qujing	25.4833	103.7833	CN	1408500	Цюйцзин	kutsinghsien|nan ning|nan-ning|nanning|qujing|цюйцзин
city	Zhanjiang	21.2339	110.3875	CN	1400709	Чжаньцзян	chan chiang|chan chiang shih|chan-chiang|chan-chiang-shih|chanchiang|chanchiangshih|chankiang|fort bayard|hsi ying|hsi-ying|hsiying|kwangchow|kwangchowan|kwangchowwan|tsamkong|zhanjiang|zhanjiang shi|чжаньцзян
city	Fushun	41.8867	123.9436	CN	1400646	Фушунь	chiu fu shun|chiu-fu-shun|chiufushun|fu shan|fu shun hsien|fu shun shih|fu-shan|fu-shun-hsien|fu-shun-shih|fushan|fushun|fushuncheng|fushunhsien|fushunshih|фушунь
city	Luoyang	34.6735	112.4368	CN	1390581	Лоян	honan|lo yand|lo yang|lo yang hsien|lo yang shih|lo-yand|lo-yang|lo-yang-hsien|lo-yang-shih|loyand|loyang|loyanghsien|loyangshih|luoyang|лаян|лоян|лоян шаары
city	Guankou	28.1586	113.6271	CN	1380000	Лиуянг	guankou|liu yang hsien|liu-yang-hsien|liuyang|liuyang shi|liuyanghsien|лиуянг
city	Milan	45.4643	9.1895	IT	1371498	Милан	mailand|mediolanum|milan|milano|милан|мілан
city	Lianjiang	21.6467	110.2817	CN	1363470	Ляньцзян	lei pei|lei-pei|leipei|liancheng|lianjiang|lien chiang|lien chiang hsien|lien-chiang|lien-chiang-hsien|lienchiang|lienchianghsien|limkong|limkong hsien|limkong-hsien|limkonghsien|lunkong|shih ch'eng|shih-ch'eng|shih-cheng|shihch'eng|ляньцзян
city	Handan	36.6100	114.4876	CN	1358318	Ханьдань	han tan|han tan hsien|han tan shih|han-tan|han-tan-hsien|han-tan-shih|handan|hantan|hantanhsien|hantanshih|ханьдань
city	Yichang	30.7144	111.2847	CN	1350150	Ичан	i ch'ang hsien|i ch'ang shih|i chang|i-ch'ang-hsien|i-ch'ang-shih|i-chang|i-chang-hsien|i-chang-shih|ich'anghsien|ich'angshih|ichang|tung hu|tung-hu|tunghu|yichang|ичан|ічан
city	Heze	35.2393	115.4736	CN	1346717	Хэцзэ	caozhou|heze|ho tse|ho tse shih|ho-tse|ho-tse-shih|hotse|hotseh|hotseh hsien|hotseh-hsien|hotsehhsien|hotseshih|ko tse|ko tse hsien|ko-tse|ko-tse-hsien|kotse|kotsehsien|ts'ao chou|ts'ao-chou|ts'aochou|ts'aochow|tsao-chou|tsaochow|tsaochowfu|хэцзэ
city	Antalya	36.9081	30.6956	TR	1335002	Анталия	adalia|antaliya|antaliyah|antalya|antayla|attalia|olbia|satalia|анталия|анталья
city	Liupanshui	26.5944	104.8333	CN	1320825	Люпаньшуй	liupanshui|люпаньшуй
city	Maoming	21.6663	110.9136	CN	1307802	Маомин	hsin p'o|hsin-p'o|hsin-po|hsinp'o|mao ming shih|mao-ming-shih|maoming|maomingshih|маомин
city	Qinzhou	21.9825	108.6506	CN	1296300	Циньчжоу	ch'in|ch'in chou|ch'in chou chen|ch'in hsien|ch'in-chou|ch'in-chou-chen|ch'in-chou-chuang-tsu-tzu-chih-hsien|ch'in-hsien|ch'inchou|ch'inchouchen|ch'inchouchuangtsutzuchihhsien|ch'inhsien|chin|chin-chou|chin-chou-chen|chin-chou-chuang-tsu-tzu-chih-hsien|chin-hsien|chinchow|qinzhou|yamchow|yamhsien|циньчжоу
city	Luohe	33.5742	114.0326	CN	1294974	Лохэ	lo he|lo ho|lo ho chai|lo ho shih|lo-he|lo-ho|lo-ho-chai|lo-ho-shih|lohe|loho|lohochai|lohoshih|luohe|t'a ho|t'a ho chai|t'a-ho|t'a-ho-chai|t'aho|t'ahochai|ta-ho|ta-ho-chai|лохэ
city	Xiangyang	32.0422	112.1448	CN	1294733	Сянъян	fancheng|fancheng zhen|hsiang fan|hsiang yang|hsiang yang hsien|hsiang-fan|hsiang-yang|hsiang-yang-hsien|hsiangfan|hsiangyang|hsiangyanghsien|siangfan|siangyang|siangyang hsien|siangyang-hsien|siangyanghsien|xiangfan|xiangfan shi|xiangyang|xiangyang shi|xiangyangfu|сян'ян|сянъян|сянян
city	Yangjiang	21.8556	111.9627	CN	1292987	Янцзян	chiang ch'eng chen|chiang-ch'eng-chen|chiang-cheng-chen|chiangch'engchen|jiangcheng|liang yang|liang-yang|liangyang|yang chiang|yang chiang hsien|yang-chiang|yang-chiang-hsien|yangchiang|yangchianghsien|yangjiang|yeungkong|yeungkong hsien|yeungkong-hsien|yeungkonghsien|янцзян
city	Yixing	31.3606	119.8202	CN	1285785	Исин	i ch'eng chen|i hsing|i hsing ch'eng|i hsing hsien|i-ch'eng-chen|i-cheng-chen|i-hsing|i-hsing-ch'eng|i-hsing-cheng|i-hsing-hsien|ich'engchen|ihing|ihsing|ihsingch'eng|ihsinghsien|yicheng|yicheng jiedao|yixing|yixing shi|исин
city	Qingpu	31.1539	121.1141	CN	1271424	Цинпу	ch'ing p'u|ch'ing p'u hsien|ch'ing-p'u|ch'ing-p'u-hsien|ch'ingp'u|ch'ingp'uhsien|ching-pu|ching-pu-hsien|qingpu|tsingpi hsien|tsingpu|tsingpu hsien|цинпу
city	Xuchang	34.0319	113.8630	CN	1265536	Сюйчан	jiangguanchi|syuychan|xuchang|сюйчан
city	Zigong	29.3416	104.7769	CN	1262064	Цзыгун	tzekung|tzeliuching|tzeliutsing|tzu kung|tzu kung shih|tzu liu ching|tzu-kung|tzu-kung-shih|tzu-liu-ching|tzukung|tzukungshih|tzuliuching|tzuliutsing|zigong|цзыгун
city	Nijniy Novgorod	56.3287	44.0020	RU	1259013	Нижний Новгород	nijni novgorod|nijnii novgorod|nishni nowgorod|nishni-nowgorod|nishnii nowgorod|nishnij nowgorod|nishninowgorod|nizhni novgorod|nizhni novqorod|nizhnii novgorod|nizhniy novgorod|nizhny novgorod|нижний новгород|нижній новгород
city	Xuzhou	34.2044	117.2839	CN	1253991	Сюйчжоу	xuzhou|сюйчжоу
city	Neijiang	29.5835	105.0622	CN	1251095	Нэйцзян	nei chiang|nei chiang hsien|nei chiang shih|nei-chiang|nei-chiang-hsien|nei-chiang-shih|neichiang|neichianghsien|neichiangshih|neijiang|neikiang|neikianghsien|нэйцзян
city	Shiraz	29.6103	52.5311	IR	1249942	Шираз	chimaz|schiras|shiraz|шероз|шираз|шыраз
city	Heshan	28.5694	112.3473	CN	1249807	Иян	heshan|heshan qu|i yang|i yang ch'eng|i yang hsien|i yang shih|i yeng|i-yang|i-yang-ch'eng|i-yang-cheng|i-yang-hsien|i-yang-shih|i-yeng|iyang|iyangch'eng|iyanghsien|iyangshih|iyeng|yiyang|yiyang hsien|yiyang shi|yiyang-hsien|yiyanghsien|иян
city	Qozon	55.7887	49.1221	RU	1243500	Казань	kasan|kazan|kazan'|qazan|qozon|казан|казань|казон
city	Jining	35.4050	116.5814	CN	1241012	Цзинин	chi ning|chi ning hsien|chi ning shih|chi-ning|chi-ning-hsien|chi-ning-shih|chining|chininghsien|chiningshih|jining|tsi ning hsien|tsi-ning-hsien|tsining|tsininghsien|цзинин|цзінін
city	Putuo	31.2510	121.3897	CN	1239100	Путуо	p'u t'o|p'u-t'o|p'ut'o|pu-to|putuo|путуо
city	Liaocheng	36.4506	116.0025	CN	1229768	Ляочэн	liao ch'eng hsien|liao ch'eng shih|liao-ch'eng-hsien|liao-ch'eng-shih|liao-cheng-hsien|liao-cheng-shih|liaoch'enghsien|liaoch'engshih|liaocheng|tung ch'ang|tung-ch'ang|tung-chang|tungch'ang|tungchangfu|ляочэн
city	Jinzhong	37.6840	112.7547	CN	1226617	Цзиньчжун	jinzhong|цзиньчжун
city	Changzhi	36.1839	113.1053	CN	1214940	Чанчжи	ch'ang chih|ch'ang chih hsien|ch'ang chih shih|ch'ang-chih|ch'ang-chih-hsien|ch'ang-chih-shih|ch'angchih|ch'angchihhsien|ch'angchihshih|chang chi|chang-chi|chang-chih|chang-chih-hsien|chang-chih-shih|changchi|changzhi|changzhi shi|handian|lu'an|lu'anfu|luan|luanfu|чанчжи
city	Tianshui	34.5795	105.7424	CN	1212791	Тяньшуй	tianshui|тяньшуй
city	Yangpu	31.2619	121.5190	CN	1210800	Янпу	yangpu|янпу
city	Chelyabinsk	55.1611	61.4288	RU	1202371	Челябинск	cheliabinsk|tcheliabinsk|tscheljabinsk|чалябінск|челябинск|челябі|челябінськ|чилобинск
city	Shymkent	42.3099	69.6004	KZ	1200000	Шымкент	chimkent|shymkent|чимкент|чымкен|шимкент|шымкент
city	Weinan	34.5035	109.5089	CN	1199290	Вэйнань	veynan|wei nan hsien|wei-nan-hsien|weinan|weinan shi|weinanhsien|вэйнань
city	Jiaxing	30.7522	120.7500	CN	1180000	Цзясин	chia hsing|chia hsing hsien|chia-hsing|chia-hsing-hsien|chia-hsing-hsien-ch'eng|chia-hsing-hsien-cheng|chiahsing|chiahsing fu|chiahsing-fu|chiahsingfu|chiahsinghsien|chiahsinghsiench'eng|jiaxing|ka shing fu|ka-shing-fu|kashing|kashing hsien|kashing-hsien|kashingfu|kashinghsien|цзясин|цзясін
city	Zhongwei	37.5113	105.1907	CN	1174600	Чжунвэй	chung wei|chung wei hsien|chung-wei|chung-wei-hsien|chungwei|chungweihsien|chzhunvey|zhongwei|zhongwei shi|чжунвэй
city	Omsk	54.9924	73.3686	RU	1172070	Омск	omsk|омбы|омск|омськ
city	Panjin	41.1210	122.0739	CN	1166481	Паньцзинь	panjin|паньцзинь
city	Prague	50.0880	14.4208	CZ	1165581	Прага	prag|prague|praha|прага
city	Jiujiang	29.7048	116.0021	CN	1164268	Цзюцзян	chiu chiang|chiu chiang hsien|chiu chiang shih|chiu-chiang|chiu-chiang-hsien|chiu-chiang-shih|chiuchiang|chiuchianghsien|chiuchiangshih|ciuciang|jiujiang|kiukiang|kiukiang hsien|kiukiang-hsien|kiukianghsien|te hua|te-hua|tehua|цзюцзян
city	Samara	53.2077	50.1355	RU	1163399	Самара	samara|самара
city	Copenhagen	55.6759	12.5655	DK	1153615	Копенгаген	copenhagen|kjobenhavn|kobenhavn|kopenhag|капэнгаген|копенгаген
city	Sofia	42.6975	23.3241	BG	1152556	София	sofia|sofija|sofiya|sofya|sredets|сафія|софия|софія
city	Anyang	36.0960	114.3828	CN	1146839	Аньянг	ahn yang|an yang hsien|an-yang-hsien|anyang|anyanghsien|chang te|chang-te|changte|changte fu|changte-fu|changtefu|changteh|changten|dengtalu|zhangde|аньян|аньянг
city	Yerevan	40.1776	44.5126	AM	1144700	Ереван	erevan|erewan|erivan|yerevan|ереван|ерэван
city	Fengxiang	30.8584	121.4678	CN	1140872	Фэнсян	fengsien|fengxiang|фэнсян
city	Bijie	27.3019	105.2863	CN	1137383	Бицзе	bijie|бицзе
city	Rostov-na-Donu	47.2200	39.7077	RU	1130305	Ростов-на-Дону	rostov|rostov don|rostov na donu|rostov on don|rostov-don|rostov-na-donu|rostov-on-don|rostovdon|rostovnadonu|rostovondon|rostow|rostow am don|растоу на доне|растоу-на-доне|растоунадоне|ростов|ростов на дону|ростов-на-дону|ростовнадону
city	Zhuzhou	27.8333	113.1500	CN	1129687	Чжучжоу	chu chou|chu chou shih|chu-chou|chu-chou-shih|chuchou|chuchoushih|chuchow|zhuzhou|zhuzhou shi|чжучжоу
city	Rui'an	27.7761	120.6586	CN	1125000	Жуйань	jui an|jui an hsien|jui-an|jui-an-hsien|jui-an-hsien-ch'eng|jui-an-hsien-cheng|juian|juianhsien|juianhsiench'eng|rui'an|ruian|жуйань
city	Ufa	54.7431	55.9678	RU	1120547	Уфа	oufa|ufa|уфа|үпү|үфі
city	Zoucheng	35.4006	116.9656	CN	1116692	Цзоучэн	chou hsien|chou-hsien|chouhsien|tsou|tsou hsien|tsou-hsien|tsouhsien|tsowhsien|zoucheng|zouxian|цзоучен|цзоучэн
city	Shangrao	28.4518	117.9429	CN	1116486	Шанжао	kuanghsin|kwangsin|shang jao|shang jao hsien|shang jao shih|shang-jao|shang-jao-hsien|shang-jao-shih|shangjao|shangjaohsien|shangjaoshih|shangrao|shangrao shi|xuri|шанжао
city	Huaibei	33.9744	116.7917	CN	1113321	Хуайбэй	huai pei|huai pei shih|huai-pei|huai-pei-shih|huaibei|huaipei|huaipeishih|sui hsi shih|sui-hsi-shih|suihsishih|хуайбэй
city	Xuhui	31.1959	121.4471	CN	1109800	Сухуй	siccawei|xuhui|сухуй
city	Meishan	30.0439	103.8370	CN	1107742	Мэйшань	mei chou|mei shan hsien|mei-chou|mei-shan-hsien|meichou|meichow|meishan|meishanhsien|meyshan|meyshan'|мэйшань
city	Krasnoyarsk	56.0374	92.9314	RU	1090811	Красноярск	krasnoyarsk|краснодор|краснояр|красноярск|кызылтас
city	Guigang	23.1160	109.5947	CN	1086327	Гуйган	guicheng|guigang|guixian|kuei|kuei hsien|kuei-hsien|kueihsien|kweihsien|гуйган
city	Hengyang	26.8895	112.6189	CN	1075516	Хэнъян	henchow|heng chou|heng nan|heng nan hsien|heng yang ch'eng|heng yang shih|heng-chou|heng-nan|heng-nan-hsien|heng-yang-ch'eng|heng-yang-cheng|heng-yang-shih|hengchou|hengchow|hengchowfu|hengnan|hengnanhsien|hengyang|hengyang hsien|hengyang-hsien|hengyangch'eng|hengyanghsien|hengyangshih|хэнъян
city	Yulin	22.6305	110.1469	CN	1056743	Юйлинь	watlam|watlam hsien|watlam-hsien|watlamhsien|yo ling|yo-ling|yoling|yulin|юйлинь
city	Jingzhou	30.3503	112.1903	CN	1052282	Цзинчжоу	chiang ling|chiang ling hsien|chiang-ling|chiang-ling-hsien|chiangling|chianglinghsien|ching chou|ching-chou|chingchou|chingchou fu|chingchou-fu|chingchoufu|jiangling|jingzhou|kiangling|kiangling hsien|kiangling-hsien|kianglinghsien|kingchow|kingchowfu|kingling|цзинчжоу
city	Tbilisi	41.6914	44.8341	GE	1049498	Тбилиси	tbilisi|tbilsi|tblisi|tiflis|tpilisi|тбилиси|тбілісі
city	Voronej	51.6683	39.1920	RU	1047549	Воронеж	voronezh|woronesh|воронеж|воронежская область
city	Xinxiang	35.1903	113.8015	CN	1047088	Синьсян	hsin hsiang|hsin hsiang hsien|hsin hsiang shih|hsin-hsiang|hsin-hsiang-hsien|hsin-hsiang-shih|hsinghsiang|hsinhsiang|hsinhsianghsien|hsinhsiangshih|nangandao|singsieng|sinsiang hsien|sinsiang-hsien|sinsianghsien|xinxiang|синьсян
city	Yichun	27.8333	114.4000	CN	1045952	Ичунь	i ch'un|i ch'un chen|i ch'un hsien|i-ch'un|i-ch'un-chen|i-ch'un-hsien|i-chun|i-chun-chen|i-chun-hsien|ich'un|ich'unchen|ich'unhsien|yichun|yichun shi|yuen chow fu|yuen-chow-fu|yuenchowfu|ичунь
city	Xianyang	34.3378	108.7026	CN	1034081	Саньян	hsien yang|hsien yang hsien|hsien yang shih|hsien-yang|hsien-yang-hsien|hsien-yang-shih|hsienyang|hsienyanghsien|hsienyangshih|sienyanghsien|syanyan|xianyang|xianyang shi|саньян|сяньян
city	Sanya	18.2543	109.5095	CN	1031396	Санья	sama|samah|san ah|san ya chen|san ya chiang|san-ah|san-ya-chen|san-ya-chiang|san-ya-chiang-shih|sanah|sanya|sanyachen|sanyachiang|sanyachiangshih|ya hsien|ya xian|ya-hsien|yahsien|yai hsien|yai-hsien|yaihsien|yehsien|санья
city	Ashxabad	37.9500	58.3833	TM	1030063	Ашхабад	ashgabat|ashkabad|ashkhabad|ashqabad|ashxobod|askabad|askhabad|ашгабад|ашгабат|ашкобод|ашхабад
city	Shaoguan	24.8000	113.5833	CN	1028460	Шаогуань	chao kuan|chao-kuan|chaokuan|kakong|kiukianghsien|shao chou|shao kuan|shao-chou|shao-kuan|shaochou|shaoguan|shaokuan|shaokwan|shiuchow|shiukuan|шаогуань
city	Longyan	25.0749	117.0178	CN	1025087	Лунъянь	longyan|longyan shi|lung yen|lung yen hsien|lung-yen|lung-yen-hsien|lungyen|lungyenchow|lungyenhsien|лунъянь
city	Koeln	50.9333	6.9500	DE	1024621	Кёльн	augusta ubiorum|cologne|colonia agrippinensis|koeln|kyoln|кельн
city	Yongzhou	26.4239	111.6131	CN	1020715	Юнчжоу	langlin|lingling|yongzhou|yung chou|yung chow fu|yung-chou|yung-chow-fu|yungchou|yungchow|yungchowfu|юнчжоу
city	Brussels	50.8505	4.3488	BE	1019022	Брюссель	brussels|city of brussels|брусэль|брюсель|брюссель
city	Huzhou	30.8703	120.0933	CN	1015937	Хучжоу	hu chou|hu chou shih|hu-chou|hu-chou-shih|huchou|huchoushih|huchow|huchowfu|huhinghsien|huzhou|huzhou city|huzhou shi|wu hsing|wu-hsing|wu-hsing-hsien-ch'eng|wu-hsing-hsien-cheng|wuhsing|wuhsinghsiench'eng|wuxing|хучжоу
city	Xinyi	22.3730	110.9475	CN	1014577	Синьи	dongzhen|hsin i|hsin-i|hsini|tung chen|tung chen chen|tung-chen|tung-chen-chen|tungchen|tungchenchen|xinyi|синьи
city	Volgograd	48.7138	44.4976	RU	1013533	Волгоград	volgograd|volqoqrad|валгаград|волгоград
city	Odesa	46.4857	30.7438	UA	1010537	Одесса	odesa|odesa mama|odesa-mama|odesamama|odessa|адэса|жемчужина у моря|одеса|одесса|перлина чорного моря|південна пальміра|південна столиця|столица юмора|южная столица
city	Wuwei	37.9267	102.6320	CN	1010295	Увэй	liang chou|liang chow|liang-chou|liang-chow|liangchou|liangchow|liangzhou|wu wei hsien|wu-wei-hsien|wuwei|wuwei shi|wuweihsien|увэй
city	Yishui	35.7847	118.6281	CN	1007100	Ишуй	i shui|i shui hsien|i-shui|i-shui-hsien|ishui|ishuihsien|yishui|ишуй
city	Hanzhong	33.0751	107.0221	CN	1006557	Ханьчжун	han chung|han chung fu|han chung shih|han-chung|han-chung-fu|han-chung-shih|hanchung|hanchungfu|hanchungshih|hantai|hantai qu|hanzhong|hanzhong shi|khan'chzhun|khanchzhun|nan cheng|nan cheng hsien|nan'chzhen|nan-cheng|nan-cheng-hsien|nancheng|nanchenghsien|nanchzhen|ханьчжун
city	Hezhou	24.4036	111.5667	CN	1005490	Хэчжоу	hezhou|хэчжоу
city	Zhu Cheng City	35.9950	119.4026	CN	1000000	Чжучэн	zhu cheng city|чжучэн
city	Dongying	37.4627	118.4917	CN	998968	Дуньин	dongying|dongying city|shengli|shengli jiedao|tung ying|tung-ying|tungying|дунъин|дуньин
city	Meizhou	24.2886	116.1177	CN	992351	Мэйчжоу	chia ying|chia-ying|chiaying|kaying|mei|mei ch'eng chen|mei hsien|mei-ch'eng-chen|mei-cheng-chen|mei-hsien|meich'engchen|meihsien|meixian|meizhou|meizhou shi|мэйчжоу
city	Yueyang	29.3745	113.0948	CN	991465	Юэян	yochau|yochow|youchou|yueyang|юэян
city	Laiwu	36.1928	117.6569	CN	989535	Лайу	chiu lai wu|chiu-lai-wu|chiulaiwu|lai wu hsien|lai-wu-hsien|laiwu|laiwuhsien|лайу
city	Esenyurt	41.0270	28.6773	TR	983571	Есенюрт	esenyurt|есенюрт
city	Perm	58.0105	56.2502	RU	982419	Пермь	perm|перм|пермь
city	Pingdingshan	33.7309	113.3155	CN	979130	Пиндиншань	chu ko chen|chu ko miao|chu-ko-chen|chu-ko-miao|chukochen|chukomiao|p'ing ting shan|p'ing-ting-shan|p'ing-ting-shan-shih|p'ingtingshan|p'ingtingshanshih|pindinshan|pindinshan'|ping-ting-shan|ping-ting-shan-shih|pingdingshan|пиндиншань
city	Bengbu	32.9408	117.3608	CN	972784	Бэнбу	bangbu|bengbu|pang fou|pang fou shih|pang pu|pang-fou|pang-fou-shih|pang-pu|pangfou|pangfoushih|pangpu|peng pu|peng-pu|pengpu|бэнбу
city	Dnipro	48.4666	35.0407	UA	968502	Днепр	dnepr|dnipro|днепр|дніпро
city	Feicheng	36.2486	116.7658	CN	968100	Фэйчэн	fei ch'eng hsien|fei-ch'eng-hsien|fei-cheng-hsien|feich'enghsien|feicheng|feychen|xincheng|фэйчэн
city	Sanhe	39.9805	117.0689	CN	965075	Саньхэ	san ho|san ho hsien|san-ho|san-ho-ch'eng-kuan|san-ho-cheng-kuan|san-ho-hsien|sanhe|sanho|sanhoch'engkuan|sanhohsien|sunhohsien|саньхэ
city	Guli	28.8816	120.0331	CN	964203	Гули	guli|yongkang|yung k'ang|yung k'ang hsien|yung-k'ang|yung-k'ang-hsien|yung-kang|yung-kang-hsien|yungk'ang|yungk'anghsien|гули
city	Xiangtan	27.8500	112.9000	CN	959303	Сянтань	hsiang t'an ch'eng|hsiang t'an hsien|hsiang t'an shih|hsiang tan|hsiang-t'an-ch'eng|hsiang-t'an-hsien|hsiang-t'an-shih|hsiang-tan|hsiang-tan-cheng|hsiang-tan-hsien|hsiang-tan-shih|hsiangt'anch'eng|hsiangt'anhsien|hsiangt'anshih|hsiangtan|siangtan|siangtanhsien|xiangtan|сянтань
city	Linfen	36.0889	111.5189	CN	959198	Линьфынь	lin fen hsien|lin-fen-hsien|linfen|linfen shi|linfenhsien|pingyang|pingyangfu|saratsi|yaodu qu|линьфынь|линьфэнь
city	Zhenjiang	32.2109	119.4551	CN	950516	Чжэньцзян	chen chiang|chen chiang ch'eng|chen chiang hsien|chen chiang shih|chen-chiang|chen-chiang-ch'eng|chen-chiang-cheng|chen-chiang-hsien|chen-chiang-shih|chenchiang|chenchiangch'eng|chenchianghsien|chenchiangshih|chenkiang|chinkiang|chinkiang fu|chinking|tan t'a|tan t'u|tan-t'a|tan-t'u|tan-ta|tan-tu|tant'a|tant'u|tantuhsien|zhenjiang|zhenjiang shi|чжэньцзян
city	Huludao	40.7524	120.8355	CN	944495	Хулудао	hu lu tao|hu-lu-tao|hu-lu-tao-hsien|huludao|hulutao|hulutaohsien|koroto|хулудао
city	Baoshan (CN)	25.1163	99.1637	CN	935618	Баошань	baoshan|pao shan|pao shan hsien|pao-shan|pao-shan-hsien|paoshan|paoshanhsien|yungchang|yungchang fu|yungchang-fu|yungchangfu|баошань
city	Eskisehir	39.7767	30.5206	TR	921630	Эскишехир	eski shahr|eski shehir|eski shehr|eskischehir|eskisehir|eskisheher|ескишехир|ескішехір|эскишехир|эскішэхір
city	Chengde	40.9519	117.9588	CN	920395	Чэндэ	ch'eng te|ch'eng te hsien|ch'eng te shih|ch'eng-te|ch'eng-te-hsien|ch'eng-te-shih|ch'engte|ch'engtehsien|ch'engteshih|cheng-te|cheng-te-hsien|cheng-te-shih|chengde|chengteh|je ho|je-ho|jeho|jehoi|jehol|jo ho|jo-ho|joho|tschongto|чэндэ
city	Laibin	23.7474	109.2222	CN	910282	Лайбинь	lai pin|lai pin chen|lai pin hsien|lai-pin|lai-pin-chen|lai-pin-hsien|laibin|laipin|laipinchen|laiping|laipinhsien|лайбинь
city	Naples	40.8522	14.2681	IT	909048	Неаполь	naples|napoli|neapol|неапаль|неаполь
city	Xiaogan	30.9269	113.9222	CN	908266	Сяогань	hsiao kan|hsiao kan hsien|hsiao-kan|hsiao-kan-hsien|hsiaokan|hsiaokanhsien|siaokan|siaokanhsien|xiaogan|сяогань
city	Wuchuan	21.4571	110.7659	CN	907354	Учуань	hai lu|hai-lu|hailu|mei lu shih|mei mao|mei-lu-shih|mei-mao|meilu|meilushih|meimao|muiluk|wuchuan|учуань
city	Ziyang	30.1211	104.6481	CN	905729	Цзыян	tzeyang|tzeyang hsien|tzeyang-hsien|tzeyanghsien|tzu yang|tzu yang hsien|tzu-yang|tzu-yang-hsien|tzuyang|tzuyanghsien|yanjiang|ziyang|цзыян
city	Quzhou	28.9594	118.8686	CN	902767	Цюйчжоу	chu chow|chu-chow|chuchow|chuchowfu|quxian|quzhou|цюйчжоу
city	Donetsk	48.0230	37.8022	UA	901645	Донецк	aleksandrovka|donbas city|donbas siti|donbas-siti|donbassiti|donesk|donetsk|donetske|gorod milliona roz|hughesovka|jusow|jusowka|kalhorod|kalok|misto miliona troiand|misto milyona troyand|shakhtarska stolytsia|shakhtarska stolytsya|solov'ianenkove|solov'yanenkove|solovianenkove|solovyanenkove|stalin|stalino|yuzov|yuzovka|yuzovo|город миллиона роз|данецк|донбас сіті|донбас-сіті|донбассіті|донецк|донецьк|донецьке|калгород|калок|місто мільйона троянд|солов'яненкове|соловяненкове|шахтарська столиця
city	Qom	34.6401	50.8764	IR	900000	Кум	ghom|kum|qom|qum|кум|кум шаары
city	Bishkek	42.8700	74.5900	KG	900000	Бишкек	bishkek|frunze|pishkek|pishpek|бишкек|бішкек
city	Krasnodar	45.0453	38.9818	RU	899541	Краснодар	ekaterinodar|krasnodar|yekaterinodar|краснодар
city	Pingxiang	27.6167	113.8535	CN	893550	Пинсян	dingsiang|p'ing hsiang|p'ing hsiang chen|p'ing hsiang hsien|p'ing hsiang shih|p'ing-hsiang|p'ing-hsiang-chen|p'ing-hsiang-hsien|p'ing-hsiang-hsien-ch'eng|p'ing-hsiang-shih|p'inghsiang|p'inghsiangchen|p'inghsianghsien|p'inghsianghsiench'eng|p'inghsiangshih|ping-hsiang|ping-hsiang-chen|ping-hsiang-hsien|ping-hsiang-hsien-cheng|ping-hsiang-shih|pingsiang|pingsiang hsien|pingsiang-hsien|pingsianghsien|pingxiang|pingxiang shi|пинсян
city	Zhoushan	29.9887	122.2049	CN	882932	Чжоушань	dinghai qu|zhoushan|zhoushan shi|чжоушань
city	Qiqihar	47.3392	123.9615	CN	882364	Цицикар	ch'i-ch'i-ha-erh|ch'i-ch'i-ha-erh-shih|ch'ich'ihaerh|ch'ich'ihaerhshih|chi-chi-ha-erh|chi-chi-ha-erh-shih|jijihaer|lung chiang|lung chiang hsien|lung-chiang|lung-chiang-hsien|lungchiang|lungchianghsien|lungkiang|qiqiha'er|qiqiha'er shi|qiqihaer|qiqihaer shi|qiqihar|tsitsihar|zizikar|цицикар|ціцікар
city	Marseille	43.2970	5.3811	FR	877215	Марсель	marseille|marseilles|marsella|marsey|marsiglia|marsilya|марсель
city	Laiyang	36.9758	120.7136	CN	872000	Лайян	lai yang hsien|lai yank|lai-yang-hsien|lai-yank|laiyang|laiyanghsien|laiyank|лайян
city	Daye	30.0833	114.9500	CN	871214	Дае	daye|ta ye li|ta yeh|ta yeh ch'eng|ta yeh hsien|ta-ye-li|ta-yeh|ta-yeh-ch'eng|ta-yeh-cheng|ta-yeh-hsien|tayeh|tayehch'eng|tayehhsien|tayeli|дае
city	Ankang	32.6800	109.0172	CN	870126	Анкан	an k'ang hsien|an-k'ang-hsien|an-kang-hsien|ank'anghsien|ankang|hingan|hinganfu|hsing an|hsing-an|hsingan|xing'an|xingan|анкан
city	Rotterdam	51.9225	4.4792	NL	868135	Роттердам	rotterdam|ратэрдам|роттердам
city	Langfang	39.5208	116.7147	CN	868066	Ланфан	an tz'u|an-tz'u|an-tzu|anci|antz'u|lang fang chen|lang-fang-chen|langfang|langfangchen|ланфан
city	Lhasa	29.6500	91.1000	CN	867900	Лхаса	la sa shih|la-sa-shih|lasa|lasashih|lhasa|lhasa shi|lhassa|лхаса|лхаса шаары
city	Jiaozuo	35.2392	113.2391	CN	865413	Цзяоцзо	chiao tso|chiao tso chen|chiao tso shih|chiao-tso|chiao-tso-chen|chiao-tso-shih|chiaotso|chiaotsochen|chiaotsoshih|jiaozuo|tsiaotso|tszyaotszochzhen|цзяоцзо
city	Benxi	41.2886	123.7650	CN	865215	Бэньси	benxi|pen ch'i|pen ch'i hsien|pen ch'i hu|pen ch'i shih|pen hsi|pen hsi shih|pen shi|pen-ch'i|pen-ch'i-hsien|pen-ch'i-hu|pen-ch'i-shih|pen-chi|pen-chi-hsien|pen-chi-hu|pen-chi-shih|pen-hsi|pen-hsi-shih|pench'i|pench'ihsien|pench'ihu|pench'ishih|penhsi|penhsishih|penki|penkihu|беньсі|бэньси
city	Wanxian	30.8160	108.3741	CN	859662	Вансянь	gaosuntang|wan|wan hsien shih|wan-hsien-shih|wanhsienshih|wanxian|вансянь
city	Guang'an	30.4741	106.6370	CN	858159	Гуанъань	guang'an|guangan|kuang an|kuang an hsien|kuang-an|kuang-an-hsien|kuangan|kuanganhsien|kwang an hsien|kwang-an-hsien|kwangan|kwanganchow|kwanganhsien|nonghui|гуанъань
city	Turin	45.0705	7.6868	IT	847287	Турин	torino|turin|турин|турын
city	Saratov	51.5405	45.9901	RU	844858	Саратов	saratov|saratow|saretow|саратау|саратов
city	Ulan Bator	47.9077	106.8832	MN	844818	Улан-Батор	ourga|ulaan baatar|ulaan baatar hoto|ulaanbaatar|ulaanbaator|ulaanbaator hota|ulaanbaatur|ulan bator|ulan bator hoto|ulan bator khoto|ulan batur|ulan-bator khoto|ulanbator khoto|uranbatoru|urga|uruga|улан батор|улан-батор|уланбатор|ұланбатыр
city	Weihai	37.5091	122.1136	CN	844310	Вэйхай	wei hai shih|wei hai wei|wei-hai-shih|wei-hai-wei|wei-hai-wei-shih|weihai|weihai shi|weihaishih|weihaiwei|weihaiweishih|вэйхай
city	Ahvaz	31.3190	48.6842	IR	841145	Ахваз	ahvaz|ahvoz|ahwaz|ахваз|ахваз шаары|ахвоз
city	Shangyu	30.0156	120.8711	CN	839747	Шанъюй	baiguan|pai kuan|pai kuan chen|pai-kuan|pai-kuan-chen|paikuan|paikuanchen|pekwan|pokwan|shangyu|шанъюй
city	Xinyu	27.8043	114.9334	CN	839488	Синьюй	xinyu|xinyu shi|синьюй
city	Yibin	28.7593	104.6399	CN	836340	Ибинь	i pin|i pin hsien|i pin shih|i-pin|i-pin-hsien|i-pin-shih|ipin|ipinhsien|ipinshih|suifu|xufu|xuzhou cheng|yibin|yibin shi|ибинь
city	Taicang	31.4478	121.0939	CN	831113	Тайцан	chengxiang|chengxiang zhen|t'ai ts'ang|t'ai ts'ang ch'eng|t'ai ts'ang hsien|t'ai-ts'ang|t'ai-ts'ang-ch'eng|t'ai-ts'ang-hsien|t'aits'ang|t'aits'angch'eng|t'aits'anghsien|tai-tsang|tai-tsang-cheng|tai-tsang-hsien|taicang|taicang shi|тайцан
city	Valencia	39.4739	-0.3797	ES	824340	Валенсия	valence|valencia|valensiya|валенсия|валенсія
city	Jinshan	30.8356	121.2937	CN	822776	Цзиншан	jinshan|цзиншан
city	Chenzhou	25.8000	113.0333	CN	822534	Чэньчжоу	ch'en|ch'en chou shih|ch'en hsien|ch'en-chou-shih|ch'en-hsien|ch'enchoushih|ch'enhsien|chen|chen-chou-shih|chen-hsien|chenchow|chenzhou|чэньчжоу
city	Krakow	50.0614	19.9366	PL	816614	Краков	cracovia|cracovie|cracow|krakau|krakov|krakow|кракау|краков|краків
city	Dandong	40.1292	124.3947	CN	815858	Даньдун	an tung hsien|an tung shih|an-tung-hsien|an-tung-shih|antung|antunghsien|antungshih|dandong|sha ho ch'en|sha ho tzu|sha-ho-ch'en|sha-ho-chen|sha-ho-tzu|shahoch'en|shahotzu|tan tung|tan tung shih|tan-tung|tan-tung-shih|tantung|tantungshih|даньдун
city	Anqing	30.5136	117.0472	CN	804493	Аньцин	an ch'ing|an ch'ing ch'eng|an ch'ing shih|an-ch'ing|an-ch'ing-ch'eng|an-ch'ing-shih|an-ching|an-ching-cheng|an-ching-shih|anch'ing|anch'ingch'eng|anch'ingshih|anking|anqing|anqing shi|huai ning|huai ning hsien|huai-ning|huai-ning-hsien|huaining|huaininghsien|hwaining|hwaining hsien|hwaining-hsien|hwaininghsien|nganking|аньцин|аньцін
city	Xingtai	37.0622	114.4927	CN	798770	Синтай	chin t'ai|chin-t'ai|chin-tai|chint'ai|hsing t'ai|hsing t'ai hsien|hsing tai shih|hsing-t'ai|hsing-t'ai-hsien|hsing-tai|hsing-tai-hsien|hsing-tai-shih|hsingt'ai|hsingt'aihsien|hsingtaishih|setay|shun te|shun'de|shun-te|shunde|shunte|shunteh|shuntehfu|singtai|xingtai|yingtaihsien|синтай|сінтай
city	Cankaya	39.9179	32.8627	TR	792189	Чанкая	cankaya|чанкая
city	Kuecuekcekmece	40.9910	28.7712	TR	792030	Куеджуекджекмедже	cekmece|kuchuk chekmejeh|kuecuekcekmece|куеджуекджекмедже
city	Zhaotong	27.3167	103.7167	CN	787845	Чжаотун	chao t'ung|chao t'ung hsien|chao-t'ung|chao-t'ung-hsien|chao-tung|chao-tung-hsien|chaot'ung|chaot'unghsien|en an|en an hsien|en-an|en-an-hsien|enan|enanhsien|zhaotong|zizipuwu|чжаотун
city	Panzhihua	26.5851	101.7128	CN	787177	Паньчжихуа	panzhihua|паньчжихуа
city	Chuzhou	32.3219	118.2978	CN	782671	Чучжоу	ch'u|ch'u hsien|ch'u-hsien|ch'uhsien|chu|chu-hsien|chuchow|chuxian|chuzhou|чучжоу
city	Xuancheng	30.9525	118.7553	CN	774332	Суаньчэн	ning kuo|ning-kuo|ningkuo|ningkwo|ningkwofu|xuancheng|xuanzhou|суаньчэн
city	Tyumen	57.1522	65.5272	RU	768358	Тюмень	tyumen|tyumen'|тюмень|түмен|түмень|цюмень
city	Erzurum	39.9086	41.2769	TR	767848	Эрзурум	ard ar rum|ard-ar-rum|ardarrum|arzan ar rum|arzan-ar-rum|arzanarrum|arzirum|carana|erserum|erzerum|erzirum|erzurum|kalikala|karin|theodosiopolis|ерзурум|эрзурум
city	Anshun	26.2500	105.9333	CN	765313	Аньшунь	an shun hsien|an shun shih|an-shun-hsien|an-shun-hsien-ch'eng|an-shun-hsien-cheng|an-shun-shih|anshun|anshunfu|anshunhsien|anshunhsiench'eng|anshunshih|p'u ting|p'u-ting|p'uting|pu-ting|аньшунь
city	Wuzhou	23.4805	111.2885	CN	761948	Учжоу	ts'ang wu|ts'ang wu hsien|ts'ang-wu|ts'ang-wu-hsien|ts'angwu|ts'angwuhsien|tsang-wu|tsang-wu-hsien|wu chou|wu chou shih|wu-chou|wu-chou-shih|wuchou|wuchoushih|wuchow|wuzhou|учжоу
city	Qinhuangdao	39.9410	119.5894	CN	759718	Циньхуандао	ch'in huang tao|ch'in-huang-tao|ch'in-huang-tao-shih|ch'inhuangtao|ch'inhuangtaoshih|chin-huang-tao|chin-huang-tao-shih|ching wang tao|chinwangtao|qinhuangdao|циньхуандао|ціньхуандао
city	Shaoyang	27.2382	111.4621	CN	753194	Шаоян	baoqing|pao ch'ing|pao king fu|pao-ch'ing|pao-ch'ing-hsien-ch'eng|pao-ching|pao-ching-hsien-cheng|pao-king-fu|paoch'ing|paoch'inghsiench'eng|paoking|paoking hsien|paoking-hsien|paokingfu|paokinghsien|shao yang ch'eng|shao yang hsien|shao yang shih|shao-yang-ch'eng|shao-yang-cheng|shao-yang-hsien|shao-yang-shih|shaoyang|shaoyangch'eng|shaoyanghsien|shaoyangshih|шаоян
city	Malatya	38.3502	38.3167	TR	750491	Малатья	malatia|malatiyah|malatya|melitene|малатья|малатя
city	Andijon	40.7834	72.3507	UZ	747800	Андижан	andican|andidzhan|andijan|andijon|andizhan|андижан|андижон
city	Hegang	47.3473	130.2903	CN	743307	Хэган	hao kang|hao kang shih|hao-kang|hao-kang-shih|haokang|haokangshih|hegang|hegang shi|hingshanchen|hinshanchen|ho kang|ho-kang|hokang|hsiangyuantun|hsing shan|hsing shan chen|hsing shan chieh|hsing-shan|hsing-shan-chen|hsing-shan-chieh|hsinganchen|hsingshan|hsingshanchen|hsingshanchieh|khegan|sinshan chzhen|хэган
city	Riga	56.9460	24.1059	LV	742572	Рига	riga|rija|riqa|рига|рыга
city	Zhuanghe	39.7008	122.9911	CN	742496	Чжуанхэ	chuang ho|chuang ho chen|chuang ho chieh|chuang ho hsien|chuang-ho|chuang-ho-chen|chuang-ho-chieh|chuang-ho-hsien|chuangho|chuanghochen|chuanghochieh|chuanghohsien|chwangho|zhuanghe|чжуанхэ
city	Amsterdam	52.3740	4.8897	NL	741636	Амстердам	amsterdam|amstyerdam|амстердам|амстэрдам
city	Ma'anshan	31.6858	118.5101	CN	741531	Мааньшань	kai yuan|kai-yuan|kaiyuan|ma'anshan|ma'anshan shi|ma-an-shan-shih|maanshan|maanshan shi|maanshanshih|mang shan|mang-shan|mangshan|мааньшань
city	Bagcilar	41.0390	28.8567	TR	740069	Багджылар	bagcilar|багджылар
city	Shizuishan	38.9808	106.3892	CN	739400	Шизуйшан	shizuishan|шизуйшан
city	Deyang	31.1302	104.3820	CN	735070	Дэян	deyan|deyang|te yang|te yang hsien|te-yang|te-yang-hsien|tehyang|tehyang hsien|tehyang-hsien|tehyanghsien|teyang|teyanghsien|дэян
city	Yangquan	37.8575	113.5633	CN	731228	Янцюань	yangquan|yangquan shi|янцюань
city	Zhumadian	32.9838	114.0259	CN	721670	Чжумадянь	chu ma tien|chu-ma-tien|chu-ma-tien-chen|chu-ma-tien-shih|chumatien|chumatienchen|chumatienshih|hsin chuang|hsin-chuang|hsinchuang|zhumadian|чжумадянь
city	Lviv	49.8383	24.0232	UA	717273	Львов	l'vov|leopolis|lviv|lvov|lwiw|львив|львов|львоу|львів
city	Namangan	40.9983	71.6726	UZ	713220	Наманган	namangan|nemengan|наманган
city	Zaporizhzhya	47.8517	35.1171	UA	710052	Запорожье	zaporijjia|zaporijya|zaporizhzhia|zaporizhzhya|zaporozhye|запарожжа|запорожье|запоріжжя
city	Tolyatti	53.5303	49.3461	RU	702879	Тольятти	togliatti|togliatti-on-the-volga|togliattionthevolga|tol'yatti|tolyatti|тальяці|тольятти
city	Changning	31.2174	121.4210	CN	694900	Чаннин	changning|чаннин
city	Zhangjiakou	40.7834	114.8714	CN	692602	Чжанцзякоу	chang chia k'ou|chang kia k'ou|chang-chia-k'ou|chang-chia-k'ou-shih|chang-chia-kou|chang-chia-kou-shih|chang-kia-k'ou|chang-kia-kou|changchiak'ou|changchiak'oushih|changchiakow|changkiak'ou|changkiakow|chzhantseyakou|kalgan|zhangjiakou|чжанцзякоу
city	Fuxin	42.0156	121.6589	CN	689050	Фусинь	fou hsin|fou hsin shih|fou-hsin|fou-hsin-shih|fouhsin|fouhsinshih|fu hsin|fu-hsin|fuhsin|fuxin|фусинь
city	Huangshi	30.2471	115.0481	CN	688090	Хуанши	huan shi|huan shih|huan-shi|huan-shih|huang shih|huang shih shih|huang-shih|huang-shih-shih|huangshi|huangshi shi|huangshih|huangshihshih|huanshi|huanshih|hwangshih|khuanshi|shi hu yao|shi hui yao|shi-hu-yao|shihhweiyao|shihpao|shihuyao|shikhoyya|хуанши
city	Liaoyang	41.2719	123.1731	CN	687890	Ляоян	liao yang hsien|liao yang shih|liao-yang-hsien|liao-yang-shih|liaoyang|liaoyanghsien|liaoyangshih|ляоян
city	Hongkou	31.2500	121.4892	CN	687500	Хункоу	hongkew|hongkou|hung k'ou|hung-k'ou|hung-kou|hungk'ou|хункоу
city	Zaragoza	41.6561	-0.8773	ES	686986	Сарагоса	caesaraugusta|caesarea augusta|salduba|saragossa|saragosse|saraqosa|zaragoza|zargoza|сарагоса
city	Sevilla	37.3828	-5.9732	ES	686741	Севилья	hispalis|sevilla|seville|sevilya|siviglia|севилья|севілья
city	Baise	23.8901	106.6268	CN	686078	Бозе	baicheng|baicheng jiedao|baise|baise city|baise zhen|bose|bose zhen|pai se|pai se chen|pai se hsien|pai-se|pai-se-chen|pai-se-hsien|paise|paisechen|paisehsien|po se|po-se|pose|poseh|poseh hsien|poseh-hsien|posehhsien|бозе
city	Binzhou	37.3667	118.0167	CN	682717	Биньчжоу	beizhen|binzhou|hui min|hui-min|huimin|pei chen|pei-chen|peichen|pin hsien|pin-hsien|pinhsien|биньчжоу|біньчжоу
city	Yuncheng	35.0231	110.9928	CN	680036	Юньчэн	an i hsien|an-i-hsien|anihsien|anyi|anyihsien|yun'chen|yunchen|yuncheng|yuncheng shi|юньчэн
city	Dezhou	37.4466	116.3671	CN	679535	Дэчжоу	dezhou|te chou|te chou shih|te hsien|te-chou|te-chou-shih|te-hsien|techou|techoushih|techow|teh hsien|teh-hsien|tehchow|tehetsouen|tehhsien|tehsien|дэчжоу
city	Dushanbe	38.5358	68.7790	TJ	679400	Душанбе	djuschambe|dushambe|dushanbe|dyushambe|jushambe|stalinabad|душанбе
city	Wroclaw	51.1029	17.0301	PL	672545	Вроцлав	breslau|breslavia|breslavl|breslavl'|vroslav|vrotslav|wroclaw|вроцлав|вроцлау
city	Sanmenxia	34.7808	111.1929	CN	669307	Саньмэнься	hui hsing|hui-hsing|huihsing|san men hsia|san'myn'sya|san-men-hsia|san-men-hsia-shih|sanmenhsia|sanmenhsiashih|sanmenxia|sanmynsya|shan hsien|shan-hsien|shanhsien|саньмэнься
city	E'zhou	30.3961	114.8865	CN	668727	Ежоу	e'zhou|e'zhou shi|ezhou|ezhou shi|ежоу
city	Mudanjiang	44.5480	129.6259	CN	665915	Муданьцзян	mu tan chiang|mu-tan-chiang|mu-tan-chiang-shih|mudanjiang|mudanjiang shi|mutanchiang|mutanchiangshih|mutankiang|муданьцзян
city	Leshan	29.5623	103.7639	CN	662814	Лэшань	chia ting|chia-ting|chiating|kiating|kiatingfu|leshan|lo shan|lo shan hsien|lo-shan|lo-shan-hsien|loshan|loshanhsien|лэшань
city	Rizhao	35.4141	119.5291	CN	661943	Жичжао	rizhao|rizhao shi|жичжао
city	Helsinki	60.1695	24.9354	FI	658864	Хельсинки	helsinki|khel'sinki|khelsinki|гельсінкі|хельсинки|хельсінкі
city	Dongcun	36.7767	121.1597	CN	658000	Хайян	dongcun|haiyang|tung ts'un|tung ts'un chi|tung-ts'un|tung-ts'un-chi|tung-tsun|tung-tsun-chi|tungts'un|tungts'unchi|хайян
city	Suining	30.5080	105.5733	CN	656760	Суйнин	sui ning hsien|sui-ning-hsien|suining|suininghsien|suynin|суйнин
city	Huangpu	31.2378	121.4781	CN	656200	Хванпу	huangpu|хванпу
city	Frankfurt am Main	50.1155	8.6842	DE	650000	Франкфурт-на-Майне	frankford on main|frankford-on-main|frankfordonmain|frankfort|frankfurt|frankfurt am main|франкфурт|франкфурт на майне|франкфурт-на-майне|франкфуртнамайне
city	Palermo	38.1166	13.3636	IT	648260	Палермо	palermo|палерма|палермо
city	Ijevsk	56.8522	53.1986	RU	648213	Ижевск	i jevsk|ishewsk|izhevsk|ustinov|ижау|ижевск|іжевськ|іжэуск
city	Lingyuan	41.2400	119.4011	CN	646000	Линъюань	chien ch'ang|chien-ch'ang|chien-chang|chiench'ang|kienchang|lingyuan|t'a kou|t'a-kou|t'akou|ta-kou|линъюань
city	Mingguang	32.7802	117.9638	CN	645000	Мингуан	chia shan|chia shan hsien|chia-shan|chia-shan-hsien|chiashan|chiashanhsien|jiashan|ming kuang|ming kuang chen|ming-kuang|ming-kuang-chen|mingguang|mingkuang|mingkuangchen|mingkwang|мингуан
city	Lodz	51.7706	19.4739	PL	639890	Лодзь	lodz|лодзь
city	Chongming	31.6185	121.6962	CN	637921	Чунмин	chongming|tsungming|чунмин
city	Chisinau	47.0090	28.8594	MD	635994	Кишинёв	chisinau|kischinew|kiscinev|kishinef|kishiniv|кишинев|кишинэу|кішынеу
city	Hebi	35.7323	114.2862	CN	634721	Хэби	hao pi|hao pi chen|hao pi chi|hao pi shih|hao-pi|hao-pi-chen|hao-pi-chi|hao-pi-shih|haopi|haopichen|haopichi|haopishih|hebi|ho pi|ho pi shih|ho-pi|ho-pi-shih|hopi|hopishih|hopitsi|хэби
city	Jingmen	31.0336	112.2047	CN	632954	Цзинмэнь	ching men|ching men hsien|ching-men|ching-men-hsien|chingmen|chingmenhsien|jingmen|king men chow|king-men-chow|kingmen|kingmen hsien|kingmen-hsien|kingmenchow|kingmenhsien|цзинмэнь
city	Barnaul	53.3620	83.7279	RU	632372	Барнаул	barnaul|барнаул|барнауыл
city	Siping	43.1614	124.3778	CN	627957	Сыпин	siping|szeping|szepingkai|сыпин
city	Ulyanovsk	54.3282	48.3866	RU	626540	Ульяновск	simbirsk|ul'yanovsk|uljanowska am wolga|ulyanovsk|синбирск|сімбір|ульск|ульянауск|ульяновск|ульяновськ
city	Panshan	41.1881	122.0494	CN	625040	Паншан	p'an shan chen|p'an shan hsien|p'an-shan-chen|p'an-shan-hsien|p'anshanchen|p'anshanhsien|pan-shan-chen|pan-shan-hsien|panshan|shuang t'ai tzu|shuang-t'ai-tzu|shuang-tai-tzu|shuangt'aitzu|паншан
city	Irkutsk	52.2957	104.2908	RU	623869	Иркутск	i rkutsk|irkutsk|иркутск|іркутськ|іркуцк
city	Kermanshah	34.3142	47.0650	IR	621100	Керманшах	bahtaran|kermanshah|керманшах|кирмоншох|устони кирмоншох
city	Jiaozhou	36.2839	120.0033	CN	619266	Цзяочжоу	chiao|chiao hsien|chiao-hsien|chiaohsien|jiaocheng|jiaoxian|jiaozhou|kiaochow|kiaohsien|цзяочжоу
city	Duesseldorf	51.2232	6.7793	DE	618685	Дюссельдорф	duesseldorf|dusseldorf|дзюсельдорф|дюссельдорф|дүсселдорф
city	Suizhou	31.7111	113.3631	CN	618582	Суйчжоу	sui|sui hsien|sui-hsien|suichow|suihsien|suixian|suizhou|суйчжоу
city	Khabarovsk	48.4620	135.0971	RU	618150	Хабаровск	chabarowsk|habarovsk|khabarovka|khabarovsk|xabarovsk|хабарауск|хабаровск|хабаровськ
city	Chizhou	30.6613	117.4778	CN	615274	Чичжоу	ch'ih chou|ch'ih chou chen|ch'ih-chou|ch'ih-chou-chen|ch'ihchou|ch'ihchouchen|chichau|chih chow fu|chih-chou|chih-chou-chen|chih-chow-fu|chihchow|chihchowfu|chizhou|chizhou shi|guichi|kuei ch'ih|kuei ch'ih hsien|kuei-ch'ih|kuei-ch'ih-hsien|kuei-chih|kuei-chih-hsien|kueich'ih|kueich'ihhsien|kweichih|kweichih hsien|kweichih-hsien|kweichihhsien|kweighih|tche tcheou|чичжоу
city	Stuttgart	48.7823	9.1770	DE	612663	Штутгарт	shtutgart|stuttgart|штутгарт
city	Ya'an	29.9852	102.9990	CN	612056	Яань	ya an hsien|ya an shih|ya chou|ya'an|ya-an-hsien|ya-an-shih|ya-chou|yaan|yaanhsien|yaanshih|yachou|yachow|yucheng|yucheng qu|яань
city	Yaroslavl	57.6299	39.8737	RU	608722	Ярославль	jaroslavl|yaroslavl|яраслауль|ярославль
city	Gothenburg	57.7072	11.9668	SE	608462	Гётеборг	goeteborg|goteborg|goteburg|gothenburg|gottenborg|гетеборг|гетэбарг
city	Vladivostok	43.1056	131.8735	RU	604901	Владивосток	hai shen wai|hai-shen-wai|haishenwai|vladivostok|vladyvostok|владивосток|владик|уладзівасток
city	Kryvyy Rih	47.9057	33.3940	UA	603904	Кривой Рог	krivoy roq|kryvyi rih|kryvyy rih|кривий ріг|кривой рог|крывы рог
city	Sanming	26.2486	117.6186	CN	602166	Саньмин	san ming hsien|san ming shih|san-ming-hsien|san-ming-shih|sanming|sanminghsien|sanmingshih|саньмин
city	Shuangyashan	46.6769	131.1327	CN	600000	Шуанъяшань	chien shan|chien-shan|chienshan|shuang-ya-shan-shih|shuangyashan|shuangyashanshih|шуанъяшань
city	Luancheng	37.8845	114.6463	CN	597130	Луаньчэн	luan ch'eng hsien|luan'chen|luan-ch'eng-ch'eng-kuan|luan-ch'eng-hsien|luan-cheng-cheng-kuan|luan-cheng-hsien|luanch'engch'engkuan|luanch'enghsien|luanchen|luancheng|lwanchenghsien|луаньчэн
city	Maxachqala	42.9778	47.5003	RU	596356	Махачкала	machatsch kala|machatsch-kala|machatschkala|makhachkala|petrovsk|petrovsk port|petrovsk-port|petrovskport|махачкала
city	Samarqand	39.6546	66.9644	UZ	595200	Самарканд	samarkand|samarqand|semerkant|самаркан|самарканд
city	Mengzi	23.3678	103.3821	CN	595100	Мэнзи	mengzi|мэнзи
city	Rasht	37.2761	49.5886	IR	594590	Решт	rasht|rast|resht|рашт|решт
city	Essen	51.4566	7.0123	DE	593085	Эссен	essen|ессен|эссен|эсэн
city	Malaga	36.7202	-4.4203	ES	592346	Малага	malaga|malaqa|малага
city	Yingkou	40.6647	122.2318	CN	591159	Инкоу	newchwang|niu chuang|niu-chuang|niuchuang|ying k'ou hsien|ying k'ou shih|ying-k'ou-hsien|ying-k'ou-shih|ying-kou-hsien|ying-kou-shih|yingk'ouhsien|yingk'oushih|yingkou|yingkou shi|yingkow|инкоу
city	Zhangzhou	24.5133	117.6556	CN	589831	Чжанчжоу	chang chou|chang chou shih|chang-chou|chang-chou-shih|changchou|changchoushih|changchow|changchowfu|lung ch'i|lung-ch'i|lung-ch'i-hsien-ch'eng|lung-chi|lung-chi-hsien-cheng|lungch'i|lungch'ihsiench'eng|lungki|lunki|zhangzhou|чжанчжоу
city	Dortmund	51.5149	7.4660	DE	588462	Дортмунд	dortmund|throtmenni|дортмунд
city	Genoa	44.4048	8.9444	IT	580097	Генуя	cenova|genoa|генуя
city	Kerman	30.2832	57.0788	IR	577514	Керман	carmana|kerman|kermon|kirman|керман|кирмон
city	Orumiyeh	37.5527	45.0761	IR	577307	Урмия	orumieh|orumiyeh|rezaeyeh|urmia|urmiya|urmiye|урмия|урумия
city	Bahcelievler	41.0023	28.8598	TR	576799	Бахчелиэвлер	bahcelievler|бахчелиэвлер
city	Herat	34.3482	62.1997	AF	574300	Герат	gerat|herat|герат|герот
city	Dongsheng	39.8161	109.9776	CN	574242	Дуншэн	dongsheng|dongsheng qu|dunshen|tung sheng|tung sheng hsien|tung-sheng|tung-sheng-hsien|tungsheng|tungshenghsien|дуншэн
city	Tomsk	56.5005	84.9822	RU	574002	Томск	tomsk|томск|томськ
city	UEmraniye	41.0164	29.1248	TR	573265	Умрание	uemraniye|умрание
city	Shihezi	44.3023	86.0369	CN	572772	Шихэцзы	shih ho tzu|shih yen tzu|shih-ho-tzu|shih-yen-tzu|shihezi|shihezi xiang|shihhotzu|shihyentzu|shikhedze|shikhedzy|шихэцзы
city	Xinmin	41.9908	122.8253	CN	565634	Синьминь	hsin min|hsin min chen|hsin min hsien|hsin ming t'ing|hsin-min|hsin-min-chen|hsin-min-hsien|hsin-ming-t'ing|hsin-ming-ting|hsinmin|hsinminchen|hsinmingt'ing|hsinminhsien|sinmin|xinmin|синьминь
city	Dresden	51.0509	13.7383	DE	564904	Дрезден	dresden|drezden|дрезден|дрэздэн
city	Orenburg	51.7671	55.0988	RU	564773	Оренбург	chkalov|orenburg|orenburq|tschkalow|арэнбург|оренбург|орунбор|орынбор
city	Wenchang	19.5516	110.8028	CN	560894	Вэньчан	mencheong|mencheonghsien|vun sio|wen ch'ang hsien|wen ch'eng chen|wen chiang|wen-ch'ang-hsien|wen-ch'eng-chen|wen-chang-hsien|wen-cheng-chen|wen-chiang|wench'anghsien|wench'engchen|wenchang|wenchang shi|wencheng|wencheng zhen|wenchiang|вэньчан
city	Kemerovo	55.3542	86.1043	RU	558973	Кемерово	kemerovo|shcheglovsk|кемерава|кемерово
city	Chuxiong	25.0364	101.5456	CN	555081	Чусюн	ch'u hsiung|ch'u hsiung hsien|ch'u-hsiung|ch'u-hsiung-hsien|ch'uhsiung|ch'uhsiunghsien|chu-hsiung|chu-hsiung-hsien|chuxiong|luchengzhen|t'su hsiung fu|t'su-hsiung-fu|t'suhsiungfu|tsu yung fu|tsu-hsiung-fu|tsu-yung-fu|tsuyung|tsuyung hsien|tsuyung-hsien|tsuyungfu|tsuyunghsien|чусюн
city	Huaihua	27.5634	110.0040	CN	552622	Хуайхуа	huaihua|yushuwan|хуайхуа
city	Sishui	35.6489	117.2758	CN	552300	Сышуй	sishui|ssu shui|ssu shui hsien|ssu-shui|ssu-shui-hsien|ssushui|ssushuihsien|szeshuihsien|сышуй
city	Zahedan	29.4963	60.8629	IR	551980	Захедан	zahedan|zahidan|захедан|зохидон
city	Ulanqab	40.9930	113.1330	CN	550231	Уланчаб	ulanqab|уланчаб
city	Jiamusi	46.7971	130.3112	CN	549549	Цзямусы	ch'a mu ssu|ch'a-mu-ssu|ch'amussu|cha-mu-ssu|chia mu ssu|chia-mu-ssu|chia-mu-ssu-shih|chiamussu|chiamussushih|chieh mu ssu|chieh-mu-ssu|chiehmussu|hua ch'uan hsien|hua chuan|hua-ch'uan-hsien|hua-chuan|hua-chuan-hsien|huach'uanhsien|huachuan|hwachwan|jiamusi|jiamusi shi|kiamusas|kiamusze|цзямусы
city	Korla	41.7606	86.1523	CN	549324	Корла	k'o erh lo|k'o-erh-lo|k'oerhlo|k'u erh le|k'u erh lo|k'u-erh-le|k'u-erh-lo|k'u-erh-lo-chen|k'u-erh-lo-hsien|k'uerhle|k'uerhlo|k'uerhlochen|k'uerhlohsien|ko-erh-lo|koria|korla|korla shi|kourla|ku'erle|ku'erle shi|ku-erh-le|ku-erh-lo|ku-erh-lo-chen|ku-erh-lo-hsien|kuerhlei|kuerhli|kuerle|kuerle shi|kuriya|kurla|kurlya|sayibage|корла
city	Sevastopol	44.6080	33.5213	UA	547820	Севастополь	akhiar|akhtyar|akyar|sebastopol|sevastopol|sivastopol|севастопаль|севастополь
city	Bremen	53.0758	8.8072	DE	546501	Бремен	bremen|бремен|брэмен
city	Wanning	18.7993	110.3841	CN	545992	Ваньнин	maning|manning|manyun|van leng|wan|wan ch'eng chen|wan hsien|wan ning hsien|wan-ch'eng-chen|wan-cheng-chen|wan-hsien|wan-ning-hsien|wanch'engchen|wancheng|wanhsien|wanning|wanning shi|wanninghsien|ваньнин
city	Xinzhou	38.4092	112.7333	CN	544683	Синьчжоу	hsin|hsin hsien|hsin hsien ch'eng|hsin ting|hsin-hsien|hsin-hsien-ch'eng|hsin-hsien-cheng|hsin-ting|hsinhsien|hsinhsiench'eng|hsinting|sinchow|sinhsien|xinfu qu|xinxian|xinzhou|xinzhou shi|синьчжоу|сіньджоу
city	Vilnyus	54.6892	25.2798	LT	542366	Вильнюс	vil'no|vil'nyus|vilna|vilnia|vilnius|vilno|vilnyus|wilno|вилнюс|вильнюс|вільнюс
city	Pingdu	36.7844	119.9464	CN	542234	Пинду	p'ing tu|p'ing tu hsien|p'ing-tu|p'ing-tu-hsien|p'ingtu|p'ingtuhsien|ping-tu|ping-tu-hsien|pingdu|пинду
city	Novokuznetsk	53.7575	87.1360	RU	539616	Новокузнецк	kuvnetsk|kuznetsk|novokuznetsk|навакузнецк|новокузнетск|новокузнецк|новокузнецьк
city	Ryazan	54.6270	39.7041	RU	538962	Рязань	riazan|rjasan|ryazan|ryazan'|рязань
city	Ji'an	27.1172	114.9793	CN	538699	Цзиань	chi an|chi an shih|chi-an|chi-an-shih|chian|chianshih|ji'an|ji'an shi|jian|jian shi|kian|kian hsien|kian-hsien|kianfu|kianhsien|luling|цзиань
city	Mersin	36.8120	34.6389	TR	537842	Мерсин	mersin|mersina|mersine|merson|mersyna|zephyrium|мерсин
city	Niluefer	40.2140	28.9157	TR	536365	Нилюфер	niluefer|nilufer|нилюфер
city	Poznan	52.4069	16.9299	PL	536151	Познань	poznan|познань
city	Aqsu	41.1842	80.2792	CN	535657	Аксу	a k'o su|a-k'o-su|a-k'o-su-chen|a-k'o-su-hsien|a-k'o-su-hsin-ch'eng|a-ko-su|a-ko-su-chen|a-ko-su-hsien|a-ko-su-hsin-cheng|ak'osu|ak'osuchen|ak'osuhsien|ak'osuhsinch'eng|akesu|akesu shi|akoso|aksou|aksu|aksu new city|aqsu|aqsu new city|aqsu yangi shahr|new aksu|yangi shahr|yangi-shahr|yangishahr|аксу
city	Tanggu	39.0211	117.6469	CN	535298	Танго	t'ang ku|t'ang-ku|t'angku|tang-ku|tanggu|tung ku|tung-ku|tungku|танго
city	Astraxan	46.3497	48.0408	RU	533925	Астрахань	astrahan|astrakhan|astraxon|астрахан|астрахань
city	Shangluo	33.8667	109.9306	CN	531696	Шанло	shanchzhou|shang|shang hsien|shang-hsien|shangchow|shanghsien|shangluo|shangxian|shangzhou|shansyan|шанло
city	Antwerp	51.2205	4.4003	BE	529247	Антверпен	antverpen|antwerp|antwerpen|anvers|антверпен
city	Hamadan	34.7992	48.5146	IR	528256	Хамадан	ecbatana|hamadan|хамадан
city	Qionghai	19.2425	110.4642	CN	528238	Цюнхай	ch'iung hai|ch'iung tung|ch'iung tung hsien|ch'iung-hai|ch'iung-tung|ch'iung-tung-hsien|ch'iunghai|ch'iungtung|ch'iungtunghsien|chia chi|chia chi chen|chia chi shih|chia-chi|chia-chi-chen|chia-chi-shih|chiachi|chiachichen|chiachishih|chiung-hai|chiung-tung|chiung-tung-hsien|jiaji|jiaji zhen|kachek|katchek|qionghai|qionghai shi|цюнхай
city	Cangzhou	38.3112	116.8533	CN	527681	Цанчжоу	cangzhou|changhsien|t'sang chou shih|t'sang-chou-shih|t'sangchoushih|ts'ang chen|ts'ang chou|ts'ang hsien|ts'ang-chen|ts'ang-chou|ts'ang-hsien|ts'angchen|ts'angchou|ts'anghsien|tsan'syan'|tsang|tsang-chen|tsang-chou|tsang-chou-shih|tsang-hsien|tsangchow|tsansyan|цанчжоу
city	Yuanping	38.7153	112.7575	CN	526000	Юаньпин	yuanping|yuanping shi|юаньпин
city	Beihai	21.4835	109.1155	CN	525329	Бэйхай	beihai|pakhoi|pei hai|pei hai shih|pei-hai|pei-hai-shih|peihai|peihaishih|бейхай|бэйхай
city	Van	38.4946	43.3832	TR	525016	Ван	thospia|urartu|van|wan|ван
city	UEskuedar	41.0227	29.0137	TR	524452	Ускюдар	chrysopolis|scutari|skutari|ueskuedar|ускюдар
city	Penza	53.1957	45.0108	RU	523553	Пенза	pensa|penza|пенза
city	Mozori Sharif	36.7090	67.1109	AF	523300	Мазари-Шариф	mazar e sharif|mazar i sharif|mazar-e sharif|mazar-i sharif|mazare sharif|mazari sharif|mazari-sharif|mazarisharif|мазари шариф|мазари-шариф|мазаришариф|мазори шариф
city	Kandahar	31.6133	65.7101	AF	523300	Кандагар	candahar|kandagar|kandahar|kandehar|kandhar|qandahor|кандагар|кандахор
city	Hengshui	37.7391	115.6835	CN	522147	Хэншуй	heng shui hsien|heng-shui-ch'eng-kuan|heng-shui-cheng-kuan|heng-shui-hsien|hengshui|hengshuich'engkuan|hengshuihsien|khenshuy|хэншуй
city	Lyon	45.7491	4.8479	FR	520774	Лион	lion|lyon|lyons|лион|ліен|ліон
city	Esenler	41.0435	28.8762	TR	520235	Эсенлер	esenler|эсенлер
city	Daxing'anling	52.3338	124.7124	CN	520000	Дасинанлин	daxing'anling|daxinganling|дасинанлин
city	Guangyuan	32.4420	105.8230	CN	516424	Гуанъюань	guangyuan|jialing|гуанъюань
city	Nuremberg	49.4542	11.0775	DE	515543	Нюрнберг	nuernberg|nuremberg|nuremburg|nurenberg|nurenburg|нюрнберг
city	Hannover	52.3705	9.7332	DE	515140	Ганновер	hannover|hanover|honovere|ганновер|гановер
city	Xianning	29.8435	114.3220	CN	512517	Сяньнин	hsien ning|hsien-ning|hsienning|xianning|сяньнин
city	Toulouse	43.6043	1.4437	FR	511684	Тулуза	toulouse|tuluza|тулуза
city	Tonghua	41.7197	125.9264	CN	510000	Тунхуа	t'ou tao chiang|t'ou-tao-chiang|t'outaochiang|t'ung hua|t'ung hua hsien|t'ung hua shih|t'ung-hua|t'ung-hua-hsien|t'ung-hua-shih|t'unghua|t'unghuahsien|t'unghuashih|tonghua|tou-tao-chiang|tung-hua|tung-hua-hsien|tung-hua-shih|tunghwa|тунхуа
city	Mianzhu, Deyang, Sichuan	31.3379	104.2206	CN	510000	Мяньжу, Деянг, Сичуань	mianzhu deyang sichuan|мяньжу деянг сичуань
city	Naberejnie Chelni	55.7372	52.4196	RU	509870	Набережные Челны	naberezhnye chelny|naberezhnyye chelny|yorcholli|жар чалды|жар-чалды|жарчалды|жаршалды|набережные челны
city	Lipetsk	52.5876	39.5515	RU	509735	Липецк	lipetsk|lipezk|липеск|липецк|липецк шаары|липецьк|ліпецк
city	Banan	29.3786	106.5400	CN	508703	Банан	banan|banan qu|longzhouwan|банан
city	Zhangye	38.9342	100.4517	CN	507433	Чжанъе	chang i|chang yeh|chang yeh hsien|chang yeh shih|chang-i|chang-yeh|chang-yeh-hsien|chang-yeh-shih|changi|changyeh|changyehhsien|changyehshih|changyen|kan chou|kan-chou|kanchou|zhangye|zhangye shi|чжанъе
city	Kirov	58.5981	49.6578	RU	507155	Киров	khlynov|kirow|viatka|vyatka|wjatka|кірау|кіров
city	Qashqar	39.4672	75.9868	CN	506640	Кашгар	k'a shih|k'a-shih|k'ashih|k'o shih|k'o-shih|k'oshih|ka-shih|kaschgar|kashgar|kashgar kona shahr|kashgar kone shahr|kashi|kashi shi|kaxgar|ko-shih|kona shahr|qashqar|shu fu|shu-fu|shufu|su fu|su-fu|sufu|кашгар|кашкар
city	Zhoukou	33.6333	114.6333	CN	505171	Чжоуко	chou chia k'ou|chou k'ou|chou k'ou chen|chou-chia-k'ou|chou-chia-kou|chou-k'ou|chou-k'ou-chen|chou-kou|chou-kou-chen|chouchiak'ou|chouk'ou|chouk'ouchen|chow kia kow|chow-kia-kow|chowkiakow|shang shui hsien|shang-shui-hsien|shangshuihsien|zhoukou|zhoukouzhen|чжоуко|чжоукоу
city	Leipzig	51.3396	12.3713	DE	504971	Лейпциг	leipzig|leypsiq|lipsk|лейпциг|лейпцыг
city	Pingliang	35.5392	106.6861	CN	504848	Пинлян	p'ing liang hsien|p'ing liang shih|p'ing-liang-hsien|p'ing-liang-shih|p'inglianghsien|p'ingliangshih|ping-liang-hsien|ping-liang-shih|pingliang|pingliang shi|pinlyan|пинлян
city	Duisburg	51.4325	6.7652	DE	504358	Дуйсбург	duisburg|duisburg and hamborn|duisburg hamborn|duisburg-hamborn|duisburghamborn|дуйсбург
city	Arak	34.0949	49.6981	IR	503647	Эрак	arak|арак|арок|эрак
city	Gomel	52.4345	30.9754	BY	501193	Гомель	gomel|homel|homyel|homyel'|гомель
city	Aqtobe	50.2797	57.2072	KZ	500757	Актобе	aktobe|актобе|актюбинск|актөбе|актөбө
city	Qaraganda	49.8019	73.1021	KZ	497777	Караганда	karaganda|karagandi|karagandy|qaraganda|qaraghandy|караганда|караганди|караганды
city	Cheboksari	56.1322	47.2460	RU	492331	Чебоксары	cheboksar|cheboksar'|cheboksari|cheboksary|tscheboksary|чебоксари|чебоксархо|чебоксары|чэбаксары
city	Sancaktepe	41.0024	29.2319	TR	489848	Санджактепе	sancaktepe|санджактепе
city	Gdansk	54.3523	18.6491	PL	487371	Гданьск	gdansk|qdansk|гданськ|гданьск
city	Tula	54.1961	37.6182	RU	482873	Тула	tula|тула
city	Karabaglar	38.3820	27.1320	TR	479338	Карабаглар	karabaglar|карабаглар
city	Yazd	31.8972	54.3675	IR	477905	Йезд	yazd|yezd|йезд|язд
city	Kaliningrad	54.7064	20.5110	RU	475056	Калининград	kaliningrad|kalininqrad|калининград|калінінград
city	The Hague	52.0767	4.2986	NL	474292	Гаага	haag|hague|lahey|the hague|гаага
city	Murcia	37.9870	-1.1300	ES	471982	Мурсия	murcia|мурсия
city	Mykolayiv	46.9763	31.9930	UA	470011	Николаев	mykolaiv|mykolayiv|николаев
city	Bornova	38.4792	27.2399	TR	452479	Борнова	bornova|burnova|burnuva|burunabat|борнова
city	Batman	37.8874	41.1322	TR	452157	Батман	batman|iloh|батман
city	Eslamshahr	35.5522	51.2350	IR	450000	Исламшехр	eslamshahr|исламшехр
city	Muratpasa	36.8916	30.7650	TR	450000	Муратпаша	muratpasa|муратпаша
city	Sanliurfa	37.1671	38.7939	TR	449549	Эдесса	orfa|ourfa|sanliurfa|shanliurfa|urfa|urfeh|шанлыурфа|эдесса
city	Kursk	51.7269	36.1846	RU	448733	Курск	kursk|курск|курськ
city	Elazig	38.6743	39.2232	TR	443363	Элязыг	elazig|mezreh|елaztіг|елязиг|элазыг|элязыг
city	Palma	39.5694	2.6502	ES	438234	Пальма	madina mayurqa|palma|palma de mallorca|пальма
city	Sultangazi	41.1065	28.8685	TR	436935	Султангазий	sultangazi|султангазий
city	Stavropol	45.0344	41.9642	RU	433931	Ставрополь	stavropol|stavropol'|voroshilovsk|ставропол|ставрополь
city	Vinnytsya	49.2322	28.4687	UA	430091	Винница	vinnytsia|vinnytsya|винница|вінниця
city	Bryansk	53.2710	34.3214	RU	427236	Брянск	brjansk|bryansk|брянск|брянськ
city	Maltepe	40.9357	29.1551	TR	427040	Малтепе	maltepe|малтепе
city	Sumgayit	40.5897	49.6686	AZ	427000	Сумгаит	sumgait|sumgayit|sumqayit|sumqayyt|sumqoyit|сумгаит|сумгайыт|сумгойит
city	Bratislava	48.1482	17.1067	SK	423737	Братислава	bratislava|presburg|pressburg|preszburg|братислава|братіслава|браціслава
city	Tver	56.8584	35.9006	RU	420065	Тверь	tver|tver'|twer|твер|тверь|цвер
city	Beylikduezue	40.9820	28.6399	TR	415290	Бейликдюзю	beylikduezue|beylikduzu|бейликдюзю
city	Magnitogorsk	53.3981	59.0066	RU	413351	Магнитогорск	magnetogorsk|magnitogorsk|магнитогорск|магнітагорск|магнітогорськ
city	Ardabil	38.2498	48.2933	IR	410753	Ардабел	ardabil|erdebil|ардабел
city	Gujangbagh	37.1093	79.9343	CN	408894	Хотан	gujangbagh|gujiangbage|hetian|ho t'ien|ho t'ien chen|ho tien hsien|ho-t'ien|ho-t'ien-chen|ho-tien|ho-tien-chen|ho-tien-hsien|hot'ien|hot'ienchen|hotan|hotienhsien|khotan|xotan|хотан
city	Ivanovo	56.9999	40.9726	RU	406113	Иваново	i vanov|i vanovo|ivanov|ivanovo|ivanovo voznesensk|ivanovo-voznesensk|ivanovovoznesensk|iwanowo|иванов|иваново|иваново шаары|іванава|іваново
city	Brno	49.1952	16.6080	CZ	404296	Брно	berno|brno|брно
city	Antakya	36.2066	36.1572	TR	399045	Антиохия	antakiya|antakya|antiokheia|hatay|антакия|антакья|антиохия
city	Luhansk	48.5681	39.3055	UA	397677	Луганск	lugansk|luhans'k|luhansk|luqansk|луганск|луганськ
city	Szczecin	53.4289	14.5530	PL	395513	Щецин	shchetsin|stettin|szczecin|шчэцін|щецин
city	Bologna	44.4938	11.3387	IT	394843	Болонья	bologna|bolonya|баленья|болонья
city	Samsun	41.2798	36.3361	TR	394050	Самсун	amisus|djanik|janik|sams|samsoun|samsun|самсун
city	Tallinn	59.4370	24.7535	EE	394024	Таллин	kallinn|kolyvan|revel|revel'|talinas|tallin|tallina|tallinn|tallinna|таллин|таллинн|таллінн|талін
city	Bochum	51.4817	7.2165	DE	385729	Бохум	bochum|бохум
city	Kahramanmaras	37.5847	36.9264	TR	384953	Кахраманмараш	caesarea germanicia|germanicea marqasi|kahramanmaras|kahromanmaros|maraache|marache|marasch|marash|marasion|meres|кахраманмараш|каһраманмараш
city	Las Palmas de Gran Canaria	28.1018	-15.4157	ES	383516	Лас-Пальмас-де-Гран-Канария	las palmas|palmas|лас-пальмас-де-гран-канария|ласпальмасдегранканария
city	Nizhny Tagil	57.9194	59.9650	RU	381116	Нижний Тагил	nizhne tagil'skiy|nizhne-tagil'skiy|nizhne-tagilskiy|nizhnetagil'skiy|nizhni tagil|nizhnii tagil|nizhniy tagil|nizhny tagil|нижний тагил
city	Iasi	47.1667	27.6000	RO	378954	Яссы	copou|galata|iasi|ilasi|munteni|podgoria|socol|socola|yassi|yassy|ясси|яссы|ясы
city	Utrecht	52.0908	5.1222	NL	376435	Утрехт	utrecht|utrext|утрехт|утрэхт
city	Usak	38.6735	29.4058	TR	369433	Ушак	flaviopolis|ouchak|temenothyrae|usak|uschak|ushak|ushaq|уша|ушак
city	Florence	43.7792	11.2463	IT	367150	Флоренция	floransa|florence|florensiya|florentia|florenz|фларэнцыя|флоренция|флоренція
city	Alanya	36.5438	31.9998	TR	364180	Аланья	alaia|alanya|alaya|coracesium|алания|аланья|аланія
city	Hrodna	53.6758	23.8289	BY	363718	Гродно	gardinas|grodno|hrodna|гродна|гродно
city	Malmoe	55.6059	13.0007	SE	362133	Мальмё	malmoe|мальме
city	Atasehir	40.9833	29.1167	TR	361615	Атасехийр	atasehir|атасехийр
city	Wuppertal	51.2563	7.1482	DE	360797	Вупперталь	vuppertal|wuppertal|вуперталь|вупперталь
city	Ulan-Ude	51.8265	107.5998	RU	360278	Улан-Удэ	ulan ude|ulan-ude|ulanude|verkhne udinsk|verkhne-udinsk|verkhneudinsk|верхнеудинск|улан удэ|улан-удэ|уланудэ
city	Huocheng	44.0530	80.8717	CN	360000	Хуочэн	huocheng|huocheng county|хуочэн
city	Vitebsk	55.1904	30.2049	BY	358927	Витебск	vitebsk|vitsyebsk|witebsk|витебск|вітебськ|віцебск
city	Sultanbeyli	40.9607	29.2707	TR	358201	Султанбейлий	sultanbeyli|султанбейлий
city	Taraz	42.8980	71.3733	KZ	358153	Тараз	talas|taraz|zhambyl|тараз|тораз
city	Zanjan	36.6764	48.4963	IR	357471	Зенджан	zanjan|зенджан
city	Vladimir	56.1385	40.3998	RU	357024	Владимир	vladimir|wladimir|владимир|владимир шаары|володимир|уладзімір
city	Fatih	41.0225	28.9408	TR	356025	Фатийх	fatih|фатийх
city	Qyzylorda	44.8528	65.5092	KZ	354800	Кызылорда	kyzylorda|qizilo'rda|qizilorda|qizilurda|кизилорда|кизилурда|кызыларда|кызылорда
city	Mahilyow	53.9088	30.3404	BY	352896	Могилёв	mahilyow|mogilev|mogilew|магілеу|могилев|могильов
city	Bandar Abbas	27.1865	56.2808	IR	352173	Бендер-Аббас	bandar abbas|bender abbas|бандар аббос|бандар-аббос|бандараббос|бендер аббас|бендер-аббас|бендераббас|бендэр абас|бендэр-абас|бендэрабас
city	Tarsus	36.9177	34.8928	TR	350732	Тарсус	antiochia ad cydnum|tarsos|tarsous|tarsus|тарс|тарсус
city	Arkhangel'sk	64.5461	40.5518	RU	349742	Архангельск	archangel|archangelsk|arkhangel'sk|arkhangelsk|arxanqelsk|novo kholmogory|novo-kholmogory|novokholmogory|novyye kholmogory|архангельск|архангельськ
city	Sanandaj	35.3150	46.9988	IR	349176	Сенендедж	sanandaj|sanandij|senendec|senna|senneh|sinandij|sinneh|сенендедж|сенендэдж
city	Chita	52.0431	113.4917	RU	349005	Чита	chita|tchita|чита
city	Alicante	38.3452	-0.4815	ES	348901	Аликанте	alicante|alikante|аликанте|аліканте|алікантэ
city	Bilbao	43.2627	-2.9253	ES	347342	Бильбао	bilbao|бильбао|більбаа|більбао
city	Brest	52.1089	23.7175	BY	347138	Брест	brest|byeras'tsye|byerastsye|берасьце|берестя|брест|брэст
city	Belgorod	50.6034	36.5809	RU	345289	Белгород	belgorod|belqorod|bilhorod|белгарад|белгород|белгород шаары|білгород
city	Nice	43.7031	7.2661	FR	342669	Ницца	nice|nis|ницца|ніца|ніцца
city	Kaluga	54.5306	36.2700	RU	340851	Калуга	kaluga|kaluqa|kalyga|калуга
city	Karsiyaka	38.4577	27.1142	TR	339624	Каршияка	cordaleo|karsiyaka|каршияка
city	Makiyivka	48.0478	37.9258	UA	338968	Макеевка	makayevka|makeevka|makejewka|makeyevka|makiivka|makiyivka|makyeevka|makyevka|макеевка
city	Simferopol	44.9572	34.1108	UA	336460	Симферополь	akmescit|simferopol|симферополь|сімферопаль|сімферополь
city	Lublin	51.2506	22.5701	PL	336339	Люблин	lublin|lyublin|люблин|люблин шаары|люблін
city	Qazvin	36.2688	50.0041	IR	333635	Казвин	kazvin|qazvin|казвин|казвін
city	Nukus	42.4586	59.6058	UZ	332500	Нукус	nukus|нукус|нүкіс
city	Konak	38.4000	27.1000	TR	332277	Конак	konak|конак
city	Bielefeld	52.0333	8.5333	DE	331906	Билефельд	bielefeld|билефельд|білефельд
city	Ganja	40.6816	46.3613	AZ	330663	Гянджа	elisavetpol|elizavetpol|elizavetpol'|ganca|gandja|gandza|gandzak|gandzha|gandzhe|ganja|gence|gendzakh|gyandzha|kirovabad|kirowabad|yelizavetpol|yelizavetpol'|ганжа|гянджа|гәнжә|елизаветполь
city	Khorramshahr	30.4408	48.1843	IR	330606	Хорремшехр	al muhammarah|al-muhammarah|almuhammarah|khorramchahre|khorramshahr|khurramshahr|mohammerah|muhammerah|хорремшехр|хуррамшахр
city	Bonn	50.7344	7.0955	DE	330579	Бонн	bonn|бон|бонн
city	Bydgoszcz	53.1235	18.0076	PL	330038	Быдгощ	bromberg|bydgoshch|bydgoszcz|бидгощ|быдгашч|быдгощ
city	Smolensk	54.7783	32.0509	RU	330025	Смоленск	smolensk|смаленск|смоленск|смоленськ
city	Oral	51.2460	51.4256	KZ	330000	Уральск	o'ral|oral|ural'sk|uralsk|орал|уральск|уральськ
city	Khorramabad	33.4878	48.3558	IR	329825	Хуррамобод	khorramabad|хуррамобод
city	Plovdiv	42.1539	24.7500	BG	329489	Пловдив	eumolpias|filiba|filibe|filipopol|filippopol|flavia|julia|philippopel|philippopoli|philippopolis|pinople|plodin|ploudin|plovdin|plovdiv|plowdiw|poulpoudeva|sinople|trimontium|ulpia|vinipoppolis|пловдив
city	Pavlodar	52.2760	76.9688	KZ	329002	Павлодар	pavlodar|pawlodar|павлодар|пауладар
city	Sochi	43.5970	39.7248	RU	327608	Сочи	sochi|sotschi|ssotschi|сочи|сочі
city	Aksaray	38.3725	34.0254	TR	327575	Аксарай	aksaray|аксарай
city	Cordoba	37.8916	-4.7728	ES	325708	Кордова	cardoue|cordoba|cordoue|cordova|corduba|kordova|кордава|кордоба|кордова
city	Nantes	47.2172	-1.5534	FR	325070	Нант	nantes|naoned|нант
city	Espoo	60.2052	24.6522	FI	323910	Эспоо	espoo|эспоо
city	Volzhsky	48.7858	44.7797	RU	323293	Волжский	volzh sky|volzhskiy|volzhsky|волжский
city	Osh	40.5283	72.7985	KG	322164	Ош	o'sh|osh|ush
city	Oskemen	49.9714	82.6059	KZ	319067	Усть-Каменогорск	oskemen|ust kamenogorsk|ust-kamenogorsk|ustkamenogorsk|усть каменогорск|усть-каменогорск|устькаменогорск|өскемен
city	Saransk	54.1848	45.1717	RU	318841	Саранск	saransk|саранск|саранськ
city	Varna	43.2191	27.9102	BG	318737	Варна	odessos|odessus|stalin|varna|warna|варна
city	Marne La Vallee	48.8358	2.6424	FR	318325	Марне Ла Валлее	marne la vallee|марне ла валлее
city	Constanta	44.1807	28.6343	RO	317832	Констанца	constanta|constantza|constanza|konstanca|konstansa|kustenje|kustenji|kyustendja|канстанца|константса|констанца
city	Bari	41.1207	16.8698	IT	316491	Бари	bari|бари|барі
city	Cherepovets	59.1333	37.9000	RU	315738	Череповец	cherepovets|cherepovetz|чарапавец|череповетс|череповец|череповець
city	Sisli	41.0605	28.9872	TR	314684	Сийслий	sisli|сийслий
city	Denizli	37.7742	29.0875	TR	313238	Денизли	denisli|denizli|denizlu|денизли|денізлі|дэнізлі
city	Vologda	59.2239	39.8840	RU	312420	Вологда	bологда|vologda|wologda|волагда|вологда
city	Catania	37.4922	15.0704	IT	311584	Катания	catania|катания
city	Shahriar	35.6588	51.0577	IR	309607	Шахрияр	shahriar|шахрияр
city	Qods	35.7214	51.1090	IR	309605	Годс	qods|shahr e qods|shahr-e qods|shahrak e qods|shahrak-e qods|shahrake qods|shahre qods|годс
city	Kurgan	55.4490	65.3434	RU	309285	Курган	kurgan|kurgan pervyy|kurqan|корган|курган|кургон
city	Muenster	51.9624	7.6257	DE	308258	Мюнстер	muenster|munistri|мюнстер|мюнстэр
city	Mannheim	49.4891	8.4669	DE	307960	Мангейм	mannheim|мангейм
city	Vladikavkaz	43.0410	44.6699	RU	306258	Владикавказ	dzhaudzhikau|ordshonikidse|ordzhonikidve|ordzhonikidze|orjonikidze|vladikavkaz|vladiqafqaz|wladikawkas|владикавказ|орджоникидзе|уладзікауказ
city	Kashan	33.9824	51.4277	IR	304487	Кашан	cassan|kashan|qashan|кашан
city	Oryol	52.9688	36.0791	RU	303696	Орёл	orel|oriol|oryol|орел
city	Graz	47.0673	15.4420	AT	303270	Грац	gratz|graz|qras|грац
city	Augsburg	48.3715	10.8985	DE	301105	Аугсбург	augsberg|augsburg|auqsburq|аугсбург
city	Valladolid	41.6554	-4.7235	ES	300618	Вальядолид	valladolid|valyadolid|вальядалід|вальядолид|вальядолід
city	Surgut	61.2576	73.4177	RU	300367	Сургут	surgut|surqut|сургут
city	Farg'ona	40.3842	71.7843	UZ	299200	Фергана	farg'ona|farghona|fargona|fergana|novyy margelan|фаргона|фергана|фергона
city	Grozny	43.3120	45.6889	RU	297137	Грозный	grozni|grozny|groznyy|nasongi|novyj hutor|грозний|грозны|грозный
city	Bialystok	53.1333	23.1643	PL	295683	Белосток	belostok|bialystok|bjelostock|byelostok|беласток|белосток|білосток
city	Murmansk	68.9678	33.0992	RU	295374	Мурманск	gorod murmansk|murmansk|muurmanni|мурманск|мурманськ|рыбная столица|столица арктики|столица заполярья
city	Tambov	52.7363	41.4410	RU	293661	Тамбов	tambov|тамбов|тамбоу
city	Vigo	42.2328	-8.7226	ES	293642	Виго	vigo|виго|виго шаары|віга|віго
city	Semey	50.4206	80.2502	KZ	292780	Семей	semey|semipalatinsk|semipalatynsk|семей
city	Adiyaman	37.7644	38.2763	TR	290883	Адыяман	adiaman|adityman|adiyaman|carbanum|hisnumansur|husnimansur|perre|pordonnium|адияман|адыяман
city	Atyrau	47.1048	51.8843	KZ	290700	Атырау	aterau|atirau|atyrau|atyraw|chapayev|gur'yev|guryev|атирау|атырау|атыроо
city	Kaunas	54.9016	23.9091	LT	289380	Каунас	caunas|kauen|kaunas|kauno|kovno|kowno|palemonas|каунас
city	Wiesbaden	50.0860	8.2444	DE	288850	Висбаден	uisibada|visbaden|wiesbaden|wisibada|висбаден|вісбаден|вісбадэн
city	Katowice	50.2597	19.0217	PL	286960	Катовице	catowice|katovitse|katowice|kattowitz|катавіцы|катовице|катовіце
city	Adapazari	40.7806	30.4033	TR	286787	Сакарья	ada bazar|adapazari|адапазари|адапазары|сакарья
city	Cluj-Napoca	46.7667	23.6000	RO	286598	Клуж-Напока	cluj|cluj napoca|cluj-napoca|clujnapoca|klausenburg|клуж напока|клуж-напока|клужнапока
city	Arhus	56.1567	10.2108	DK	285273	Орхус	aarhus|arhus|орхус
city	Artux	39.7084	76.1797	CN	285000	Артуш	a t'u shih|a-t'u-shih|a-tu-shih|artux|at'ushih|atush|atushi|atux|guangminglu|артуш
city	Karlsruhe	49.0094	8.4044	DE	283799	Карлсруэ	carlsruhe|karlsrue|karlsruhe|карлсруе|карлсруэ
city	Chernihiv	51.5054	31.2866	UA	282747	Чернигов	chernigov|chernihiv|tschernigow|чарнігау|чернигов|чернігів
city	Xinyuan	43.4265	83.2496	CN	282718	Кюнес	xinyuan|кюнес
city	Gebze	40.8028	29.4307	TR	281436	Гебзе	gebze|guebze|гебзе
city	Zeytinburnu	40.9944	28.9042	TR	280896	Zeytinburnu	zeytinburnu
city	Ostrava	49.8347	18.2820	CZ	280853	Острава	ostrava|острава
city	Merkezefendi	37.8054	29.0424	TR	280341	Меркезефендий	merkezefendi|меркезефендий
city	Buxoro	39.7703	64.4307	UZ	280187	Бухара	alt buchara|alt-buchara|altbuchara|bokhara|buhara|bukhara|bukhoro|buxara|buxoro|staraya bukhara|букар|бухара|бухоро|бұхара
city	Poltava	49.5892	34.5537	UA	279593	Полтава	poltava|балтавар|палтава|полтава|польтова
city	Petrozavodsk	61.7849	34.3469	RU	279190	Петрозаводск	petrozavodsk|петразаводск|петрозаводск|петрозаводськ
city	Taganrog	47.2363	38.9053	RU	279056	Таганрог	taganrog|taqanroq|таганрог|таганріг
city	Qarshi	38.8606	65.7891	UZ	278300	Карши	bek budi|karaki|karshi|qarshi|карсы|карши|каршы|карші
city	Khomeyni Shahr	32.6856	51.5361	IR	277334	Хомейнишехр	homayoon shahr|khomeyni shahr|mehrbin|sedeh|three castles|хомейнишехр
city	Kostroma	57.7664	40.9283	RU	277280	Кострома	kostroma|kostromna|кастрама|кострома
city	Komsomolsk-on-Amur	50.5503	137.0100	RU	275908	Комсомольск-на-Амуре	komsomol'sk|komsomolsk|komsomolsk on amur|komsomolsk-on-amur|komsomolskonamur|permskoye|комсомольск на амуре|комсомольск-на-амуре|комсомольскнаамуре|комсомольськ на амурі|комсомольськ-на-амурі|комсомольськнаамурі
city	Strasbourg	48.5839	7.7455	FR	274845	Страсбург	straatsburg|strasbourg|strasburg|strasburq|strassbourg|strassburg|straszburg|strazburg|страсбур|страсбург
city	Khmelnytskyi	49.4183	26.9794	UA	274452	Хмельницкий	khmel'nyts'kyy|khmelnytskyi|khmelnytskyy|хмельницкий|хмельницький
city	Isfara	40.1265	70.6253	TJ	274000	Исфара	isfara|исфара|ісфара
city	Istaravshan	39.9142	69.0033	TJ	273500	Истаравшан	bundzhikat|istaravshan|ura tyube|ura-tyube|uratyube|истаравшан|істаравшан
city	Turpan	42.9477	89.1789	CN	273385	Турфан	lukchun|t'u lu fan|t'u-lu-fan|t'u-lu-fan-chen|t'u-lu-fan-hsien|t'ulufan|t'ulufanchen|t'ulufanhsien|t'urfang|tourfan|tu-lu-fan|tu-lu-fan-chen|tu-lu-fan-hsien|tufan|tulupan|tulupan xian|turfan|turfang|turpan|турфан
city	Jalalabad	34.4265	70.4515	AF	271900	Джелалабад	celalabad|djelalabad|dzhelalabad|jalakot|jalal kut|jalal-kut|jalalabad|jalalkoat|jalalkut|jalolobod|jelalabad|tarun city|джалалабад|джелалабад
city	Gijon	43.5357	-5.6615	ES	271780	Хихон	gijon|хихон|хіхон
city	Gelsenkirchen	51.5051	7.0965	DE	270028	Гельзенкирхен	gelsenkirchen|helzenkirxen|гельзенкирхен|гельзенкірхен
city	Cherkasy	49.4445	32.0574	UA	269836	Черкассы	cherkasy|чаркасы|черкаси|черкассы
city	Corum	40.5489	34.9533	TR	269595	Чорум	chorum|corum|euchaita|чарум|чорум
city	Ghulja	43.9151	81.3215	CN	269158	Гхуля	ghulja|ili diqu|yili|yili hasake zizhizhou|yining|yining shi|гхуля
city	Yoshkar-Ola	56.6388	47.8908	RU	268272	Йошкар-Ола	ioshkar ola|joschkar ola|joschkar-ola|joschkarola|tsarevokokshaysk|yoshkar ola|yoshkar-ola|yoshkarola|йошкар ола|йошкар-ола|йошкарола
city	Sterlitamak	53.6379	55.9533	RU	267231	Стерлитамак	sterlitamak|стерлитамак|стерлітамак|стэрлітамак
city	Bordeaux	44.8412	-0.5805	FR	265328	Бордо	bordeaux|bordo|бардо|бордо
city	Aachen	50.7766	6.0834	DE	265208	Ахен	aachen|aaxen|aix la chapelle|aix-la-chapelle|aixlachapelle|аахен|ахен
city	Gent	51.0500	3.7167	BE	265086	Гент	gand|gent|ghent|гент
city	Dezful	32.3811	48.4058	IR	264709	Дизфуль	dezful|дизфуль
city	Chernivtsi	48.2904	25.9324	UA	264298	Черновцы	chernivtsi|chernovits|chernovitsy|chernovsi|chernovtsy|чарнауцы|черновцы|чернівці
city	Sivas	39.7483	37.0161	TR	264022	Сивас	megalopolis|sebastia|sevas|sivas|siwas|сивас|сівас
city	Maragheh	37.3921	46.2391	IR	262604	Мераге	maragheh|мераге
city	Maragheh (IR)	35.8292	59.6332	IR	262604	Марагхех	maragheb|maragheh|марагхех
city	Moenchengladbach	51.1854	6.4417	DE	261742	Мёнхенгладбах	moenchengladbach|muenchen gladbach|muenchen-gladbach|muenchengladbach|менхенгладбах
city	Zhytomyr	50.2623	28.6791	UA	261624	Житомир	jitomir|shitomir|zhitomir|zhytomyr|житомир|жытомір
city	Karamay	45.5847	84.8872	CN	261445	Карамай	hei yu shan|hei-yu-shan|heiyushan|k'o-la-ma-i|k'o-la-ma-i-shih|k'o-na-ma-i|k'olamai|k'olamaishih|k'onamai|karamai|karamay|kelamayi|ko-la-ma-i|ko-la-ma-i-shih|ko-na-ma-i|kramaj|карамай
city	Tampere	61.4991	23.7871	FI	260646	Тампере	tammerfors|tampere|тампере|тамперэ
city	Qo'qon	40.5286	70.9425	UZ	259700	Коканд	kokand|qo qon|qo'qon|qoqon|quqon|коканд
city	Verona	45.4385	10.9938	IT	258031	Верона	verona|верона
city	Gasteiz / Vitoria	42.8500	-2.6727	ES	257407	Витория-Гастейс	gasteiz vitoria|vitoria|vitoria gasteiz|vitoria-gasteiz|vitoriagasteiz|витория гастейс|витория-гастейс|виториягастейс
city	L'Hospitalet de Llobregat	41.3597	2.1003	ES	257038	Оспиталет-де-Льобрегат	hospitalet de llobregat|l'hospitalet de llobregat|lhospitalet de llobregat|оспиталет де льобрегат|оспиталет-де-льобрегат|оспиталетдельобрегат
city	Gdynia	54.5189	18.5319	PL	257000	Гдыня	gdinya|gdynia|gotenhafen|gothenhafen|гдиня|гдыня
city	Bratsk	56.1325	101.6142	RU	256600	Братск	bratsk|братск|братськ|брацк
city	Sumy	50.9174	34.7991	UA	256474	Сумы	sumi|sumy|суми|сумы
city	Sari	36.5633	53.0601	IR	255396	Сари	sari|shahr i tajan|shahr-i-tajan|shahritajan|shari i tajan|shari-i-tajan|shariitajan|сари|сарі
city	Marg'ilon	40.4724	71.7246	UZ	253500	Маргилан	marg ilon|marg'ilon|margelan|marghilon|margilan|margilon|маргилан|маргилон
city	Brasov	45.6486	25.6061	RO	253200	Брашов	brasov|brazov|kronstant|брашов
city	Vantaa	60.2941	25.0410	FI	252724	Вантаа	vantaa|вантаа
city	Kiel	54.3213	10.1349	DE	252668	Киль	kiel|kil|kyle|киль|кіль
city	Borujerd	33.8973	48.7516	IR	251958	Боруджерд	borujerd|боруджерд
city	Qarchak	35.4287	51.5776	IR	251834	Гарчак	qarchak|гарчак
city	Afyonkarahisar	38.7567	30.5433	TR	251799	Афьонкарахисар	afioun kara hissar|afioun-kara-hissar|afiounkarahissar|afium kara hissar|afium karahisar|afiun carahissar|afiun karahissar|afiun qarahisar|afiun-carahissar|afiuncarahissar|afyon|afyoncarahisar|afyonkarahisar|kara hissar sahib|афен|афьон карахисар|афьон карахісар|афьон-карахисар|афьон-карахісар|афьонкарахисар|афьонкарахісар
city	Iskenderun	36.5872	36.1735	TR	251682	Искендерун	aleksandretta|alessandretta|alexandretta|alexandrette|alexandria ad issum|i skenderon|i skenderun|iskandariyah|iskanderun|iskenderun|myriandrus|искендерун|іскендерун|іскендэрун
city	Timisoara	45.7537	21.2257	RO	250849	Тимишоара	freidorf|josephs stadt|josephs-stadt|josephsstadt|kendetelep|szabadfalu|temeschburg|temeschwar|temesvarinum|temeswar|timisoara|тимишоара
city	A Coruna	43.3713	-8.3960	ES	250438	Ла-Корунья	a coruna|caronium|la coruna|la korunya|la-korunya|lakorunya|the groyne|а корунья|а-корунья|акорунья|ла карунья|ла корунья|ла-карунья|ла-корунья|лакарунья|лакорунья
city	Montpellier	43.6109	3.8763	FR	248252	Монпелье	monpelye|montpellier|манпелье|монпелье
city	Czestochowa	50.7965	19.1241	PL	248125	Ченстохова	chenstochov|chenstokhov|czestochowa|tschenstochau|чанстахова|ченстохова
city	Chemnitz	50.8357	12.9292	DE	247220	Хемниц	chemnitz|хемниц|хемніц
city	Orsk	51.2321	58.4880	RU	246836	Орск	orsk|орск|орськ
city	Hami	42.8339	93.5060	CN	246373	Хами	chamil|ha mi chen|ha mi hsien|ha mi shih|ha-mi-ch'eng-chen|ha-mi-chen|ha-mi-cheng-chen|ha-mi-hsien|ha-mi-shih|hami|hamich'engchen|hamichen|hamihsien|hamishih|kamil|kha mi|kha-mi|khami|khamil|komul|koumoul|kumul|qomul|qumul|хами
city	Syktyvkar	61.6639	50.8163	RU	245083	Сыктывкар	siktivkar|syktyvkar|syktywkar|ust' sysol'sk|ust'-sysol'sk|ust'sysol'sk|ust-sysolsk|сиктивкар|сыктывкар|сыктыукар|усть сысольск|усть-сысольск|устьсысольск
city	Gorgan	36.8427	54.4439	IR	244937	Горган	gorgan|горган|гургон
city	Nijnevartovsk	60.9344	76.5531	RU	244937	Нижневартовск	nijnevartovsk|nizhne vartovskaya|nizhne vartovskoye|nizhne-vartovskaya|nizhne-vartovskoye|nizhnevartovsk|nizhnevartovskaya|nizhnevartovskiy|nizhnevartovskoye|нижневартовск|нижньовартовськ|ніжнявартауск
city	Groningen	53.2192	6.5667	NL	244807	Гронинген	groningen|qroningen|вилояти гронинген|гронинген|гронінген
city	Braunschweig	52.2659	10.5267	DE	244715	Брауншвейг	braunschweig|brunswick|brunswyck|брауншвайг|брауншвейг
city	Magdeburg	52.1313	11.6319	DE	244329	Магдебург	magdeburg|maqdeburq|магдебург|магдэбург
city	Trabzon	41.0050	39.7269	TR	244083	Трабзон	atrabazandah|tarabazandah|tirabson|tirabzon|trabzon|trapezonte|trapezund|trapezunt|trapezus|trebisonda|trebizond|трабзон
city	Manisa	38.6120	27.4265	TR	243971	Маниса	magnisiyah|mahnisa|manisa|manissa|sarouhan|saruhan|маниса
city	Rivne	50.6204	26.2370	UA	243873	Ровно	rivne|rovno|rowne|ruvne|ровно|роуна|рівне
city	Sabzevar	36.2126	57.6819	IR	243700	Себзевар	sabzevar|sebzevar|сабзивор|себзевар
city	Angarsk	52.5597	103.9141	RU	243158	Ангарск	angarsk|angarskiy|anqarsk|ангарск|ангарськ
city	Novorossiysk	44.7319	37.7618	RU	241856	Новороссийск	novorossiisk|novorossisk|novorossiysk|noworossiisk|noworossijsk|новороссийск
city	Golestan	35.5183	51.1819	IR	240000	Голестан	golestan|голестан
city	Ximki	55.9001	37.4285	RU	239967	Химки	himki|khimki|moskau chimki|moskau-chimki|moskauchimki|ximki|химки|хімки|хімкі
city	Horlivka	48.2999	38.0171	UA	239828	Горловка	gorlovka|gorlowka|horlivka|qorlivka|горлаука|горловка|горлівка
city	Nalchik	43.4981	43.6189	RU	239300	Нальчик	nal'chik|nalchik|naltschik|налчик|нальчик
city	Lille	50.6339	3.0551	FR	238695	Лилль	lil|lill|lille|лилль|лілль|ліль
city	Ivano-Frankivsk	48.9231	24.7125	UA	238196	Ивано-Франковск	ivano frankivsk|ivano-frankivsk|ivanofrankivsk|ивано франковск|ивано-франковск|иванофранковск|франківськ|івано франківськ|івано-франківськ|іванофранківськ
city	Balikesir	39.6492	27.8861	TR	238151	Балыкесир	achyraus|bali kessir|bali-kessir|balikesir|balikesr|balikesri|balikessir|balukisu|belikesir|belikiser|hadrianutherae|karassi|баликесір|балыкесир|балыкесір
city	Krefeld	51.3364	6.5538	DE	237984	Крефельд	crefeld|krefeld|krefeld uerdingen|krefeld-uerdingen|krefelduerdingen|крефельд|крэфельд
city	Halle (Saale)	51.4816	11.9795	DE	237865	Галле	halle|halle saale|halle-on-the-saale|halleonthesaale|галле
city	Amol	36.4696	52.3507	IR	237528	Амоль	amol|amul|амоль
city	Freiburg	47.9959	7.8522	DE	237460	Фрайбург-им-Брайсгау	freiburg|freiburg im breisgau|фрайбург им брайсгау|фрайбург-им-брайсгау|фрайбургимбрайсгау
city	Pakdasht	35.4785	51.6834	IR	236319	Пакдашт	pakdasht|пакдашт
city	Eindhoven	51.4408	5.4778	NL	235691	Эйндховен	eindhoven|eyndhoven|ейндговен|эйндховен
city	Yakutsk	62.0311	129.7229	RU	235600	Якутск	yakutsk|yerkutsk|якутск
city	Bole	44.8933	82.0699	CN	235585	Боро-Тала	bole|bortala|боро тала|боро-тала|боротала
city	Najafabad	32.6346	51.3653	IR	235281	Наджафабад	najafabad|наджафабад
city	Elche	38.2622	-0.7011	ES	234765	Эльч	elche|ельче|эльч|эльче
city	Nizhnekamsk	55.6379	51.8150	RU	234297	Нижнекамск	nijnekamsk|nizhnekamsk|nizhnekamskiy|нижнекамск|нижньокамськ|ніжнякамск
city	Craiova	44.3167	23.8000	RO	234140	Крайова	craiova|croiova|краева|крайова
city	Granada	37.1882	-3.6067	ES	233532	Гранада	granada|granata|grenade|qranada|гранада
city	Dzerzhinsk	56.2442	43.4554	RU	233126	Дзержинск	dzerhinsh|dzerjinsk|dzerzhinsk|дзержинск|дзержинськ|дзяржынск
city	Abadan	30.3392	48.3043	IR	231476	Абадан	abadan|obodon|абадан|ободон
city	Turkmanobod	39.0733	63.5786	TM	230861	Туркменабад	chardzha|chardzhev|chardzhou|chardzhui|chardzhuy|charjou|leninsk turkmenski|leninsk turmenski|leninsk-turkmenski|leninsk-turmenski|leninskturkmenski|leninskturmenski|novo chardzhou|novo chardzhuy|novo-chardzhuy|novochardzhuy|tuerkmenabat|turkmanobod|turkmenabad|turkmenabat|туркменабад|туркменабат|түркменабат|түрікменабат
city	Mariupol	47.0951	37.5413	UA	230000	Мариуполь	mariupol|mariupol'|жданов|мариуполь|марыупаль|маріуполь
city	Ordu	40.9778	37.8905	TR	229214	Орду	ordu|орду
city	Ciudad Lineal	40.4451	-3.6513	ES	228171	Сьюдад-Линеаль	barrio ciudad lineal|ciudad lineal|сьюдад линеаль|сьюдад-линеаль|сьюдадлинеаль
city	Rennes	48.1111	-1.6743	FR	227830	Ренн	ren|rennes|roazhon|ренн|рэн
city	Sosnowiec	50.2868	19.1039	PL	227295	Сосновец	sosnovice|sosnowez|sosnowiec|sossnowitz|сасновец|сосновец|сосновець
city	Turkiston	43.2946	68.2569	KZ	227098	Туркестан	turkestan|turkistan|turkiston|туркестан|туркистон|түркстан|түркістан
city	Staryy Oskol	51.3025	37.8461	RU	226977	Старый Оскол	stary oskol|staryy oskol|старий оскол|старый оскол
city	Kamyanske	48.5172	34.6062	UA	226845	Каменское	kamyanske|кам'янське|каменское|камянське
city	Radom	51.4025	21.1471	PL	226794	Радом	radom|радам|радом
city	Varamin	35.3242	51.6457	IR	225628	Варамин	varamin|варамин
city	Ternopil	49.5540	25.5907	UA	225238	Тернополь	ternopil|тернополь|тернопіль
city	Blagoveshchensk	50.2759	127.5264	RU	225091	Благовещенск	blagoveshchensk|blagovyeshchensk|blagowjeschtschensk|hailanpao|благавешчанск|благовешенск|благовещенск|благовещенск шаары
city	Kosice	48.7144	21.2580	SK	225044	Кошице	kaschau|kassa|kosice|кошице|кошыцы
city	Kremenchuk	49.0625	33.4048	UA	224997	Кременчуг	kremenchuk|крамянчуг|кременчуг|кременчук
city	Mainz	49.9819	8.2801	DE	222889	Майнц	mainz|mayence|mayns|mogontiacum|майнц
city	Velikiy Novgorod	58.5213	31.2710	RU	222868	Великий Новгород	novgorod|nowgorod|veliki novgorod|velikiy novgorod|veliky novgorod|великий новгород
city	Tilburg	51.5555	5.0913	NL	221947	Тилбург	tilburg|тилбург|тілбург|цілбург
city	Shakhty	47.7192	40.2160	RU	221312	Шахты	aleksandrovsk grushevskiy|aleksandrovsk grushevskoy|aleksandrovsk-grushevskiy|aleksandrovsk-grushevskoy|aleksandrovskgrushevskiy|aleksandrovskgrushevskoy|schachty|shakhti|shakhty|шахти|шахты
city	Neyshabur	36.2133	58.7957	IR	220929	Нишапур	neyshabur|нишапур|нишопур
city	Saveh	35.0213	50.3566	IR	220762	Сава	saveh|сава
city	Oviedo	43.3603	-5.8448	ES	220027	Овьедо	oviedo|ауеда|овьедо
city	Messina	38.1939	15.5526	IT	219948	Мессина	messina|мессина
city	Kropyvnytskyi	48.5083	32.2662	UA	219676	Кропивницкий	kropyvnytskyi|кропивницкий|кропивницький
city	Oberhausen	51.4781	6.8625	DE	219176	Оберхаузен	oberhausen|oberhauzen|обергаузен|оберхаузен
city	Prokop'yevsk	53.9152	86.7189	RU	219000	Прокопьевск	prokop'yevo|prokop'yevsk|prokop'yevskiy|prokopyevo|prokopyevsk|prokopyevskiy|prokoyevsk|прокопьевск
city	Erfurt	50.9773	11.0354	DE	218793	Эрфурт	erfurt|ерфурт|эрфурт
city	Terrassa	41.5667	2.0167	ES	218535	Террасса	terrassa|террасса
city	Galati	45.4369	28.0503	RO	217851	Галац	galacz|galati|galatz|galaz|галатс|галац
city	Badalona	41.4500	2.2474	ES	217741	Бадалона	badalona|бадалона
city	Mokotow	52.1934	21.0349	PL	217683	Мокотув	mokotow|макотау|мокотув
city	Rybinsk	58.0456	38.8381	RU	216724	Рыбинск	andropov|rybinsk|shcherbakov|рибинск|рибінськ|рыбинск|рыбінск
city	Oulu	65.0124	25.4682	FI	216066	Оулу	oulu|uleoborg|оулу
city	Lutsk	50.7578	25.3502	UA	215986	Луцк	luck|luts'k|lutsk|луцк|луцьк
city	Zelenograd	55.9825	37.1814	RU	215727	Зеленоград	zelenograd|зеленоград
city	Biysk	52.5342	85.1966	RU	215430	Бийск	biisk|bisk|biysk|biyusk|viysk|бийск|бійськ
city	Kulob	37.9146	69.7845	TJ	214700	Куляб	kulab|kulob|kulyab|куляб
city	Cigli	38.4965	27.0703	TR	214065	Чигли	cigli|чигли
city	Cartagena	37.6020	-0.9840	ES	213943	Картахена	cartagena|картагена|картахена
city	Nazarabad	35.9541	50.6061	IR	213388	Назарабад	nazarabad|назарабад
city	Jerez de la Frontera	36.6865	-6.1361	ES	212879	Херес-де-ла-Фронтера	jerez|херес-де-ла-фронтера|хересделафронтера|херэс-дэ-ла-франтэра|херэсдэлафрантэра
city	Targu Mures	46.5425	24.5575	RO	212752	Тыргу-Муреш	muresh|targu mures|turgul mures|tyrgu muresh|tyrgu-muresh|tyrgumuresh|тиргу муреш|тиргу-муреш|тиргумуреш|тыргу муреш|тыргу мурэш|тыргу-муреш|тыргу-мурэш|тыргумуреш|тыргумурэш
city	Luebeck	53.8689	10.6873	DE	212207	Любек	lubeck|luebeck|любек
city	Sabadell	41.5433	2.1094	ES	211734	Сабадель	sabadell|сабадель
city	Santa Cruz de Tenerife	28.4682	-16.2546	ES	211359	Санта-Крус-де-Тенерифе	santa cruz|tenerife|санта-крус-де-тенерифе|санта-крус-де-тенеріфе|санта-крус-дэ-тэнэрыфэ|сантакрусдетенерифе|сантакрусдетенеріфе|сантакрусдэтэнэрыфэ
city	Konibodom	40.2941	70.4312	TJ	211100	Канибадам	kanibadam|konibodom|кoнибодом|канибадам|канібадам|конибодом
city	Burgas	42.5065	27.4689	BG	210646	Бургас	burgas|burgaz|burghaz|burqas|бургас
city	Pskov	57.8192	28.3318	RU	210501	Псков	pleskau|pskov|pskow|псков|пскоу
city	Qostanay	53.2144	63.6246	KZ	210000	Костанай	kostanay|kustanay|qo'stanay|qostanay|qustanay|костанай|кустанай
city	Pamplona	42.8169	-1.6432	ES	208243	Памплона	pamplona|памплона
city	Bila Tserkva	49.7994	30.1165	UA	207273	Белая Церковь	belaja zerkow|belaya serkov|belaya tserkov|belaya tserkov'|bila tserkva|белая царква|белая церковь|біла церква
city	Mostoles	40.3223	-3.8650	ES	207095	Мостолес	mostoles|мосталес|мостолес
city	Turku	60.4515	22.2687	FI	206655	Турку	abo|turku|турку
city	Bobruysk	53.1468	29.2055	BY	205502	Бобруйск	babruysk|bobruisk|bobruysk|бoбруйск|бабруйск|бобруйск
city	Qa'em Shahr	36.4667	52.8676	IR	204953	Каэмшехр	qa'em shahr|qaem shahr|каэмшехр
city	Linz	48.3064	14.2861	AT	204846	Линц	linz|линц|лінц
city	Trieste	45.6495	13.7768	IT	204338	Триест	triest|trieste|trst|триест|трыест
city	Padua	45.4080	11.8859	IT	203725	Падуя	padoue|padova|padua|падуя
city	Osmaniye	37.0742	36.2478	TR	202837	Османие	cebelibereket|gebelibereket|osmaniye|асманіе|османие
city	Babol	36.5510	52.6786	IR	202796	Баболь	babol|balfrush|barfarush|barfrush|баболь
city	Corlu	41.1607	27.8009	TR	202578	Чорлу	chorlu|corlu|tzirallum|tzurullum|чарлу|чорлу
city	Debrecen	47.5317	21.6244	HU	202402	Дебрецен	debrecen|debreczen|debreczin|дебрецен|дебречин
city	Dasoguz	41.8362	59.9666	TM	201142	Дашогуз	dashhowuz|dashkhovuz|dashoguz|dasoguz|tashauz|toshhovuz|дасогуз|дашагуз|дашогуз|дашогыз
city	Petropavl	54.8734	69.1506	KZ	200920	Петропавловск	kazakh|petropavl|petropavlovsk|petropawlowsk|qizilzhar|qyzyljar|петропавл|петропавловск|петропавловськ
city	Brescia	45.5356	10.2147	IT	200423	Брешиа	brescia|брешиа
city	Nasimshahr	35.5653	51.1583	IR	200393	Насимшахр	nasimshahr|насимшахр
city	Charleroi	50.4114	4.4445	BE	200132	Шарлеруа	charleroi|шарлеруа
city	Sirjan	29.4514	55.6809	IR	199704	Сирджан	sircan|sirjan|сирджан
city	Balakovo	52.0264	47.7967	RU	199572	Балаково	balakovo|балакова|балаково
city	Armavir	44.9985	41.1147	RU	199548	Армавир	aramir|armavir|armawir|армавир|армавір
city	Yuzhno-Sakhalinsk	46.9543	142.7356	RU	198973	Южно-Сахалинск	toyohara|toyokhara|urajimirofuka|yujno sahalinsk|yujno saxalinsk|yujno-sahalinsk|yujno-saxalinsk|yujnosahalinsk|yujnosaxalinsk|yuzhno sakhalinsk|yuzhno-sakhalinsk|yuzhnosakhalinsk|оңтүстік сахалинск|оңтүстік-сахалинск|оңтүстіксахалинск|түндүк сахалинск|түндүк-сахалинск|түндүксахалинск|южна сахалінск|южна-сахалінск|южнасахалінск|южно сахалинск|южно сахалінськ|южно-сахалинск|южно-сахалінськ|южносахалинск|южносахалінськ
city	Hagen	51.3608	7.4717	DE	198972	Хаген	hagen|хаген
city	Khuy	38.5503	44.9521	IR	198845	Хой	khoi|khowy|khoy|khuy|khvoy|хой
city	Gliwice	50.2976	18.6766	PL	198835	Гливице	gleiwitz|gliwice|гливице|глівіце|глівіцы
city	Changji	44.0078	87.3046	CN	198776	Чанцзи	ch'ang chi|ch'ang chi chen|ch'ang chi hsien|ch'ang-chi|ch'ang-chi-chen|ch'ang-chi-hsien|ch'angchi|ch'angchichen|ch'angchihsien|chang-chi|chang-chi-chen|chang-chi-hsien|changji|changji shi|changki|chanki|chantszi|ning pien i|ning-pien-i|ningpieni|sandzhi|yan'an beilu|yanan beilu|чанцзи
city	Taranto	40.4644	17.2471	IT	198585	Таранто	taranto|таранто
city	Rzeszow	50.0413	21.9990	PL	198317	Жешув	reichshof|rjeshov|rzeszow|zheshev|zheshuv|жешув|жэшау|ржешув|ряшів
city	Rostock	54.0887	12.1405	DE	198293	Росток	rostock|rostok|ростак|росток
city	Parma	44.7993	10.3262	IT	198292	Парма	parma|парма
city	Arnavutkoey	41.1835	28.7402	TR	198165	Арнавуткоей	arnavutkoey|арнавуткоей
city	Kassel	51.3167	9.5000	DE	197230	Кассель	kassel|касель|кассель
city	Birjand	32.8663	59.2211	IR	196982	Бирдженд	birdjand|birjand|бирдженд
city	Torun	53.0138	18.5981	PL	196935	Торунь	thorn|torun|toruni|торунь
city	Almeria	36.8381	-2.4597	ES	196851	Альмерия	almeria|unci|альмерия|альмерыя|альмерія
city	Izmit	40.7650	29.9293	TR	196571	Измит	astacus|cocaeli|i zmit|ismid|ismit|isnimid|izmid|izmit|kodja eli|kodja-eli|kodjaeli|koja ili|koja-ili|kojaili|nikomedeia|nikomedia|измит
city	Reims	49.2653	4.0285	FR	196565	Реймс	reims|rheims|реймс|рэймс
city	Khirdalan	40.4481	49.7550	AZ	196200	Хырдалан	khirdalan|khurdalan|khyrdalan|xirdalan|хырдалан
city	Engels	51.4839	46.1053	RU	196011	Энгельс	enehl's|enehls|engel's|engels|pokrovsk|pokrovskaya|pokrovskaya sloboda|енгельс|энгельс
city	Liege	50.6337	5.5675	BE	195278	Льеж	liege|lige|luik|льеж
city	Prato	43.8805	11.0970	IT	195089	Прато	prato|прато
city	Severodvinsk	64.5583	39.8297	RU	194292	Северодвинск	molotovsk|molotowsk|severodvinsk|sudostroy|северадзвінск|северодвинск
city	Duezce	40.8389	31.1639	TR	194097	Дюзджe	duezce|dusje|duzdje|dyuzje|дюзджe|дүзджe|дүзче
city	Alcala de Henares	40.4821	-3.3600	ES	193751	Алькала-де-Энарес	alcala de henares|алькала де енарес|алькала де энарес|алькала дэ энарэс|алькала-де-енарес|алькала-де-энарес|алькала-дэ-энарэс|алькаладеенарес|алькаладеэнарес|алькаладээнарэс
city	Basaksehir	41.1060	28.7910	TR	193750	Басаксехийр	basaksehir|басаксехийр
city	Bukan	36.5210	46.2089	IR	193501	Букан	bokan|bukan|букан
city	Kielce	50.8703	20.6275	PL	192468	Кельце	kel'tsy|keltse|keltsy|kielce|келце|кельце|кельцы
city	Zabrze	50.3249	18.7858	PL	192177	Забже	zabje|zaborze|zabrze|забже|забжэ
city	Bojnurd	37.4747	57.3290	IR	192041	Боджнурд	bojnord|bojnourd|bojnurd|боджнурд
city	Zlatoust	55.1718	59.6547	RU	191366	Златоуст	zlatoust|zlatoutsk|златавуст|златоуст
city	Angren	41.0167	70.1436	UZ	191300	Ангрен	angren|angrenshakhtstroy|turk|turn|ангрен
city	Xo'jand	40.2826	69.6222	TJ	191000	Худжанд	hodjent|hucand|khodyent|khodzhent|khojend|khudzhand|khujand|kojend|leninabad|leninobod|ursaten|xo'jand|xojand|xujand|худжанд|хужант
city	Fuenlabrada	40.2842	-3.7942	ES	190496	Фуэнлабрада	fuenlabrada|фуенлабрада|фуэнлабрада
city	Jinshanlu	47.8505	88.1329	CN	190064	Алтайская	a erh t'ai|a le t'ai|a lo t'ai|a shan|a-erh-t'ai|a-erh-tai|a-le-t'ai|a-le-tai|a-lo-t'ai|a-lo-t'ai-chen|a-lo-t'ai-hsien|a-lo-tai|a-lo-tai-chen|a-lo-tai-hsien|a-shan|aerht'ai|alet'ai|aletai|aletai zhen|alot'ai|alot'aichen|alot'aihsien|altai|altai sharasume|altai-sharasume|altaisharasume|altay|ashan|ch'eng hua|ch'eng hua hsien|ch'eng hua ssu|ch'eng-hua|ch'eng-hua-hsien|ch'eng-hua-ssu|ch'enghua|ch'enghuahsien|ch'enghuassu|cheng hua sze|cheng-hua|cheng-hua-hsien|cheng-hua-ssu|cheng-hua-sze|chenghuasze|chenghwa|chenghwasze|chenkhua|jinshanlu|shara sumu|shara-sumu|sharasume|sharasumu|t'u lo t'a|t'u-lo-t'a|t'ulot'a|tu-lo-ta|tulta|алтайская
city	Syzran	53.1585	48.4681	RU	189338	Сызрань	sysran|syzran|syzran'|сызрань
city	Bytom	50.3480	18.9328	PL	189186	Бытом	bytom|битом|бытaм|бытом
city	Leganes	40.3272	-3.7635	ES	188425	Леганес	leganes|леганес
city	Pilsen	49.7475	13.3776	CZ	187863	Пльзень	pilsen|plzen|пильзень|плзен|пльзень
city	Getafe	40.3057	-3.7330	ES	187525	Хетафе	getafe|хетафе|хетафэ
city	Kirikkale	39.8453	33.5064	TR	186960	Кырыккале	kirikkale|кириккале|кырыкале|кырыккале
city	Batumi	41.6408	41.6306	GE	186949	Батуми	bat'umi|batoum|batum|batumi|батуми|батумі
city	Le Havre	49.4935	0.1079	FR	185972	Гавр	havr|le havre|гавр|гаур
city	San Sebastian	43.3128	-1.9750	ES	185357	Сан-Себастьян	donostia|donostia san sebastian|san sebastian|сан себастьян|сан-себастьян|сансебастьян
city	Kuetahya	39.4242	29.9833	TR	185008	Кютахья	cotiaeum|cotyaeum|kuetahya|kutahiyah|kutaia|kutaya|кютахья|кютахя
city	Potsdam	52.3989	13.0657	DE	184754	Потсдам	potsdam|poztupimi|потсдам
city	Modena	44.6478	10.9254	IT	184732	Модена	modena|модена
city	Bolu	40.7358	31.6061	TR	184682	Болу	boli|bolu|claudiopolis|балу|болу
city	Abakan	53.7154	91.4259	RU	184168	Абакан	abakan|abakanskoye|абакан|абакан шаары
city	Breda	51.5866	4.7760	NL	184126	Бреда	breda|бреда|бредо|брэда
city	Castello de la Plana	39.9857	-0.0493	ES	183711	Кастельон-де-ла-Плана	castellon|кастельон-де-ла-плана|кастельонделаплана
city	Cergy-Pontoise	49.0389	2.0781	FR	183430	Сержи-Понтуаз	cergy pontoise|cergy-pontoise|cergypontoise|сержи понтуаз|сержи-понтуаз|сержипонтуаз
city	Oradea	47.0458	21.9183	RO	183105	Орадя	oradea|арадзя|оради|орадя
city	Saarbruecken	49.2326	7.0098	DE	182971	Саарбрюккен	saarbruecken|саарбрукен|саарбрюккен
city	Termiz	37.2242	67.2783	UZ	182800	Термез	termez|termiz|tirmiz|термез|термиз|терміз
city	Kamensk-Ural'skiy	56.4063	61.9335	RU	182500	Каменск-Уральский	kamenisk|kamensk|kamensk ural'skiy|kamensk uralsky|kamensk-ural'skiy|kamensk-uralskiy|kamensk-uralsky|kamenskural'skiy|kamenskuralsky|каменск|каменск уральский|каменск-уральский|каменскуральский
city	Reggio Calabria	38.1105	15.6613	IT	182455	Реджо-ди-Калабрия	reggio calabria|reggio di calabria|реджо ди калабрия|реджо-ди-калабрия|реджодикалабрия
city	Petropavlovsk-Kamchatsky	53.0639	158.6275	RU	181216	Петропавловск-Камчатский	petropavlovsk|petropavlovsk kamchatski|petropavlovsk kamchatskiy|petropavlovsk kamchatsky|petropavlovsk-kamchatskiy|petropavlovsk-kamchatsky|petropavlovskkamchatskiy|petropavlovskkamchatsky|петрапаулауск камчацкі|петрапаулауск-камчацкі|петрапаулаусккамчацкі|петропавловск камчатский|петропавловск-камчатский|петропавловсккамчатский|петропавловськ камчатський|петропавловськ-камчатський|петропавловськкамчатський
city	Fardis	35.7555	50.9967	IR	181174	Фардис	fardis|фардис
city	Odense	55.3959	10.3883	DK	180863	Оденсе	odense|оденсе|одэнсэ
city	Ploiesti	44.9500	26.0167	RO	180540	Плоешти	ploiesti|плоешти
city	Edirne	41.6772	26.5560	TR	180002	Эдирне	adrianopel|adrianople|adrianopol|adrianopoli|adrianoupolis|adrinople|edirne|hadrianople|hadrianopolis|odrin|едірне|эдирне|эдырнэ
city	Praga Poludnie	52.2442	21.0855	PL	179836	Прага-Полудне	praga poludnie|прага полудне|прага-полудне|прагаполудне
city	Podolsk	55.4242	37.5547	RU	179400	Подольск	podolsk|подольск
city	Jizzax	40.1335	67.8296	UZ	179200	Джизак	cizzak|cizzax|dishsak|dzhizak|jizak|jizzakh|jizzax|джизак|джиззак|жызак
city	Hamm	51.6803	7.8209	DE	178967	Хамм	hamm|гамм|хам|хамм
city	Nijmegen	51.8425	5.8528	NL	177359	Неймеген	nijmegen|nijmeyen|nimwegen|nymegen|наймеген|неймеген
city	Uppsala	59.8588	17.6389	SE	177074	Уппсала	uppsala|уппсала|упсала
city	Bielsko-Biala	49.8225	19.0469	PL	176515	Бельско-Бяла	bielsko biala|bielsko-biala|bielskobiala|byala|бельско бяла|бельско-бяла|бельскобяла|бельсько бяла|бельсько-бяла|бельськобяла
city	Almere Stad	52.3702	5.2141	NL	176432	Алмере Стад	almere|almere stad|алмере стад
city	Burgos	42.3411	-3.7018	ES	176418	Бургос	burgos|burqos|бургас|бургос
city	Saint-Etienne	45.4339	4.3900	FR	176280	Сент-Этьен	saint etienne|saint-etienne|saintetienne|sent etyen|sent-etyen|sentetyen|сент этьен|сент эцьен|сент-этьен|сент-эцьен|сентэтьен|сентэцьен
city	Karaman	37.1811	33.2150	TR	175390	Караман	darende|karaman|laranda|караман
city	Siverek	37.7550	39.3167	TR	175341	Сивереке	severek|siverek|suverek|сивереке
city	Santander	43.4659	-3.8049	ES	173635	Сантандер	santander|сантандер|сантандэр
city	Shahin Shahr	32.8579	51.5529	IR	173329	Шахиншехр	shahin shahr|шахиншехр
city	Muelheim	51.4322	6.8797	DE	173050	Мюльхайм-на-Руре	muelheim|мюльхайм на руре|мюльхайм-на-руре|мюльхаймнаруре
city	Albacete	38.9942	-1.8564	ES	173050	Альбасете	albacete|albasete|альбасете|альбасетэ
city	Alcorcon	40.3458	-3.8249	ES	172384	Алькоркон	alcorcon|алькаркон|алькоркон
city	Isparta	37.7644	30.5522	TR	172334	Испарта	baris|hamid|hamid abad|hamid-abad|hamidabad|hamitabat|i sparta|i zparta|isbarta|isparta|ispartah|izbarta|sparta|ysparta|испарта|ыспарта
city	Klaipeda	55.7068	21.1391	LT	172292	Клайпеда	klaipada|klaipeda|klajpeda|klaypeda|memel|клайпеда
city	Herne	51.5388	7.2257	DE	172108	Херне	herne|герне|херне|хернэ
city	Reggio nell'Emilia	44.6983	10.6312	IT	171944	Реджо-Эмилия	reggio emilia|reggio nell'emilia|reggio nellemilia|реджо эмилия|реджо-эмилия|реджоэмилия
city	Temirtau	50.0520	72.9550	KZ	170600	Темиртау	samarand|samarka|samarkand|samarkandskoye|temirtau|темиртау|теміртау
city	Malayer	34.3016	48.8217	IR	170237	Мелайер	malayer|мелайер
city	Baranovichi	53.1326	26.0078	BY	170039	Барановичи	baranavichy|baranoviche|baranovichi|baranowitschi|баранавічы|барановичи
city	Olsztyn	53.7838	20.4927	PL	169793	Ольштын	allenshteyn|allenstein|olshtin|olsztyn|олштын|ольштин|ольштын
city	Arad	46.1833	21.3167	RO	169065	Арад	altarad|arad|aradinum vetus|mikelaka|orodinum|арад
city	Toulon	43.1244	5.9284	FR	168701	Тулон	toulon|toulon sur mer|toulon-sur-mer|toulonsurmer|тулон
city	Piranshahr	36.7010	45.1413	IR	168393	Пираншехр	khaneh|piranshahr|пероншахр|пираншехр|піраншерх
city	Mahabad	36.7631	45.7222	IR	168393	Махабад	mahabad|махабад
city	Angers	47.4716	-0.5520	FR	168279	Анже	angers|anje|анже|анжэ
city	Berezniki	59.4091	56.8204	RU	167748	Березники	beresniki|berezniki|usol'ye solikamskoye|usol'ye-solikamskoye|usol'yesolikamskoye|usolye-solikamskoye|березники|бярэзнікі
city	Volgodonsk	47.5114	42.1527	RU	167731	Волгодонск	volgodonsk|volqodonsk|валгадонск|волгодонск|волгодонськ
city	Miass	55.0455	60.1076	RU	167500	Миасс	miass|миасс|міас
city	Darmstadt	49.8717	8.6503	DE	167029	Дармштадт	darmstadt|darmundestadt|дармштадт|дармштат
city	Mary	37.5938	61.8303	TM	167027	Мары	mari|mary|merv|мари|мары|мары шаары
city	Novocherkassk	47.4222	40.0937	RU	166974	Новочеркасск	novocherkask|novocherkassk|nowotscherkask|nowotscherkassk|новачаркаск|новочеркасск|новочеркаськ
city	Linkoeping	58.4109	15.6216	SE	166673	Линчёпинг	linkoeping|линчепинг|лінчепінг|лінчэпінг
city	Osnabrueck	52.2726	8.0498	DE	166462	Оснабрюк	osnabrueck|аснабрук|оснабрюк
city	Bushehr	28.9689	50.8366	IR	165377	Бушир	abu shehr|abuschehr|bandar abu shehr|bouchehr|buschir|bushehr|bushire|бушер|бушир
city	Saqqez	36.2499	46.2735	IR	165258	Секкез	saghez|saqqez|saqqiz|саккиз|секкез
city	Goelbasi	39.7904	32.8090	TR	165201	Гёльбаши	goelbasi|гельбаши
city	Shahrud	36.4182	54.9763	IR	165000	Имамшехр	emamshahr|shahrud|имамшехр
city	Solingen	51.1734	7.0845	DE	164359	Золинген	solingen|золинген|золінген
city	Nazran	43.2260	44.7732	RU	164131	Назрань	imeni kost khetagurova|imeni kost-khetagurova|imeni kostkhetagurova|kazran|kosta khetagurovo|kosta-khetagurovo|kostakhetagurovo|nazran|nazran'|назра нь|назрань
city	Ludwigshafen am Rhein	49.4812	8.4464	DE	163196	Людвигсхафен-на-Рейне	ludwigshafen|ludwigshafen am rhein|людвигсхафен на рейне|людвигсхафен-на-рейне|людвигсхафеннарейне
city	Bueyuekcekmece	41.0207	28.5850	TR	163140	Буеюекджекмедже	bueyuekcekmece|буеюекджекмедже
city	Aydin	37.8450	27.8396	TR	163022	Айдын	aydin|tralleis|айдин|айдын
city	Chirchiq	41.4689	69.5822	UZ	162800	Чирчик	chirchik|chirchiq|tschirtschik|чирчик|чырчык
city	Bandar-e Mahshahr	30.5566	49.1885	IR	162797	Бендер-Махшехр	bandar e mahshahr|bandar ma sbur|bandar mah shahr|bandar mah sharh|bandar mah-shahr|bandar mahshahr|bandar mashoor|bandar mashour|bandar mashur|bandar-e mahshahr|bandar-mashoor|bandar-mashour|bandare mahshahr|bandarmashoor|bandarmashour|mah shahr|mashur|бендер махшехр|бендер-махшехр|бендермахшехр
city	Leverkusen	51.0303	6.9843	DE	162738	Леверкузен	leverkusen|леверкузен
city	Haarlem	52.3808	4.6368	NL	162543	Харлем	haarlem|гарлем|харлем
city	Arnhem	51.9800	5.9111	NL	162424	Арнем	arnheim|arnhem|арнем
city	Kunduz	36.7289	68.8570	AF	161902	Кундуз	kondoz|kunduz|qunduz|shahr e qondoz|shahr-e qondoz|shahre qondoz|кундуз|кұндұз
city	Rubtsovsk	51.5147	81.2061	RU	161065	Рубцовск	rubtsovsk|rustovsk|рубцовск|рубцовськ|рубцоуск
city	Tacheng	46.7454	82.9585	CN	161037	Чугучак	ch'ukuchak|chuguchak|chuguchalk|chuguchuk|chukuchak|qoqek|t'a ch'eng chen|t'a ch'eng hsien|t'a-ch'eng-chen|t'a-ch'eng-hsien|t'a-erh-pa-ha|t'a-erh-pa-ha-t'ai|t'ach'engchen|t'ach'enghsien|t'aerhpaha|t'aerhpahat'ai|ta-cheng-chen|ta-cheng-hsien|ta-erh-pa-ha|ta-erh-pa-ha-tai|tachen|tacheng|tacheng xiang|tachzn|tahcheng|tancheng|tarbagatai|tchougoutchak|tchuruchak|чугучак
city	's-Hertogenbosch	51.6992	5.3042	NL	160783	Хертогенбос	's hertogenbosch|'s-hertogenbosch|'shertogenbosch|hertogenbosch|s-hertogenbosch|хертогенбос
city	Szeged	46.2530	20.1482	HU	160766	Сегед	kiskundorozsma|seghedin|szeged|сегед
city	Anderlecht	50.8362	4.3145	BE	160553	Андерлехт	anderlecht|андерлехт
city	Mytishchi	55.9110	37.7296	RU	160542	Мытищи	mytischtschi|mytishchi|mytishi|митищі|мытищи|мыцішчы
city	Dijon	47.3134	5.0139	FR	159941	Дижон	dijon|дижон|дыжон|діжон
city	Salavat	53.3828	55.9109	RU	159893	Салават	salavat|салават
city	Oldenburg	53.1404	8.2148	DE	159218	Ольденбург	oldenburg|ольденбург|ольдэнбург
city	Grenoble	45.1787	5.7148	FR	158552	Грeнобль	grenoble|грeнобль|гренобль|грэнобль
city	Salzburg	47.7994	13.0440	AT	157245	Зальцбург	salzburg|zaltsburq|зальцбург|иелати залтсбург
city	Ussuriysk	43.8047	131.9573	RU	157068	Уссурийск	nikol'sk ussuriyskiy|nikol'sk-ussuriyskiy|nikol'skussuriyskiy|nikolaevsk ussuri|nikolaevsk-ussuri|nikolaevskussuri|nikolsk-ussuriyskiy|ussuriysk|voroshilov|уссурийск
city	Livorno	43.5443	10.3262	IT	157017	Ливорно	leghorn|livorn|livorno|ливорно
city	Tiraspol	46.8428	29.6284	MD	157000	Тирасполь	tiraspol|tiraspol'|тираспол|тирасполь|ціраспаль
city	Marbella	36.5154	-4.8858	ES	156295	Марбелья	marbella|марбeлья|марбелля|марбелья
city	Eregli	37.5133	34.0467	TR	156253	Эрегли	cybistra|eregli|heraclea|ереглі|эрегли
city	OErebro	59.2741	15.2066	SE	155989	Эребру	oerebro|еребру|эребру|эрэбру
city	Braila	45.2715	27.9743	RO	154686	Брэила	braila|brailov|breila|i brail|браила|брэила
city	Lyubertsy	55.6772	37.8932	RU	154650	Люберцы	ljuberzy|lubertsi|lyubertsy|люберцы|люберці
city	Miskolc	48.1033	20.7781	HU	154521	Мишкольц	miskolc|miskolcz|miskole|мишковець|мишкольц|мішкольц
city	Wujiaqu	44.1628	87.5217	CN	154400	Уцзяцюй	wujiaqu|wujiaqu shi|уцзяцюй
city	Kovrov	56.3575	41.3189	RU	154224	Ковров	kovrov|kowrow|кауроу|ковров
city	Viransehir	37.2235	39.7552	TR	154163	Вираншехире	antoninopolis|veeranshahr|viransehir|wiranschehir|вираншехире
city	Enschede	52.2183	6.8958	NL	153655	Энсхеде	enschede|енсхеде|энсхеде|энсхедэ
city	Neuss	51.1981	6.6850	DE	152457	Нойс	neuss|нойс
city	Gonbad-e Kavus	37.2500	55.1672	IR	151910	Гомбеде-Кавус	dashte gorgan|gonbad e kavus|gonbad qavoos|gonbad-e kavus|gonbade kavus|гомбеде кавус|гомбеде-кавус|гомбедекавус
city	Regensburg	49.0151	12.1016	DE	151389	Регенсбург	ratisbon|regensburg|регенсбург|рэгенсбург
city	Logrono	42.4661	-2.4512	ES	151164	Логроньо	logrono|лагронья|логроньйо|логроньо
city	Erzincan	39.7392	39.4901	TR	150714	Эрзинджан	arzanjan|aziris|ersindjan|ersingan|ersingjan|erzincan|erzindjan|erzingan|erzinjan|yerznka|ерзинжан|ерзінджан|эрзинджан|эрзинжан
city	Kirsehir	39.1458	34.1639	TR	150700	Кыршехир	justinianopolis|kirsehir|kirshahr|kirshehr|kirshekhir|mocissus|mokissus|киршехір|кыршехир|кыршэхір|кырышехир
city	La Laguna	28.4853	-16.3201	ES	150661	Ла-Лагуна	la laguna|ла лагуна|ла-лагуна|лалагуна
city	Kokshetau	53.2841	69.3936	KZ	150649	Кокшетау	ko'kshetau|kochetayev|kokchetar|kokchetau|kokchetav|kokshetau|kukshetau|кокшетау|кукшетау|көкчө тоо|көкчө-тоо|көкчөтоо|көкшетау
city	Badajoz	38.8779	-6.9706	ES	150530	Бадахос	badajoz|бадахос
city	Kiziltepe	37.1884	40.5772	TR	150174	Кызылтепе	kiziltepe|kochkhisar|kyzyltepe|кызылтепе
city	Balashikha	55.7948	37.9479	RU	150103	Балашиха	balaschicha|balashikha|balishikha|балашиха|балашыха
city	Ursynow	52.1505	21.0504	PL	149775	Урсынов	ursynow|урсинув|урсынов
city	Cagliari	39.2305	9.1192	IT	149257	Кальяри	cagliari|kalyari|кальяри|кальяры|кальярі
city	Kerch	45.3567	36.4754	UA	148932	Керчь	kerch|керч|керчь
city	Marvdasht	29.8741	52.8026	IR	148858	Мервдешт	marvdasht|мервдешт
city	Melitopol	46.8473	35.3820	UA	148851	Мелитополь	melitopol|мелитополь|мелітополь
city	Jyvaeskylae	62.2415	25.7209	FI	148744	Ювяскюля	jyvaeskylae|йювяскюля|ювяскюля
city	Rimini	44.0575	12.5653	IT	148688	Римини	rimini|римини|ріміні
city	Nimes	43.8366	4.3579	FR	148236	Ним	nimes|nismes|ним|нім
city	Clermont-Ferrand	45.7797	3.0868	FR	147865	Клермон-Ферран	clermont|clermont ferrand|clermont-ferrand|clermontferrand|klermon feran|klermon-feran|klermonferan|клермон феран|клермон ферран|клермон-феран|клермон-ферран|клермонферан|клермонферран
city	Kolomna	55.0711	38.7840	RU	147690	Коломна	kolomna|каломна|коломна
city	Rafsanjan	30.4067	55.9939	IR	147680	Рафсанджане	rafsanjan|рафсанджане
city	Mestre	45.4917	12.2454	IT	147662	Местре	местре
city	Aqtau	43.6611	51.1739	KZ	147443	Актау	aktau|aktauskiy|aktav|aqtau|актау
city	Kramatorsk	48.7311	37.5678	UA	147145	Краматорск	kramators'k|kramatorsk|kramatorskaja|kramatorskaya|краматорск|краматорска|краматорськ
city	Nakhodka	42.8436	132.9183	RU	146920	Находка	nahodka|nakhodka|naxodka|находка
city	Aix-en-Provence	43.5283	5.4497	FR	146821	Экс-ан-Прованс	aix|aix en provence|aix-en-provence|aixenprovence|екс ан прованс|екс-ан-прованс|ексанпрованс|экс ан прованс|экс-ан-прованс|эксанпрованс
city	Saint-Quentin-en-Yvelines	48.7719	2.0189	FR	146598	Сен-Кантен-ан-Ивелин	saint-quentin-en-yvelines|saintquentinenyvelines|сен-кантен-ан-ивелин|сенкантенанивелин
city	Ruda Slaska	50.2584	18.8563	PL	146189	Руда-Сленска	ruda|ruda slaska|руда сленска|руда сленская|руда шльонська|руда-сленска|руда-сленская|руда-шльонська|рудасленска|рудасленская|рудашльонська
city	Pecs	46.0762	18.2281	HU	145347	Печ	fuenfkirchen|hird|meced sabolc|mecek sabolc|mecsekalja|mecsekszabolcs|nadapipad|nadarpad|patacs|pecs|quinque ecclesiae|somogy|vasas|печ
city	Urganch	41.5518	60.6314	UZ	145000	Ургенч	novo urgench|novo-urgench|novourgench|urganch|urgench|yrgench|урганч|ургенч|үргенш
city	Salamanca	40.9688	-5.6639	ES	144825	Саламанка	salamanca|саламанка
city	Le Mans	48.0021	0.2025	FR	144515	Ле-Ман	le mans|ле ман|ле-ман|леман
city	Elektrostal'	55.7865	38.4571	RU	144387	Электросталь	elektrostal|elektrostal'|электросталь
city	Huelva	37.2664	-6.9400	ES	144258	Уэльва	huelva|уэльва
city	Navoiy	40.0844	65.3792	UZ	144158	Навои	kermene|kermine|nava|navai|navoi|navoiy|navoy|nawoiy|nazoy|nevai|набайы|навои|науай
city	Canakkale	40.1555	26.4127	TR	143622	Чанаккале	abydus|canakkale|chanak|chanaq|dardanelles|kale sultanie|kale-sultanie|kalesultanie|чанаккала|чанаккале
city	Heidelberg	49.4077	8.6908	DE	143345	Хайдельберг	heidelberg|heidelburg|heydelberq|гайдельберг|гейдельберг|гейдэльберг|хайдельберг
city	Amiens	49.9000	2.3000	FR	143086	Амьен	amiens|амен|амьен
city	Aalborg	57.0480	9.9187	DK	142937	Ольборг	aalborg|olborg|алборг|ольбарг|ольборг
city	Pyatigorsk	44.0500	43.0504	RU	142865	Пятигорск	five mountains|pjatigorsk|pyatigorsk|пятигорск|пятигорськ
city	Shahrisabz	39.0578	66.8342	UZ	142700	Шахрисабз	schachrissjabs|shahri i sabz|shahri-i-sabz|shahriisabz|shahrisabz|shakhrisabz|shakhrisabzs|shakhrisyabz|шахрисабз|шахрысабз
city	Rybnik	50.0971	18.5418	PL	142510	Рыбник	rybnik|рибник|рыбник|рыбнік
city	Paderborn	51.7191	8.7544	DE	142161	Падерборн	paderborn|падерборн|падэрборн
city	Maykop	44.6079	40.1024	RU	141970	Майкоп	maikop|maykop|майкоп
city	Kamalshahr	35.8619	50.8742	IR	141669	Кемальшехр	kamalshahr|кемальшехр
city	Zheleznodorozhnyy	55.7440	38.0168	RU	141648	Железнодорожный	obiralovka|zheleznodorozhny|zheleznodorozhnyy|железнодорожный
city	Jahrom	28.5000	53.5605	IR	141634	Джехром	jahrom|джехром
city	Tours	47.3948	0.7040	FR	141621	Тур	tours|тур
city	Tarragona	41.1191	1.2454	ES	141542	Таррагона	tarragona|таррагона
city	Pitesti	44.8500	24.8667	RO	141275	Питешты	pitesti|питешти|питешты|пітешть
city	Limoges	45.8336	1.2476	FR	141176	Лимож	limages|limoges|лимож|лімож
city	Ghazni	33.5539	68.4210	AF	141000	Газни	gazna|gazni|ghazni|qazni|газна|газни
city	Wola	52.2348	20.9600	PL	140958	Воля	wola|воля
city	Ilam	33.6374	46.4227	IR	140940	Илам	ilam|илам
city	Norilsk	69.3535	88.2027	RU	140800	Норильск	noril'sk|norilsk|norilskoe|нарыльск|норилск|норильск|норильськ
city	Lleida	41.6167	0.6222	ES	140797	Лерида	lleida|лерида
city	Al'met'yevsk	54.9040	52.3179	RU	140437	Альметьевск	al'met'yevo|al'met'yevsk|almetyevo|almetyevsk|альметьевск
city	Zaanstad	52.4531	4.8136	NL	140085	Занстад	zaanstad|занстад
city	Torbat-e Heydariyeh	35.2740	59.2195	IR	140019	Торбете-Хейдерие	torbat e heydari|torbat e heydariyeh|torbat-e heydariyeh|torbat-e-heydari|torbate heydariyeh|torbateheydari|turbat i haidari|turbat-i-haidari|turbatihaidari|turbet i haidari|turbet-i-haidari|turbetihaidari|торбете хейдерие|торбете-хейдерие|торбетехейдерие
city	Chamartin	40.4621	-3.6766	ES	140000	Чамартин	chamartin|чамартин
city	Amersfoort	52.1550	5.3875	NL	139914	Амерсфорт	amersfoort|амерсфорт
city	Korolev	55.9142	37.8256	RU	139798	Королёв	korolev|korolyov|каралеу|королев|корольов
city	Sollentuna	59.4280	17.9509	SE	139606	Соллентуна	sollentuna|соллентуна
city	Kolpino	59.7507	30.5886	RU	138979	Колпино	kolpino|колпино|колпіна
city	Odintsovo	55.6698	37.2772	RU	137041	Одинцово	odintsovo|адзінцова|одинтсово|одинцово
city	Foggia	41.4584	15.5519	IT	137032	Фоджа	foggia|фоджа
city	Apeldoorn	52.2100	5.9694	NL	136670	Апелдорн	apeldoorn|апелдорн
city	Marivan	35.5183	46.1830	IR	136654	Мериван	dezh shapoor|marivan|мериван
city	Bacau	46.5672	26.9138	RO	136087	Бакэу	bacau|бакеу|бакэу
city	Tumxuk	39.8698	79.0612	CN	135727	Тумсук	tumushuke|tumxuk|тумсук
city	Kutaisi	42.2679	42.6946	GE	135201	Кутаиси	kutais|kutaisi|kutaisk|kutaissi|кутаиси
city	Andimeshk	32.4615	48.3537	IR	135116	Эндимешк	andimeshk|andremeshl|эндимешк
city	Shahreza	32.0088	51.8641	IR	134952	Шехреза	qomsheh|qowmsheh|qumisheh|shahreza|shahriza|шехреза
city	Miandoab	36.9667	46.1096	IR	134425	Миандоаб	miandoab|миандоаб
city	Nevinnomyssk	44.6333	41.9444	RU	134345	Невинномысск	nevinnomyskaya|nevinnomyssk|nevinnomysskaya|nevinnonyssk|nevinomysk|newinnomyssaja|newinnomyssk|newinnomysskaja|невинномисск|невинномиськ|невинномысск|нявіннамыск
city	Sibiu	45.8000	24.1500	RO	134309	Сибиу	sibiu|сибиу|сібіу
city	Cizre	37.3302	42.1848	TR	134041	Джизре	beit zabde|bezabde|cizre|dzhizre|jazirhe-a-ibn-a omar|jazirheaibna omar|джизре
city	Inegol	40.0781	29.5133	TR	133959	Инегёль	i negol|inegeul|inegol|инегель
city	Wuerzburg	49.7939	9.9512	DE	133731	Вюрцбург	wuerzburg|вюрцбург
city	Barysaw	54.2279	28.5050	BY	133700	Борисов	barysaw|borisov|borissow|horad barysaw|барысау|борисов
city	Pervouralsk	56.9053	59.9436	RU	133600	Первоуральск	pervoural'sk|pervoural'skiy|pervouralsk|pervouralskiy|первоуральск
city	Olmaliq	40.8447	69.5983	UZ	133400	Алмалык	almalyk|olmaliq|алмалик|алмалык|олмалик
city	Kislovodsk	43.9133	42.7208	RU	132771	Кисловодск	kislovodsk|kisslowodsk|кисловодск|кисловодськ|кіславодск
city	Schaerbeek	50.8693	4.3774	BE	132761	Схарбек	schaarbeek|schaerbeek|схарбек
city	Hoofddorp	52.3025	4.6889	NL	132734	Хофддорп	hoofddorp|хофддорп
city	Silifke	36.3778	33.9344	TR	132665	Силифке	selefke|selefkeh|seleucia|silifke|силифке
city	Innsbruck	47.2627	11.3945	AT	132493	Инсбрук	i nnsbruck|i nsbruk|innsbruck|инсбрук|інсбрук
city	Dimitrovgrad	54.2139	49.6184	RU	132226	Димитровград	dimitrovgrad|dimitrovqrad|melekes|melekess|дзімітрауград|димитровград
city	Fuerth	49.4759	10.9886	DE	132036	Фюрт	fuerth|фюрт
city	Ferrara	44.8380	11.6206	IT	132009	Феррара	ferrara|феррара
city	Bielany	52.2924	20.9353	PL	131910	Беляны	bielany|беляни|беляны
city	Kashmar	35.2383	58.4656	IR	131517	Кашмер	kashmar|khashmar|soultanabad|кашмер
city	Villeurbanne	45.7660	4.8795	FR	131445	Вийёрбан	villeurbanne|вийербан|віербан|віллербанн
city	Iranshahr	27.2024	60.6848	IR	131232	Ираншехр	fahrej|fehruj|iranshahr|ираншехр
city	Novomoskovsk	54.0110	38.2908	RU	130982	Новомосковск	novomoskovsk|новамаскоуск|новомосковск|новомосковськ
city	Jiroft	28.6781	57.7406	IR	130429	Джирофт	jiroft|джирофт
city	Umea	63.8284	20.2597	SE	130224	Умео	umea|умеа|умео
city	Tychy	50.1372	18.9664	PL	130000	Тыхы	tychy|тихи|тыхы
city	Mardin	37.3131	40.7436	TR	129864	Мардин	marde|mardin|мардин|мардін
city	Zwolle	52.5125	6.0944	NL	129840	Зволле	zvolle|zwolle|зволле|золле
city	Tokat	40.3139	36.5544	TR	129702	Токат	dazimon|tokat|tokat province|toqat|tukat|такат|токат
city	Acilia-Castel Fusano-Ostia Antica	41.7634	12.3308	IT	129362	Ачилиа-Кастел Фусано-Остиа Антика	acilia-castel fusano-ostia antica|aciliacastel fusanoostia antica|ачилиа-кастел фусано-остиа антика|ачилиакастел фусаноостиа антика
city	Gyor	47.6833	17.6351	HU	129301	Дьёр	gyor|дзьер|дьер|дьйор
city	Shahr-e Kord	32.3261	50.8572	IR	129153	Шахре-Корд	shahr e kord|shahr kord|shahr kurd|shahr-e kord|shahre kord|shahrekord|шахре корд|шахре-корд|шахрекорд
city	Bialoleka	52.3213	20.9720	PL	129106	Бялоленка	bialoleka|бялоленка
city	Bingoel	38.8847	40.4939	TR	128935	Бингол	badlis|bingoel|бингол|бингөл
city	Kamyshin	50.0885	45.4128	RU	128626	Камышин	kamyschin|kamyshin|камишин|камышин|камышын
city	Novocheboksarsk	56.1110	47.4776	RU	128468	Новочебоксарск	novocheboksarsk|новочебоксарск
city	Besancon	47.2488	6.0182	FR	128426	Безансон	becoinson|besancon|bezanson|безансон
city	Rustavi	41.5627	44.9787	GE	128249	Рустави	rust'avi|rustavi|рустави
city	Serpukhov	54.9198	37.4162	RU	128158	Серпухов	serpuchow|serpukhov|sierpukhovo|серпухов
city	Shache	38.4167	77.2406	CN	128145	Яркенд	shache|so ch'e|so ch'e chen|so ch'e hsien|so ch'e shih|so-ch'e|so-ch'e-chen|so-ch'e-hsien|so-ch'e-shih|so-che|so-che-chen|so-che-hsien|so-che-shih|soch'e|soch'echen|soch'ehsien|soch'eshih|yangi shahr|yangi-shahr|yangishahr|yarkand|yarkand new city|yarkand yangi shahr|yarkand yangi-shahr|yarkand yangishahr|yarkant|yarkend|yarkent|яркенд
city	Vaesteras	59.6162	16.5528	SE	127799	Вестерос	vaesteras|вестерос|вестэрос
city	Opole	50.6712	17.9260	PL	127676	Ополе	opole|oppein|oppeln|аполе|ополе|опольe
city	Elblag	54.1522	19.4088	PL	127558	Эльблонг	elbing|elblag|elblong|ельблонг|эльбленг|эльблонг
city	Plock	52.5468	19.7064	PL	127474	Плоцк	plock|plotsk|плоцк|плоцьк
city	Walbrzych	50.7714	16.2843	PL	127431	Валбжих	walbrzych|waldenburg|валбжих|валбжых
city	Yevlakh	40.6183	47.1501	AZ	127400	Евлах	avlakh|evlak|jewlach|yevlakh|yevlax|евлах|евлох
city	Mataro	41.5421	2.4445	ES	126988	Матаро	mataro|матаро
city	Murom	55.5685	42.0239	RU	126931	Муром	murom|murom am oka|мурам|муром
city	Khasavyurt	43.2487	46.5857	RU	126829	Хасавюрт	chassaw jurt|chassaw-jurt|chassawjurt|khasavyurt|staro khasav yurt|staro khasav-yurt|staro khasavyurt|xasavyurt|хасавюрт
city	Neftekamsk	56.0888	54.2638	RU	126805	Нефтекамск	kasevo|kaseyevo|neftekamsk|нефтекамск|нефтекамськ|нефцякамск
city	Ala'er	40.5418	81.2657	CN	126259	Аральское	a la erh|a-la-erh|ala'er|ala'er shi|alaer|alaer shi|alaerh|aral|аральское
city	Salerno	40.6754	14.7933	IT	125797	Салерно	salerno|салерно
city	Giresun	40.9170	38.3874	TR	125682	Гиресун	cerasus|choerades|gireson|giresun|kerassunde|kerasunda|kerasunt|kiresun|pharnacia|гиресун
city	Kastamonu	41.3781	33.7753	TR	125622	Кастамону	castamon|castamoni|castamuni|kastambul|kastamonu|kastamouni|kastamuni|kastamuniyah|qastamuni|кастамону
city	Derince	40.7569	29.8147	TR	125485	Дериндже	derince|дериндже
city	Kuopio	62.8924	27.6770	FI	125462	Куопио	kuopio|куопио|куопіо
city	Karabuek	41.2049	32.6277	TR	125403	Карабюк	karabuek|qarabuk|карабюк|карабүк
city	Balti	47.7629	27.9285	MD	125000	Бельцы	balti|baltsy|bel'tsy|beltsi|beltsy|byelcy|бельцы|бәлць
city	Semnan	35.5769	53.3920	IR	124826	Семнан	semnan|семнан
city	Leon	42.6000	-5.5703	ES	124772	Леон	leon|леон
city	Agri	39.7147	43.0401	TR	124483	Агры	agri|karakilise|агри|агры
city	Leeuwarden	53.2027	5.8097	NL	124481	Леуварден	leeuwarden|leewarden|leuwarden|leyvarden|lieuwarden|леуварден|леувардэн|льовет
city	Monza	45.5800	9.2725	IT	124398	Монца	monza|монца
city	Targowek	52.2918	21.0484	PL	124279	Таргувек	targowek|таргувек
city	Marand	38.4329	45.7749	IR	124191	Маранд	marand|morand|маранд
city	Rudnyy	52.9724	63.1106	KZ	124000	Рудный	rudnyy|рудный
city	Bemowo	52.2546	20.9084	PL	123932	Бемово	bemowo|бемово
city	Metz	49.1191	6.1727	FR	123914	Мец	divodurum|mettis|metz|мец
city	Samandag	36.0801	35.9760	TR	123447	Самандаг	samandag|seleucia|seleucia pieria|seleukeia|zeugma|самандаг
city	Pinsk	52.1215	26.0673	BY	123283	Пинск	pinsk|пинск|пінск|пінськ
city	Telde	27.9924	-15.4192	ES	123265	Тельде	telde|тельде
city	Jalal-Abad	40.9450	72.9931	KG	123239	Джалал-Абад	celal abad|celal-abad|celalabad|dzhalal abad|dzhalal-abad|dzhalalabad|jalal abad|jalal-abad|jalalabad|jalolobod|manas|джалал абад|джалал-абад|джалалабад|жалал абад|жалал абад шаары|жалал-абад|жалал-абад шаары|жалалабад|жалалабад шаары|жалалабат|жалол абод|жалол-абод|жалолабод|манас
city	Wolfsburg	52.4236	10.7760	DE	123064	Вольфсбург	wolfsburg|вольфсбург
city	Dos Hermanas	37.2829	-5.9209	ES	122943	Дос Ерманас	dos hermanas|дос ерманас
city	Behbahan	30.5959	50.2417	IR	122604	Бехбехан	behbahan|бехбехан
city	Recklinghausen	51.6138	7.1974	DE	122438	Реклингхаузен	recklinghausen|реклингхаузен|реклінгхаузен
city	Cherkessk	44.2238	42.0462	RU	122395	Черкесск	batalpashinsk|cherkessk|tscherkessk|yezhovo cherkessk|yezhovo-cherkessk|yezhovocherkessk|zhezhoro cherkessk|zhezhoro-cherkessk|zhezhorocherkessk|черкесск|черкесськ
city	Maastricht	50.8483	5.6889	NL	122378	Маастрихт	maastricht|maastrikht|maastrixt|маастрихт|маастрыхт
city	Tekirdag	40.9781	27.5110	TR	122287	Текирдаг	tekfur dagh|tekirdag|tekirdagh|тегіздаг|текирдаг|текірдаг|тэкірдаг
city	Shahr-e Sadra	29.7997	52.5022	IR	122226	Шахрак-э-Шедра	sadra|shahr e sadra|shahr-e sadra|shahre jadide sadra|shahre sadra|шахрак э шедра|шахрак-э-шедра|шахракэшедра
city	Goettingen	51.5344	9.9323	DE	122149	Гёттинген	goettingen|геттинген|гетынген
city	Zabol	31.0306	61.4949	IR	121989	Заболь	zabol|заболь
city	Dorud	33.4922	49.0616	IR	121638	Доруд	dorood garan|dorud|доруд
city	Lahti	60.9827	25.6615	FI	121622	Лахти	lahti|laxti|лахти|лахты|лахті
city	Siracusa	37.0754	15.2866	IT	121605	Сиракуза	siracusa|sirakuz|syracusae|syracuse|syrakus|сиракуза|сиракузы|сіракуза
city	Stara Zagora	42.4320	25.6426	BG	121582	Стара-Загора	eski zagra|stara sagora|stara zagora|stara-zagora|starazagora|стара загора|стара-загора|старазагора
city	Ekibastuz	51.7237	75.3229	KZ	121470	Экибастуз	ekibastuz|ekibastuzugol|ekibastuzugol'|energograd|екібастуз|екібастұз|экибастуз|экібастуз
city	Algeciras	36.1333	-5.4505	ES	121414	Альхесирас	al jezita|algeciras|альхесирас|альхесірас
city	Bergamo	45.6960	9.6672	IT	121200	Бергамо	bergamo|бергамо
city	Ruse	43.8487	25.9534	BG	121168	Русе	rousse|roustchouk|ruschuk|ruschuq|rusciuk|rusclink|ruse|rushchuk|rushtuk|russe|rustschuk|saray makhle|saray-makhle|saraymakhle|русе
city	Heilbronn	49.1399	9.2205	DE	120733	Хайльбронн	heilbronn|heilbronn neckar|гайльбронн|хайльбронн
city	Trento	46.0679	11.1211	IT	120709	Тренто	trent|trento|trient|тренто|трэнта
city	Ingolstadt	48.7651	11.4237	DE	120658	Ингольштадт	ingolstadt|ингольштадт
city	Ulm	48.3984	9.9916	DE	120451	Ульм	ulm|ульм
city	Wloclawek	52.6482	19.0678	PL	120339	Влоцлавек	leslau|wloclawek|влоцлавек|улацлавак
city	Perugia	43.1122	12.3888	IT	120137	Перуджа	perugia|перуджа
city	Orekhovo-Zuyevo	55.8124	38.9915	RU	120000	Орехово-Зуево	orechowo sujewo|orechowo-sujewo|orechowosujewo|orehovo zuyevo|orehovo-zuyevo|orehovozuyevo|orekhovo|orekhovo zuevo|orekhovo zuyevo|orekhovo-zuevo|orekhovo-zuyevo|orekhovozuevo|orekhovozuyevo|orexovo zuyevo|orexovo-zuyevo|orexovozuyevo|orjechowo sujewo|oryekhovo|арэхава зуева|арэхава-зуева|арэхавазуева|орехово зуево|орехово-зуево|ореховозуево
city	Cheremushky	46.4325	30.7115	UA	120000	Черемушки	cheremushky|черемушки
city	Bottrop	51.5239	6.9285	DE	119909	Ботроп	bottrop|ботроп|боттроп
city	Rize	41.0208	40.5219	TR	119828	Ризе	bechirias|rhizus|rize|rizeh|ризе|різе
city	Leiden	52.1583	4.4931	NL	119713	Лейден	leiden|leyden|лейден|лейдэн
city	Pescara	42.4584	14.2028	IT	119554	Пескара	pescara|пескара
city	Mohammad Shahr	35.7630	50.9171	IR	119418	Мохаммад Шахр	mohammad shahr|мохаммад шахр
city	Izeh	31.8303	49.8676	IR	119399	Изе	izeh|изе
city	Nazilli	37.9163	28.3223	TR	119370	Назилли	nasly|nazilli|назилли|назілі
city	Pforzheim	48.8844	8.6989	DE	119313	Пфорцхайм	pforzheim|пфорцхайм
city	Salihli	38.4826	28.1477	TR	119311	Салихлы	salihli|салихлы
city	Dordrecht	51.8100	4.6736	NL	119260	Дордрехт	dordrecht|dordt|dort|дордрехт
city	Offenbach	50.1006	8.7665	DE	119192	Оффенбах	offenbach|оффенбах
city	Santa Coloma de Gramenet	41.4515	2.2081	ES	118821	Санта-Колома-де-Граманет	santa coloma|санта-колома-де-граманет|сантаколомадеграманет
city	Bremerhaven	53.5536	8.5755	DE	118610	Бремерхафен	bremerhaven|stadtgemeinde bremerhaven|бремергафен|бремерхафен
city	Bandar-e Anzali	37.4732	49.4579	IR	118564	Бендер-Энзели	bandar e anzali|bandar pahlavi|bandar pahlevi|bandar-e anzali|bandare anzali|enceli|pehlevi|бендер энзели|бендер-энзели|бендерэнзели
city	Brugge	51.2089	3.2242	BE	118509	Брюгге	bruges|brugge|бругэ|брюгге
city	Zielona Gora	51.9355	15.5064	PL	118433	Зелёна-Гура	gruenberg|zelona gura|zelona qura|zielona gora|зелена гура|зелена-гура|зеленагура|зелона гура|зялена гура|зялена-гура|зяленагура
city	Torrejon de Ardoz	40.4554	-3.4697	ES	118162	Торрехон-де-Ардос	torrejon de ardoz|торрехон де ардос|торрехон-де-ардос|торрехондеардос
city	Tarnow	50.0138	20.9870	PL	117799	Тарнув	tarnov|tarnow|тарнув|тарнуу
city	Nyiregyhaza	47.9554	21.7167	HU	117689	Ньиредьхаза	nyiregyhaza|ньиредьхаза|ньірэдзьхаза
city	Achinsk	56.2679	90.5015	RU	117634	Ачинск	achinsk|atschinsk|ачинск|ачинськ|ачынск
city	Remscheid	51.1798	7.1925	DE	117118	Ремшайд	remscheid|ремшайд
city	Kyzyl	51.7111	94.4378	RU	116983	Кызыл	belotsarsk|bielorsarsk|chi ch'i erh|chi-ch'i-erh|chi-chi-erh|chich'ierh|k'en-mu-pi-ch'i-erh|k'enmupich'ierh|ken-mu-pi-chi-erh|khem belder|kizil|kizil khoto|krasni|krasnij|krasny|krasnyy|kyzyl|kyzyl khoro|kyzyl khoto|qizil|кизил|кызыл|кызыл шаары
city	Cadiz	36.5267	-6.2891	ES	116979	Кадис	cadiz|gadir|кадис|кадіс
city	Dabrowa Gornicza	50.3339	19.2048	PL	116971	Домброва-Гурнича	dabrowa gornicza|dombrowa|домброва гурнича|домброва-гурнича|домбровагурнича
city	Forli	44.2218	12.0414	IT	116696	Форли	forli|форли
city	Taldykorgan	45.0156	78.3739	KZ	116558	Талдыкорган	gavrilovka|gavrilovskoye|taldi kurgan|taldikorgan|taldiqo'rg'an|taldiqorgan|taldiqurgan|taldy kurgan|taldy-kurgan|taldykorgan|taldykurgan|taldyqorghan|талдикорган|талдикургон|талды коргон|талды-коргон|талдыкарган|талдыкорган|талдыкоргон
city	Orleans	47.9025	1.9041	FR	116344	Орлеан	orlean|orleans|арлеан|орлеан
city	Rouen	49.4431	1.0993	FR	116331	Руан	rouen|ruan|руан
city	Shahre Jadide Andisheh	35.6803	51.0193	IR	116062	Андише	shahre jadide andisheh|андише
city	Alcobendas	40.5475	-3.6420	ES	116037	Алькобендас	alcobendas|алькобендас
city	Noginsk	55.8649	38.4485	RU	115979	Ногинск	noginsk|noqinsk|нагінск|ногинск|ногінськ
city	Zoetermeer	52.0575	4.4931	NL	115845	Зутермер	zoetermeer|зутермер
city	Yelets	52.6144	38.5093	RU	115688	Елец	jelez|yelets|елец|ялец
city	Parla	40.2360	-3.7675	ES	115611	Парла	parla|парла
city	Novo-Peredelkino	55.6453	37.3358	RU	115536	Ново-Переделкино	novo peredelkino|novo-peredelkino|novoperedelkino|peredelkino|ново переделкино|ново-переделкино|новопеределкино
city	Uzhhorod	48.6242	22.2947	UA	115449	Ужгород	ujgorod|ujqorod|uzhgorod|uzhhorod|ужгарад|ужгород
city	Xiva	41.3856	60.3641	UZ	115000	Хива	chiwa|khiva|khiwa|khorezm|xiva|хива
city	Amasya	40.6533	35.8331	TR	114921	Амасья	amasia|amasiyah|amasya|амасия|амасья
city	Balkh	36.7563	66.8972	AF	114883	Балх	bactra|bactresh|balhika|balkh|balx|bamik|bazirabad|belh|bkahdi|vazirabad|балх|вазирабад
city	Gyumri	40.7931	43.8464	AM	114667	Гюмри	alek'pol|alekpol|gimri|gumri|gumry|gyumri|kyumayri|kyumri|leninakan|гюмри|гюмры|гюмрі
city	Silopi	37.2438	42.4635	TR	114645	Силопи	girikamo|girikoma|sil'opi|silopi|силопи
city	Gorzow Wielkopolski	52.7337	15.2250	PL	114567	Гожув-Велькопольски	gorzow velikopolski|gorzow wielkopolski|гожау велькапольскі|гожув великопольский|гожув велькопольски|гожув велькопольский|гожув-великопольский|гожув-велькопольски|гожув-велькопольский|гожуввеликопольский|гожуввелькопольски|гожуввелькопольский
city	Pardis	35.7469	51.8122	IR	114249	Пардис	pardis|пардис
city	Siirt	37.9293	41.9413	TR	114034	Сиирт	sairt|siirt|сиирт|сіірт
city	Tobolsk	58.1981	68.2546	RU	113800	Тобольск	tobol'sk|tobolsk|тобольск
city	Jaen	37.7692	-3.7903	ES	113457	Хаэн	jaen|хаэн
city	Chorzow	50.3058	18.9742	PL	113430	Хожув	chorzow|хожау|хожув
city	Bagram	34.9669	69.2650	AF	113173	Баграм	bagram|bagrami|begram|баграм
city	Shchyolkovo	55.9250	37.9722	RU	113000	Щёлково	shchelkovo|shchyolkovo|щелково
city	Joenkoeping	57.7814	14.1562	SE	112766	Йёнчёпинг	joenkoeping|енчэпінг|йенчепинг
city	Nefteyugansk	61.0998	72.6035	RU	112632	Нефтеюганск	nefteyugansk|нефтеюганск
city	Reutlingen	48.4914	9.2043	DE	112627	Ройтлинген	reutlingen|ройтлинген|ройтлінген
city	Satu Mare	47.7993	22.8625	RO	112490	Сату-Маре	satu mare|satul mare|сату маре|сату марэ|сату-маре|сату-марэ|сатумаре|сатумарэ
city	Petrzalka	48.1233	17.1287	SK	112380	Петржалка	engerau|petrzalka|петржалка
city	Kazerun	29.6192	51.6535	IR	112360	Казеруна	kasrun|kazeroun|kazerun|казеруна
city	Vicenza	45.5467	11.5475	IT	111980	Виченца	vicenza|виченца
city	Novokuybyshevsk	53.0971	49.9400	RU	111800	Новокуйбышевск	novo kuybuyshev|novo kuybyshevskiy|novo-kuybuyshev|novo-kuybyshevskiy|novokuybuyshev|novokuybyshevsk|novokuybyshevskiy|навакуйбышэуск|новокуйбишевск|новокуйбишевськ|новокуйбышевск
city	Quchan	37.1060	58.5095	IR	111752	Кучан	gochan|quchan|кучан
city	Kilis	36.7161	37.1150	TR	111648	Килис	ciliza|kilis|килис|кіліс
city	Mulhouse	47.7520	7.3287	FR	111430	Мюлуз	mulhouse|mulhousen|мюлуз
city	Montreuil	48.8642	2.4432	FR	111240	Монтрей	montreuil|montreuil sous bois|montreuil-sous-bois|montreuilsousbois|монтрей
city	Terni	42.5633	12.6433	IT	111189	Терни	terni|терни
city	Namur	50.4669	4.8675	BE	110939	Намюр	namen|namur|намур|намюр
city	Turhal	40.3875	36.0811	TR	110884	Турхал	turhal|турхал
city	Bokhtar	37.8365	68.7776	TJ	110800	Курган Тюбе	bokhtar|kurgan tyube|kurgan-tyube|kurgantyube|бохтар|курган тюбе
city	Perpignan	42.6976	2.8954	FR	110706	Перпиньян	perpignan|перпиньян|перпіньян
city	Caen	49.1859	-0.3591	FR	110624	Кан	caen|кан
city	Borazjan	29.2699	51.2188	IR	110567	Боразджан	borazdjan|borazjan|боразджан
city	Baneh	35.9975	45.8853	IR	110218	Бани	bane|baneh|бани
city	Bender	46.8316	29.4767	MD	110175	Тигина	bendary|bender|bendery|tighina|tigina|бендери|бендеры|бендэр|тигина
city	Noyabrsk	63.1931	75.4373	RU	110000	Ноябрьск	noyabrsk|ноябрьск
city	Bataysk	47.1375	39.7571	RU	109962	Батайск	bataysk|gorodovikovsk|батайск
city	Pisa	43.7085	10.4036	IT	109960	Пиза	pisa|пиза
city	Kecskemet	46.9062	19.6913	HU	109847	Кечкемет	kecskemet|кечкемет
city	Seversk	56.6006	84.8864	RU	109844	Северск	seversk|северск
city	Brovary	50.5110	30.7911	UA	109806	Бровары	brovary|browary|бравары|бровари|бровары
city	Arsuz	36.4130	35.8903	TR	109550	Арсуз	arsus|arsuz|kabevli|kapevli|rhossus|арсуз
city	Arzamas	55.3956	43.8381	RU	109479	Арзамас	arsamas|arzamas|арзамас
city	Sergiyev Posad	56.3120	38.1387	RU	109252	Сергиев Посад	sergiyev|sergiyev posad|sergiyevskiy posad|zagorsk|сергиев посад
city	Leninsk-Kuznetsky	54.6567	86.1737	RU	109023	Ленинск-Кузнецкий	leninsk kuznetsk|leninsk kuznetski|leninsk kuznetskiy|leninsk kuznetsky|leninsk-kuznetsk|leninsk-kuznetskiy|leninsk-kuznetsky|leninskkuznetsk|leninskkuznetskiy|leninskkuznetsky|ленинск кузнецкий|ленинск-кузнецкий|ленинсккузнецкий|ленінск кузнецкі|ленінск-кузнецкі|ленінсккузнецкі
city	Boulogne-Billancourt	48.8355	2.2413	FR	108782	Булонь-Бийанкур	billancourt|boulogne|boulogne billancourt|boulogne sur seine|boulogne-billancourt|boulogne-sur-seine|boulognebillancourt|boulognesurseine|булонь бийанкур|булонь биянкур|булонь біянкур|булонь-бийанкур|булонь-биянкур|булонь-біянкур|булоньбийанкур|булоньбиянкур|булоньбіянкур
city	Kalisz	51.7611	18.0910	PL	108759	Калиш	kalisch|kalisz|калиш|каліш
city	Baia Mare	47.6573	23.5681	RO	108759	Бая-Маре	baia mare|baja mare|бая маре|бая-маре|баямаре
city	Baghlan	36.1307	68.7083	AF	108449	Баглан	baghlan|baghlin|baglan|bagolaggo|баглан|баглон
city	Bandirma	40.3522	27.9767	TR	107631	Бандырма	banderma|bandirma|panormos|panormus|бандырма
city	Chalus	36.6550	51.4204	IR	107490	Чалус	chalus|чалус
city	Koszalin	54.1944	16.1722	PL	107450	Кошалин	kezlin|koshalin|koszalin|кашалін|кошалин|кошалін
city	Bolzano	46.4907	11.3398	IT	107436	Больцано	bolzano|bozen|bozen bolzano|bozen-bolzano|bozenbolzano|бальцана|больцано
city	Obninsk	55.1099	36.6124	RU	107392	Обнинск	obninsk|обнинск|обнінск|обнінськ
city	Koblenz	50.3536	7.5788	DE	107319	Кобленц	coblence|coblentz|coblenza|confluentes|koblenz|кобленц
city	Siegen	50.8748	8.0243	DE	107242	Зиген	siegen|зиген
city	Yevpatoriya	45.2009	33.3665	UA	107040	Евпатория	eupatoria|evpatorya|yevpatoria|yevpatoriya|евпатория
city	Elista	46.3079	44.2554	RU	106971	Элиста	elista|stepnoi|stepnoy|еліста|элиста|эліста
city	Baharestan	32.4881	51.7731	IR	106433	Бехарестан	baharestan|бехарестан
city	Berdyansk	46.7558	36.7882	UA	106311	Бердянск	berdyansk|бердянск|бердянськ
city	Mianeh	37.4210	47.7150	IR	106291	Миане	miane|mianeh|миане
city	Novotroitsk	51.2010	58.3132	RU	106186	Новотроицк	novo troitskiy|novo-troitskiy|novotroitsk|novotroitskiy|novotroytsk|наватроіцк|новотроитск|новотроицк
city	Bergisch Gladbach	50.9856	7.1330	DE	106184	Бергиш Гладбах	bergisch gladbach|бергиш гладбах
city	Alchevsk	48.4691	38.7974	UA	106062	Алчевск	alchevs'k|alchevsk|alchevskoe|kommunarsk|voroshilovsk|woroschilowsk|алчевск|алчевськ
city	Mingachevir	40.7642	47.0623	AZ	106048	Мингечаур	mengechaur|mingachevir|mingechaur|mingechaurges|mingelchaur|мингачевир|мингечаур|миңгәчевір|миңчаевир
city	Legnica	51.2101	16.1619	PL	106033	Легница	legnica|lignica|легница|легниця|лягніца
city	Derbent	42.0662	48.2876	RU	105965	Дербент	darband|derbent|дербент|дзербент
city	Robat Karim	35.4846	51.0829	IR	105393	Ребате-Керим	robat karim|shahriar|ребате керим|ребате-керим|ребатекерим
city	Ourense	42.3367	-7.8641	ES	105233	Оренсе	ourense|оренсе
city	Nikopol	47.5683	34.3913	UA	105160	Никополь	nikopol|никополь|нікополь
city	Slovyansk	48.8497	37.5974	UA	105141	Славянск	slavyansk|slawjansk|slov yans'k|slov yansk|sloviansk|slovyansk|славянск|слов'янськ|словянськ
city	Nancy	48.6844	6.1850	FR	105058	Нанси	nancy|нанси
city	Salzgitter	52.1570	10.4154	DE	104970	Зальцгиттер	salzgitter|зальцгиттер|зальцгіттер|зальцгітэр
city	Jena	50.9288	11.5899	DE	104712	Йена	jena|jena thueringen|йена|іена
city	Gera	50.8803	12.0819	DE	104659	Гера	gera|гера
city	Mazyr	52.0416	29.2163	BY	104517	Мозырь	mazyr|mozyr|mozyr'|мазыр|мозир|мозырь
city	Zhezqazghan	47.7941	67.7063	KZ	104357	Жезказган	jez kazgan|jez-kazgan|jezgazgan|jezkazgan|jezqazg'on|jezqazgon|zhezkazgan|zhezqazghan|жезказган|жезказгон
city	Helsingborg	56.0467	12.6944	SE	104250	Хельсингборг	helsingborg|гельсінборг|хельсингборг|хельсінгбарг
city	Kiselevsk	53.9900	86.6621	RU	104000	Киселёвск	kiselevsk|kiselyovsk|kizelovsk|киселевск|кісялеуск
city	Piacenza	45.0524	9.6934	IT	103607	Пьяченца	piacenza|п'ячэнца|пьяченца|пячэнца
city	Gardez	33.5974	69.2259	AF	103601	Гардез	gardeyz|gardez|gardiz|гардез|гардиз
city	Zhanaozen	43.3412	52.8619	KZ	103598	Жанаозен	zhanaozen|жанаозен|жаңаөзен
city	Moers	51.4534	6.6326	DE	103487	Мерс	moers|мерс
city	Buzau	45.1500	26.8333	RO	103481	Бузэу	buzau|buzeu|бузау|бузеу|бузэу
city	Reus	41.1561	1.1069	ES	103477	Реус	reus|реус
city	Turgutlu	38.4953	27.6997	TR	103292	Тургутлу	caesarea trocetta|cassaba|kasaba|turgutlu|тургутлу
city	Lida	53.8833	25.2997	BY	103262	Лида	lida|lieda|lyda|лида|ліда
city	Velikiye Luki	56.3406	30.5438	RU	103149	Великие Луки	velikie luki|velikiye luki|welikije luki|великие луки
city	Hildesheim	52.1508	9.9511	DE	103052	Хильдесхайм	hildesheim|гільдесгайм|гільдэсгайм|хильдесхайм
city	Parsabad	39.6482	47.9174	IR	102996	Парсабад	parsabad|парсабад
city	Liberec	50.7671	15.0562	CZ	102951	Либерец	liberec|liberets|либеретс|либерец|ліберац|ліберець
city	Pushkino	55.9946	37.8290	RU	102816	Пушкино	pushkino|пушкино|пушкіно
city	Xincheng	41.7150	82.9325	CN	102752	Куча	k'u ch'e|k'u ch'e chen|k'u ch'e hsien|k'u-ch'e|k'u-ch'e-chen|k'u-ch'e-hsien|k'uch'e|k'uch'echen|k'uch'ehsien|kocha|ku-che|ku-che-chen|ku-che-hsien|kucha|kuchar|kuche|kuche xian|kuchel|kuchi|kuchu|kuga|kuqa|xincheng|куча
city	Piatra Neamt	46.9167	26.3333	RO	102688	Пятра-Нямц	piatra neamt|пятра нямц|пятра-нямц|пятранямц
city	Erlangen	49.5910	11.0078	DE	102675	Эрланген	erlangen|ерланген|эрланген
city	Artem	43.3576	132.1914	RU	102300	Артём	artem|artyom|артем
city	Ukhta	63.5690	53.6914	RU	102187	Ухта	chib'yu|chibyu|ukhta|ухта
city	Venlo	51.3700	6.1681	NL	101988	Венло	venlo|venloo|венло
city	Novara	45.4469	8.6212	IT	101916	Новара	novara|новара
city	Shushtar	32.0497	48.8484	IR	101878	Шуштэр	shooshtar|shushtar|шуштэр
city	Zonguldak	41.4514	31.7931	TR	101749	Зонгулдак	sandaraca|songuldak|sungul|zonguldak|zonguldaq|zonquldak|zoungouldagh|zunguldak|зангулдак|зонгулдак|зонгылдак
city	Igdir	39.9237	44.0450	TR	101700	Игдир	igdir|игдир|игдыр|ыгдыр
city	Orsha	54.5136	30.4036	BY	101662	Орша	orsha|орша
city	Szekesfehervar	47.1900	18.4103	HU	101600	Секешфехервар	szekesfehervar|секешфегервар|секешфехервар
city	Kansk	56.2022	95.7185	RU	101502	Канск	kansk|канск
city	Argenteuil	48.9479	2.2474	FR	101475	Аржантей	argenteuil|аржантей
city	Khanty-Mansiysk	61.0019	69.0273	RU	101466	Ханты-Мансийск	khanty mansisk|khanty mansiysk|khanty-mansiysk|khantymansiysk|ostyako vogul'sk|ostyako-vogul'sk|ostyako-vogulsk|ostyakovogul'sk|xanti mansi|xanti mansiysk|xanti-mansi|xanti-mansiysk|xantimansi|xantimansiysk|ханти мансийск|ханти мансійськ|ханти-мансийск|ханти-мансійськ|хантимансийск|хантимансійськ|ханты мансийск|ханты мансійск|ханты-мансийск|ханты-мансійск|хантымансийск|хантымансійск
city	Pavlohrad	48.5321	35.8688	UA	101430	Павлоград	pavlohrad|павлоград|паулаград
city	Mustafakemalpasa	40.0382	28.4087	TR	101412	Мустафакемальпаша	kirmasti|mustafakemalpasa|мустафакемальпаша
city	Orihuela	38.0848	-0.9440	ES	101321	Ориуэла	orihuela|ориуэла|оріуела
city	Suruc	36.9761	38.4253	TR	101178	Суруч	suruc|syuryuch|суруч
city	Lahijan	37.2042	50.0092	IR	101073	Лахиджан	lahijan|лахиджан
city	Leuven	50.8796	4.7009	BE	101032	Лёвен	leuven|louvain|левен
city	Mezhdurechensk	53.6899	88.0622	RU	101026	Междуреченск	mezhdurechensk|ol'zheras|olzheras|междуреченск|междурэчанск
city	Solikamsk	59.6669	56.7427	RU	100812	Соликамск	solikamsk|салікамск|соликамск|соль камская
city	Arezzo	43.4628	11.8807	IT	100734	Ареццо	arezzo|ареццо
city	Glazov	58.1400	52.6562	RU	100676	Глазов	glazov|глазау|глазов
city	Ahar	38.4774	47.0699	IR	100641	Ахар	ahar|eher|ахар
city	Masjed Soleyman	31.9364	49.3039	IR	100497	Месджеде-Солейман	masjed soleiman|masjed soleyman|masjid i sulaiman|masjid-i-sulaiman|masjidisulaiman|месджеде солейман|месджеде-солейман|месджедесолейман
city	Barakaldo	43.2964	-2.9881	ES	100435	Баракалдо	barakaldo|баракалдо
city	Klagenfurt am Woerthersee	46.6247	14.3053	AT	100316	Клагенфурт	klagenfurt|klagenfurt am woerthersee|клагенфурт|клагенфурт ам вертерзее|клагенфурт-ам-вертерзее|клагенфуртамвертерзее
city	Ust'-Ilimsk	58.0006	102.6619	RU	100271	Усть-Илимск	ust' ilimsk|ust'-ilimsk|ust'ilimsk|ust-ilimsk|усть илимск|усть-илимск|устьилимск
city	Girona	41.9831	2.8249	ES	100266	Жерона	girona|жерона|херона
city	Chust	41.0033	71.2379	UZ	100200	Чуст	chust|chust shahri|tschust|чуст
city	Udine	46.0693	13.2371	IT	100170	Удине	udine|удине
city	Trier	49.7557	6.6394	DE	100129	Трир	trier|трир|трыр|трір
city	Shahrak-e Pardisan	34.5573	50.8020	IR	100000	Шахрак-Е Пардисан	shahrak e pardisan|shahrak-e pardisan|shahrake pardisan|шахрак е пардисан|шахрак-е пардисан|шахраке пардисан
city	Zelenodolsk	55.8438	48.5178	RU	99600	Зеленодольск	zelendol'sk|zelendolsk|zelenodolsk|зеленадольск|зеленодольск|зеленодольськ
city	Novoshakhtinsk	47.7604	39.9333	RU	99478	Новошахтинск	komintern|kominternovskiy|molotovskiy|novoshakhtinsk|nowoschachtinsk|новошахтинск
city	Bam	29.1060	58.3570	IR	99268	Бам	bam|бам
city	Manavgat	36.7867	31.4409	TR	99254	Манавгат	manavgat|манавгат
city	Siverskodonetsk	48.9441	38.4875	UA	99067	Северодонецк	severodonetsk|siverskodonetsk|syeverodonets'k|syeverodonetsk|северодонецк|сіверськодонецьк
city	Sarapul	56.4763	53.7978	RU	98830	Сарапул	sarapul|сарапул
city	Soma	39.1855	27.6094	TR	98714	Сомы	germe|soma|сома|сомы
city	Votkinsk	57.0487	53.9872	RU	98633	Воткинск	votkinsk|воткинс|воткинск|воткінск|воткінськ
city	Serov	59.5974	60.5861	RU	98438	Серов	kabakovsk|nadezhdinsk|serov|кабаковск|надеждинск|серов|сяроу
city	Balashov	51.5510	43.1707	RU	98107	Балашов	balachov|balaschow|balashov|balashovo|балашов|балашоу
city	Fasa	28.9383	53.6482	IR	98061	Fasa	fasa|fassa
city	Minab	27.1310	57.0872	IR	97986	Минаб	minab|минаб
city	Kamyanets-Podilskyi	48.6788	26.5852	UA	97908	Каменец-Подольский	kamianets podilskyi|kamianets-podilskyi|kamianetspodilskyi|kamyanets podilskyi|kamyanets-podilskyi|kamyanetspodilskyi|кам'янець подільський|кам'янець-подільський|кам'янецьподільський|каменец подольский|каменец-подольский|каменецподольский|камянець-подільський
city	Zheleznogorsk	52.3420	35.3592	RU	97900	Железногорск	zheleznogorsk|железногорск
city	Kahta	37.7855	38.6237	TR	97875	Кахта	kahta|kolik|кахта
city	Erdenet	49.0333	104.0833	MN	97814	Эрдэнэт	erdenet|ерденет|эрденет|эрдэнэт|әрдәнет
city	Parand	35.4719	50.9755	IR	97464	Parand	parand
city	Naxcivan	39.2089	45.4122	AZ	97200	Нахичевань	nakhchivan|nakhichevan|nakhichevan'|nakhichivan|naxchivan|naxcivan|нахичевань|нахчивон|нахчыван|нахшыван|нахічевань
city	Domodedovo	55.5953	38.1203	RU	97200	Домодедово	otdykh|stakhanovo|zhukovskiy|zhukovskogo|zhukovsky|жуковский
city	Quvasoy	40.2972	71.9803	UZ	96900	Quvasoy	kubasay|kuvasa|kuvasay|kuwassai|quvasoy|quwasoy
city	Beshariq	40.4358	70.6103	UZ	96900	Бешарыкского	beshariq|besharyk|imeni kirova|kirovo|kirowo|бешарыкского
city	Bekobod	40.2208	69.2697	UZ	96900	Бекабад	bagevat|begovat|begowat|bekabad|bekobod|бекабад|бекобод
city	Yasuj	30.6682	51.5880	IR	96786	Ясудж	yasooj|yasuc|yasuj|ясудж
city	Dogonbadan	30.3586	50.7981	IR	96728	Dogonbadan	dogonbadan|gachsaran
city	Soligorsk	52.7898	27.5358	BY	96418	Солигорск	chizhevichi|salihorsk|soligorsk|салігорск|солигорск|солігорськ
city	Ceyhan	37.0247	35.8175	TR	96303	Джейхан	ceyhan|hamidiye|jehan|джейхан|джэйхан|жейхан
city	Khost	33.3395	69.9204	AF	96123	Хост	houst|khost|khowst|matun|xost|хост
city	Ramenskoye	55.5634	38.2415	RU	96000	Раменское	ramenskoe|ramenskoye|раменскае|раменское
city	Burdur	37.7203	30.2908	TR	95436	Бурдур	bourdour|buldur|burdur|polydorion|бурдур
city	Novopolotsk	55.5262	28.5931	BY	95370	Новополоцк	navapolatsk|novopolotsk|polotskiy|наваполацк|новополоцк|новополоцьк
city	Vostochnoe Degunino	55.8801	37.5576	RU	95000	Восточное Дегунино	vostochnoe degunino|восточное дегунино
city	Behshahr	36.6923	53.5526	IR	94702	Бехшехр	ashraf|behshahr|бехшехр
city	Novyy Urengoy	66.0833	76.6333	RU	94212	Новый Уренгой	noviy urengoi|novy urengoy|novyy urengoy|новый уренгой
city	Novoural'sk	57.2548	60.0905	RU	93849	Новоуральск	novoural'sk|novouralsk|верх нейвинский|верх-нейвинский|верхнейвинский|новоуральск
city	Michurinsk	52.9076	40.4823	RU	93499	Мичуринск	koslov|kozlov|michurinsk|mitschurinsk|mitschurnisk|мичуринск|мічурынск|мічурінськ
city	Lysychansk	48.9121	38.4209	UA	93340	Лисичанск	lisichansk|lysychansk|лисичанск|лисичанськ
city	Polatli	39.5772	32.1413	TR	93262	Полатли	polath|polatli|полатли
city	Kineshma	57.4367	42.1277	RU	92983	Кинешма	kineschma|kineshima|kineshma|кинешма|кінешма
city	Bafra	41.5679	35.9031	TR	92944	Бафра	bafra|paura|бафра
city	Krasnogorsk	55.8190	37.3298	RU	92932	Красногорск	ban'ki|banki|krasnogorsk|krasnoqorsk|красногорск|красногорськ
city	Pushkin	59.7142	30.3964	RU	92889	Пушкин	pushkin|пушкин
city	Magadan	59.5627	150.8021	RU	92782	Магадан	magadan|maqadan|магадан
city	Mugla	37.2181	28.3665	TR	92328	Мугла	mentese|menteshe|mobolla|mughla|mughlah|mugla|мугла
city	Ercis	39.0259	43.3596	TR	91915	Ercis	arcis|ercis
city	Bugulma	54.5378	52.7985	RU	91900	Бугульма	bugul'ma|bugulina|bugulma|бугульма
city	Tuerkmenbasy	40.0222	52.9552	TM	91745	Туркменбашы	krasnovodsk|krasnowodsk|krassnowodsk|shagadam|tuerkmenbasy|turkmanboshi|turkmenbashi|туркменбашы|туркменбаші|түркменбашы
city	Kars	40.5983	43.0855	TR	91450	Карс	cars|kapc|kars|qars|vanand|карс
city	Nigde	37.9658	34.6793	TR	91039	Нигде	nigdah|nigde|nigdeh|нигде|нійдэ
city	Lueleburgaz	41.4017	27.3575	TR	90899	Lueleburgaz	lueleburgaz|lule burgas
city	Kattaqo'rg'on Shahri	39.9055	66.2656	UZ	90600	Каттакурган	kattakurgan|kattaqo rg on|kattaqo'rg'on shahri|kattaqorgon shahri|kattaqurgon shahri|каттакурган|каттакургон|кетте коргон|кетте-коргон|кеттекоргон
city	Koerfez	40.7670	29.7828	TR	90580	Кёрфез	koerfez|yaremdji|керфез
city	Cankiri	40.5999	33.6153	TR	90564	Чанкыры	cankiri|changra|changri|chankiri|gangra germanicopolis|ghanjarah|khanjarah|чанкыры
city	Eslamabad-e Gharb	34.1089	46.5299	IR	90559	Eslamabad-e Gharb	eslamabad e gharb|eslamabad-e gharb|eslamabade gharb
city	Mohammadiyeh	36.2237	50.1825	IR	90513	Mohammadiyeh	mohammadiyeh
city	Kuznetsk	53.1168	46.6004	RU	90480	Кузнецк	kuznetsk|кузнецк|кузнецьк
city	Guliston	40.4954	68.7754	UZ	90398	Гулистан	golodnaya step|golodnaya step'|gulistan|guliston|mirzachul|mirzachul'|гулистан|гулистон|гулістан|гүлстан|гүлістан
city	Kirovo-Chepetsk	58.5509	50.0310	RU	90252	Кирово-Чепецк	chepets|chepetsk|cheptsa|kirovo chepetsk|kirovo chepetskiy|kirovo-chepetsk|kirovo-chepetskiy|kirovochepetsk|kirovochepetskiy|ust' chepetskoye|ust' cheptsa|ust'-chepetskoye|ust'-cheptsa|ust'chepetskoye|ust'cheptsa|ust-chepetskoye|ust-cheptsa|кирово чепетск|кирово чепецк|кирово-чепетск|кирово-чепецк|кировочепетск|кировочепецк|кірава чапецк|кірава-чапецк|кіравачапецк|кірово чепецьк|кірово-чепецьк|кіровочепецьк
city	Berdsk	54.7535	83.0962	RU	90250	Бердск	berdsk|berdskoye|bordsk|бердск|бердськ
city	Alvand	36.1893	50.0643	IR	90000	Alvand	alborz|alvand
city	Gatchina	59.5764	30.1283	RU	89761	Гатчина	gatchina|гатчина|гатчына
city	Lankaran	38.7543	48.8506	AZ	89300	Ленкорань	lankaran|lencoran|lenkoran|lenkoran'|ланкаран|ленкорань|лянкяран
city	Aligudarz	33.4040	49.6918	IR	89268	Алигударз	aligoodarz|aligudarz|алигударз
city	Kuhdasht	33.5333	47.6100	IR	89091	Kuhdasht	kuhdasht
city	Nusaybin	37.0703	41.2146	TR	88977	Нузайбин	nasabina|nisibin|nisibis|nissibine|nusaybin|nuseybin|нузайбин
city	Fulad Shahr	32.4866	51.3967	IR	88426	Fulad Shahr	fulad shahr
city	Kozan	37.4552	35.8157	TR	88115	Козан	flaviopolis|kozan|sis|козан
city	Sarov	54.9480	43.3152	RU	88000	Саров	sarov|sarova|саров|сароу
city	Qorveh	35.1664	47.8056	IR	87953	Qorveh	qorveh|qurve|qurveh
city	Yozgat	39.8200	34.8044	TR	87881	Йозгат	saralus|yozgad|yozgat|yozqat|yuzgat|йозгат
city	Balkanabat	39.5108	54.3671	TM	87822	Балканабат	balkanabad|balkanabat|bolqonobod|nebit dag|nebit-dag|nebitdag|neftedag|балканабат|небит даг|небит-даг|небитдаг
city	Yeysk	46.6926	38.2791	RU	87814	Ейск	jeisk|yeisk|yeysk|yiesk|ейск
city	Buzuluk	52.7782	52.2585	RU	87714	Бузулук	buzuluk|бузулук
city	Patnos	39.2249	42.8569	TR	87451	Патнос	patnos|патнос
city	Qaracuxur	40.3967	49.9736	AZ	87349	Гарачухур	garachukhur|imeni kaganovicha|kaganovich|kaganovicha|karachekhur|karachukhur|qaracuxur|serebovski|serebrovskiy|гарачухур
city	Maladziecna	54.3167	26.8540	BY	87339	Молодечно	maladziecna|maladzyechna|molodechno|molodeczno|маладзечна|молодечно
city	Lerik	38.7739	48.4150	AZ	87000	Лерик	lerik|лерик
city	Gubkin	51.2837	37.5351	RU	87000	Губкин	gubkin|qubkin|губкин|губкін
city	Chaykovskiy	56.7632	54.1126	RU	86712	Чайковский	chaykovskiy|chaykovsky|чайковский
city	Tajrish	35.8044	51.4256	IR	86000	Tajrish	tajrish
city	Usol'ye-Sibirskoye	52.7519	103.6453	RU	85900	Усолье-Сибирское	isol'ye sibirskoye|isol'ye-sibirskoye|isol'yesibirskoye|isolye-sibirskoye|usel'ye sibirskoye|usel'ye-sibirskoye|usel'yesibirskoye|uselye-sibirskoye|usol'ye|usol'ye sibirskoye|usol'ye-sibirskoye|usol'yesibirskoye|usole sibirskoe|usolye|usolye sibirskoye|usolye-sibirskoye|usolyesibirskoye|усолье сибирское|усолье-сибирское|усольесибирское
city	Obruchevo	55.6591	37.5229	RU	85616	Obruchevo	obruchevo
city	Mukachevo	48.4425	22.7180	UA	85569	Мукачево	mukachevo|мукачево
city	Krasnaya Glinka	53.7383	52.9392	RU	85566	Красная Глинка	krasnaya glinka|красная глинка
city	Mehestan	35.9891	50.7451	IR	85200	Mehestan	mehestan|shahr-e jadid-e mehestan|shahre jadide mehestan
city	Yegor'yevsk	55.3795	39.0412	RU	85200	Егорьевск	egor'ev|egorev|egorievsk|yegor'yevsk|yegorevsk|yegoryevsk|егорьевск
city	Konotop	51.2325	33.2004	UA	84787	Конотоп	konotop|канатоп|конотоп
city	Akhisar	38.9185	27.8401	TR	84659	Акхисар	akhisar|akhissar|aq hisar|axari|azarion|thyatira|акхисар|акхісар
city	Akcapinar	38.9473	38.9423	TR	84366	Akcapinar	akcapinar|vaskovan
city	Karakol	42.4905	78.3920	KG	84351	Каракол	karakol|prjeval'sk|prjevalsk|przheval'sk|przhevalsk|qarakol|qoraqo'l|qoraqol|qoraqul|каракол|каракул
city	Cerkezkoey	41.2863	27.9994	TR	84234	Cerkezkoey	cerkezkoey|cerkezkoy
city	Baghestan	35.6471	51.1338	IR	83934	Baghestan	baghestan
city	Darhan	49.4867	105.9228	MN	83883	Дархан	darhan|darkhan|дарhan|дарxан|дархан
city	Kisilevsk	53.9962	86.6485	RU	83431	Kisilevsk	kisilevsk
city	Wensu	41.2755	80.2361	CN	83110	Wensu	a k'o su|a-k'o-su|a-k'o-su-chiu-ch'eng|a-k'o-su-lao-ch'eng|a-ko-su|a-ko-su-chiu-cheng|a-ko-su-lao-cheng|agsu|ak'osu|ak'osuchiuch'eng|ak'osulaoch'eng|akoso|aksou|aksu|aksu old city|aqsu|aqsu kona shahr|aqsu old city|kona shahr|old aksu|wen su hsien|wen-su-hsien|wen-su-lao-ch'eng|wen-su-lao-cheng|wensu|wensu xian|wensuh|wensuh lao ch'eng|wensuh-lao-ch'eng|wensuh-lao-cheng|wensuhlaoch'eng|wensuhsien|wensulaoch'eng
city	Shirvan	37.3967	57.9295	IR	82790	Shirvan	shirvan
city	Mus	38.7316	41.4848	TR	82536	Муш	mus|mush|муш
city	Anzhero-Sudzhensk	56.0757	86.0243	RU	82526	Анжеро-Судженск	anshero sudshensk|anshero-sudshensk|ansherosudshensk|anzherka|anzhero sudzhenka|anzhero sudzhensk|anzhero sujensk|anzhero-sudzhenka|anzhero-sudzhensk|anzhero-sujensk|anzherosudzhenka|anzherosudzhensk|anzherosujensk|sudzhenka|анжеро судженск|анжеро-судженск|анжеросудженск
city	Sahand	37.9510	46.1103	IR	82494	Sahand	sahand
city	Troitsk	54.0922	61.5676	RU	82338	Троицк	troitsk|troizk|троицк|троіцк
city	Nizip	37.0097	37.7942	TR	82308	Низипе	nezip|nizip|низипе
city	Fatsa	41.0289	37.4998	TR	82160	Фатса	fatisa|fatsa|fatseh|fatza|polemonium|side|фатса
city	Azov	47.1069	39.4149	RU	82133	Азов	asoff|asow|azak|azov|азов|азоу
city	Kaspiysk	42.8817	47.6392	RU	81752	Каспийск	kaspiysk|sotsgorod|каспийск
city	Bartin	41.6358	32.3375	TR	81692	Бартин	bartan|bartheni|bartin|parthenium|бартин|бартын
city	Salmas	38.1973	44.7653	IR	81606	Салмас	salmas|shahpoor|shapur|салмас
city	Naqadeh	36.9553	45.3880	IR	81598	Naqadeh	nagadeh|naghadeh|naghdeh|naqadeh
city	Uman	48.7501	30.2194	UA	81525	Умань	kalingorod|kalinvar|uman|умань
city	Balqash	46.8455	74.9821	KZ	81364	Балхаш	balkhash|balqash|pribalkhash|pribalkhashstroy|балкаш|балхаш
city	Ozersk	55.7556	60.7028	RU	81023	Озёрск	ozersk|ozyorsk|озерск
city	Yessentuki	44.0483	42.8564	RU	81015	Ессентуки	jessentuki|yessentaki|yessentuki|ессентуки
city	Klin	56.3317	36.7292	RU	80778	Клин	klin|ulin|клин|клін
city	Bakhmut	48.5942	37.9989	UA	80500	Бахмут	bakhmut|baxmut|бахмут
city	Elbistan	38.2059	37.1983	TR	80456	Эльбистан	elbistan|эльбистан
city	Bonab	37.3404	46.0561	IR	80359	Бонаб	bonab|bunab|бонаб
city	Qunghirot	43.0433	58.8394	UZ	80090	Qunghirot	kungirot|kungrad|qunghirot|zheleznodorozhnyy
city	Vorkuta	67.5087	64.0667	RU	80039	Воркута	vorkuta|варкута|воркута
city	Kropotkin	45.4372	40.5704	RU	79599	Кропоткин	krapotkin|kropotkin|romanovskiy khutor|крапоткін|кропоткин|кропоткін
city	Khrustalnyi	48.1424	38.9237	UA	79533	Khrustalnyi	khrustal'nyy|khrustalnyi|khrustalnyy|krasniluch|krasny luch|krasnyi luch|красний луч|хрустальний
city	Shadrinsk	56.0862	63.6382	RU	79479	Шадринск	shadrinsk|шадринск|шадринськ|шадрынск
city	Polotsk	55.4879	28.7856	BY	79285	Полоцк	podolsk|polatsk|polotsk|polozk|potolsk|полацк|полоцк|полоцьк
city	Bumahen	35.7297	51.8688	IR	79034	Bumahen	bumahen|bumahind
city	Vyborg	60.7076	28.7528	RU	78633	Выборг	viborg|viipuri|vipuri|vyborg|wiborg|виборг|виипури|выбарг|выборг|выборге
city	Reutov	55.7627	37.8630	RU	78370	Реутов	reutov|reutovo|реутов
city	Bandar-e Emam Khomeyni	30.4370	49.1029	IR	78353	Бендер-Хомейни	bandar e shahpur|bandar shahpur|bandar-e emam khomeyni|bandar-e shahpur|bandare emam khomeyni|bandare emm xomeyni|bandare shahpur|бендер хомейни|бендер імам хомейні|бендер-хомейни|бендер-імам-хомейні|бендерхомейни|бендерімамхомейні
city	Denov	38.2675	67.8989	UZ	78300	Денау	dehnan|dehnav|denan|denau|denov|denow|deynau|денов
city	Vanadzor	40.8074	44.4970	AM	78100	Ванадзор	karakhs|korovakan|vanadzor|ванадзор
city	Hakkari	37.5744	43.7408	TR	77699	Хаккари	hakkari|julamerk|аккаре|хаккари
city	UEnye	41.1405	37.2885	TR	77585	Унье	oenoe|onieh|uenye|unie|unieh|унье
city	Khomeyn	33.6389	50.0800	IR	77425	Khomeyn	khomeyn|khowmeyn
city	Shush	32.1942	48.2436	IR	77148	Сузы	shoosh|shush|susa|сузы
city	Voskresensk	55.3130	38.6910	RU	77086	Воскресенск	voskresensk|woskressensk|воскресенск|воскресенськ
city	Yalta	44.5022	34.1662	UA	77003	Ялта	jalta|yalta|ялта
city	Sarqant	45.4132	79.9171	KZ	76919	Сарканд	sarkand|sarkanskaya|sarqan|sarqant|саркан|сарканд|саркант
city	Yenakiyeve	48.2386	38.2040	UA	76673	Енакиево	ordshonikidse|ordzhonikidze|rykovo|yenakiieve|yenakijeve|yenakiyeve|yenakiyevo|енакиево
city	Zhlobin	52.8926	30.0240	BY	76304	Жлобин	korpilovka|zhlobin|zlobin|жлобин|жлобін
city	Mineralnye Vody	44.2103	43.1353	RU	76280	Минеральные Воды	mineral waters|mineral'nyye vody|mineralnye vody|mineralnyje wody|mineralnyye vody|минеральные воды|мінеральныя воды|мінеральні води
city	Midyat	37.4191	41.3391	TR	76268	Мидьят	estil|medeat|midyad|midyat|mityat|мидьят|мідьят
city	Nahavand	34.1909	48.3745	IR	76250	Нагаванде	nahavand|нагаванде
city	Oleksandriya	48.6747	33.1176	UA	76097	Александрия	alexandria|oleksandriia|oleksandriya|александрия|олександрія
city	Maymana	35.9214	64.7836	AF	75900	Меймене	maimana|maimanah|maymana|meymene|mimana|майманa|маймана|меймене
city	Kamensk-Shakhtinsky	48.3178	40.2595	RU	75814	Каменск-Шахтинский	kamensk|kamensk shakhtinskiy|kamensk shakhtinsky|kamensk-shakhtinskiy|kamensk-shakhtinsky|kamenskaya|kamenskshakhtinskiy|kamenskshakhtinsky|каменск|каменск шахтинский|каменск-шахтинский|каменскшахтинский
city	Belovo	54.4212	86.2991	RU	75764	Белово	belova|belovo|белово|бялова
city	Kageleke	37.3010	79.6013	CN	75730	Kageleke	kageleke|kargilik|yecheng
city	Chekhov	55.1455	37.4619	RU	75643	Чехов	chekhov|lopasnya|чехов|чэхау
city	Nevsehir	38.6250	34.7122	TR	75527	Невшехир	nevsehir|nevshehr|невшехир
city	Asbest	57.0082	61.4634	RU	74583	Асбест	asbest|асбест
city	Bismil	37.8451	40.6593	TR	74493	Bismil	bismil
city	Bilecik	40.1419	29.9793	TR	74457	Биледжик	agrilium|belocome|bilecik|bilejik|биледжик|біледжик|біліджік
city	Ramhormoz	31.2800	49.6035	IR	74285	Ramhormoz	ramhormoz
city	Meshgin Shahr	38.3990	47.6820	IR	74109	Meshgin Shahr	khiov|khiyov|meshgin shahr|mishgin
city	Drohobych	49.3520	23.5112	UA	73682	Дрогобич	drogobych|drogobycz|drohobych|drohobycz|drohobytsch|дрогобич|дрогобыч
city	Birobidzhan	48.7930	132.9203	RU	73623	Биробиджан	birabidzhan|birobican|birobidshansk|birobidzan|birobidzhan|birobijan|tikhon'kaya stantsiya|tikhonkaya stantsiya|tikhou'kaya stantsiya|tikhoukaya stantsiya|биробиджан|бірабіджан|біробіджан
city	Belek	36.8631	31.0654	TR	73260	Белек	belek|белек
city	Kadiyivka	48.5682	38.6435	UA	73248	Кадиевка	kadiivka|kadiyivka|кадзееука|кадзіеука|кадзііука|кадиевка|стаханов
city	Tatvan	38.4922	42.2827	TR	73222	Татван	tatvan|татван
city	Peterhof	59.8833	29.9000	RU	73199	Петергоф	petergof|peterhof|петергоф|пецяргоф
city	Shostka	51.8643	33.4728	UA	73197	Шостка	schostka|shostka|шостка
city	Berdychiv	49.8942	28.5824	UA	73046	Бердичев	berdichen|berdichev|berditschew|berdychiv|бердичев|бердичів|бэрдычыу
city	Minusinsk	53.7012	91.7080	RU	72781	Минусинск	minusinka|minusinsk|минусинск|мінусинськ|мінусінск
city	Georgiyevsk	44.1494	43.4702	RU	72649	Георгиевск	georgievsk|georgiewsk|georgijewsk|georgiyevsk|георгиевск
city	Yelabuga	55.7623	52.0442	RU	72643	Елабуга	elabuga|yelabuga|елабуга
city	Naro-Fominsk	55.3875	36.7331	RU	72632	Наро-Фоминск	naro fominsk|naro-fominsk|narofominsk|нара фамінск|нара-фамінск|нарафамінск|наро фоминск|наро фомінськ|наро-фоминск|наро-фомінськ|нарофоминск|нарофомінськ
city	Wusu	44.4310	84.6762	CN	72587	Wusu	hsi hu|hsi-hu|hsihu|k'u-erh-k'o-la-wu-su|k'uerhk'olawusu|ku-erh-ko-la-wu-su|kweitun|lao hsi hu|lao-hsi-hu|laohsihu|shikho|usu|wu su|wu su chen|wu su hsien|wu-su|wu-su-chen|wu-su-hsien|wusu|wusu shi|wusuchen|wusuhsien
city	Sunzha	43.3206	45.0490	RU	71841	Сунжа	ordzhonikidzevskaya|ordzhonikidzevskoye|slyeptsovskaya|sunja|sunzha|су нжа|сунжа
city	Yueksekova	37.5736	44.2872	TR	71729	Юксекова	dize|yueksekova|юксекова
city	Shakhtarsk	48.0566	38.4383	UA	71700	Шахтёрск	katyk|shakhtars'k|shakhtarsk|zapadno gruppskiy|zapadno-gruppskiy|zapadnogruppskiy|шахтарськ|шахтерск
city	Chernogorsk	53.8288	91.3095	RU	71582	Черногорск	chernogorsk|черногорск
city	Khanabad	36.6830	69.1128	AF	71531	Ханабад	khanabad|ханабад
city	Takestan	36.0706	49.6957	IR	71499	Takestan	siakh degen|siakh-degen|siakhdegen|siakhdekhan|takestan
city	Qarasu	44.2028	80.4164	CN	71446	Qarasu	chorgos|gorgos|ho ch'eng|ho ch'eng chen|ho ch'eng hsien|ho-ch'eng|ho-ch'eng-chen|ho-ch'eng-hsien|ho-cheng|ho-cheng-chen|ho-cheng-hsien|ho-erh-kuo-ssu|hoch'eng|hoch'engchen|hoch'enghsien|hoerhkuossu|hoerkwosze|horgos|huo ch'eng|huo'er guosi|huo-ch'eng|huo-cheng|huo-erh-kuo-ssu|huoch'eng|huoer guosi|huoerhkuossu|huuer guosi|kalasu|khorges|khorgos|korgas|kung ch'en|kung ch'en ch'eng|kung-ch'en|kung-ch'en-ch'eng|kung-chen|kung-chen-cheng|kungch'en|kungch'ench'eng|kurgash|qarasu
city	Tokmok	42.8419	75.3015	KG	71443	Токмак	to'qmoq|tokmok|toqmoq|tuqmoq|токмак|токмок
city	Shahrikhon	40.7133	72.0571	UZ	71400	Shahrixon	imeni stalina|moskovskiy|shahrikhon|shahrixon|shakhrikhan|stalino
city	Zelenogorsk	56.1092	94.5870	RU	71354	Зеленогорск	barga|ust' barga|ust'-barga|ust'barga|ust-barga|zelenogorsk|зеленагорск|зеленогорск
city	Yalova	40.6550	29.2769	TR	71289	Ялова	pythiae thermae|yalova|yaluva|ялова
city	Gemlik	40.4309	29.1597	TR	71063	Гемлик	cius|gemlik|kios|kiye|гемлик
city	Kopeysk	55.1169	61.6181	RU	70780	Копейск	kopeisk|kopeysk|kopi|ugolnye kopi|копейск
city	Samar	48.6289	35.2589	UA	70550	Самар	samar|самар
city	Vol'sk	52.0417	47.3827	RU	70500	Вольск	vol'sk|volsk|wolsk|вольск
city	Beloretsk	53.9621	58.4000	RU	70468	Белорецк	beloretsk|beloretskiy zavod|belorezk|беларэцк|белорецк
city	Ishimbay	53.4477	56.0387	RU	70421	Ишимбай	ishimbay|ишимбай
city	Bayramaly	37.6185	62.1671	TM	70376	Байрамали	bayramaly|байрамали
city	Kadirli	37.3739	36.0961	TR	70248	Kadirli	kadirli
city	Darab	28.7517	54.5406	IR	70232	Darab	darab
city	Sirvan	39.9378	48.9290	AZ	70220	Ширван	ali bairamli|ali bairamly|ali bayramli|ali bayramly|ali-bairamli|ali-bayramli|ali-bayramly|alibairamli|alibayramli|alibayramly|aly bayramly|aly-bayramly|alybayramly|arab shakhberdy|arab shakhverdi|arab shakhverdy|arab-shakhberdy|arab-shakhverdy|arabshakhberdy|arabshakhverdy|sirvan|zubovka|сирван|ширван
city	Adler	43.4290	39.9239	RU	70200	Адлер	adler|adlersky city district|адлер|адлерский район
city	Dogubayazit	39.5469	44.0842	TR	70171	Догубаязит	bajaset|bajasid|bajesid|bayazid|bayazit|bayezid|dogubayazit|догубаязит
city	Chapayevsk	52.9771	49.7086	RU	70147	Чапаевск	chapaevsk|chapayevsk|ivashchenkovo|trotsk|tschapajewsk|чапаевск|чапаеуск
city	Ayvalik	39.3193	26.6934	TR	70002	Айвалык	aivali|ayvalik|cisthene|kydoniai|айвалык
city	Baikonur	45.6167	63.3167	KZ	70000	Байконур	baikonur|baykonur|bayqomir|байкониур|байконур|байкоңыр
city	Izmayil	45.3506	28.8375	UA	69932	Измаил	i zmail|izmail|izmayil|измаил
city	Abhar	36.1468	49.2180	IR	69889	Абхар	abhar|abkhar|абхар
city	Satpayev	47.9041	67.5411	KZ	69782	Сатпаев	nikol'skiy|nikolskiy|satpayev|сатпаев|сатпаеу|сәтбаев
city	Khash	28.2211	61.2158	IR	69603	Хаш	kavash|khash|хаш
city	Mobarakeh	32.3461	51.5020	IR	69449	Mobarakeh	mobarakeh
city	Xininglu	44.3396	84.9043	CN	69361	Xininglu	dushanzi|dushanzi qu|maytag|t'u shang tzu|t'u-shang-tzu|t'ushangtzu|tu shan tzu|tu-shan-tzu|tu-shang-tzu|tushandzy|tushantze|tushantzu|xininglu
city	Koson	39.0375	65.5850	UZ	68900	Косон	kasan|kassan|koson|касан|косон
city	Tuymazy	54.6064	53.7118	RU	68829	Туймазы	tuimasa|tuimazy|tuymaza|tuymazy|туймазы
city	Lys'va	58.1074	57.8106	RU	68660	Лысьва	lys'va|lysva|лысьва
city	Borisoglebsk	51.3689	42.0980	RU	68597	Борисоглебск	borisoglebsk|borisoqlebsk|borissoglebsk|барысаглебск|борисоглебск
city	Sosnovyy Bor	59.8996	29.0857	RU	68563	Сосновый Бор	sosnovy bor|sosnovyy bor|сосновый бор
city	Feodosiya	45.0320	35.3815	UA	68562	Феодосия	feodosia|feodosija|feodosiya|feodossia|feodosya|fyeodosiya|kaffa|theodosia|теодосія|феодосия|феодосія
city	Sheki	41.1919	47.1706	AZ	68400	Шеки	nucha|nukha|nuxa|shaki|sheki|шеки
city	Dolgoprudnyy	55.9496	37.5018	RU	68259	Долгопрудный	dolgoprodnyy|dolgoprudny|dolgoprudnyy|dolgoprudyy|долгопрудный
city	Soeke	37.7482	27.4061	TR	68230	Сок	soeke|sokia|секе|сок
city	Langarud	37.1955	50.1526	IR	68148	Langarud	langarood|langarud
city	Ardesen	41.1906	40.9793	TR	67965	Ардешен	ardesen|ардешен
city	Budyonnovsk	44.7839	44.1658	RU	67962	Будённовск	budennowsk|budenovsk|budjennowsk|budyonnovsk|budyonovsk|karabagly|prikumsk|svetaya kresta|svyatoy krest|буденновск
city	Belogorsk	50.9124	128.5124	RU	67911	Белогорск	aleksandrovka|aleksandrovsk|beletorsk|belogorsk|beloqorsk|kuibyshevka|kuybyshevka|kuybyshevka vostochnaya|kuybyshevka-vostochnaya|kuybyshevkavostochnaya|белагорск|белогорск
city	Xo'jayli Shahri	42.4088	59.4454	UZ	67800	Ходжейли	gorod khodzheyli|khodzheili|khodzheyli|khojeili|xo jayli shahri|xo'jayli shahri|xojayli shahri|xujayli shahri|ходжейли
city	Ishim	56.1125	69.4872	RU	67762	Ишим	ishim|korkina sloboda|ишим|коркина слобода|ішим|ішым
city	Damghan	36.1679	54.3429	IR	67694	Damghan	damghan
city	Sirnak	37.5139	42.4543	TR	67662	Ширнак	shirnak|sirnak|ширнак
city	Xacmaz	41.4643	48.8056	AZ	67600	Хачмас	chatschmas|kekhna khachmaz|kekhna-khachmaz|kekhnakhachmaz|khachmas|khachmaz|xachmaz|xacmaz|хачмаз|хачмас|хачмос
city	Kovel	51.2155	24.7008	UA	67575	Ковель	kovel|kovel'|kowel|ковель
city	Tejen	37.3834	60.5055	TM	67488	Теджен	tedjen|tedzhen|tejen|tejend|теджен
city	Omidiyeh	30.7628	49.7023	IR	67427	Omidiyeh	omidiyeh|sherkat e naft|sherkat-e naft|sherkate naft
city	Kostyantynivka	48.5273	37.7059	UA	67350	Константиновка	konstantinowka|kostiantynivka|kostyantynivka|константиновка|костянтинівка
city	Kstovo	56.1475	44.1987	RU	67242	Кстово	kostova|kstovo|кстова|кстово
city	OEdemis	38.2278	27.9696	TR	67153	OEdemis	eudemish|hypaepa|oedemis
city	Nizhyn	51.0477	31.8884	UA	66983	Нежин	neshin|nezhin|nizhin|nizhyn|нежин|нежын|ніжин
city	Aleksin	54.5048	37.0670	RU	66885	Алексин	aleksin|алексин|алексін
city	Bakixanov	40.4189	49.9669	AZ	66686	Бакиханова	bakikhanov|bakixanov|бакиханова
city	Qaraqash	37.2725	79.7344	CN	66541	Qaraqash	ha-la-k'a-shih|ha-la-k'o-shih|ha-la-ka-shih|ha-la-ko-shih|halahashih|halak'ashih|halak'oshih|k'a-la-k'a-shih|k'alak'ashih|k'o-la-k'o-shih|k'olak'oshih|ka-la-ka-shih|kalakashi|kalakashi zhen|kara kasch|kara kash|kara-kasch|karakasch|karakax|ko-la-ko-shih|moyu|qara qash|qarakash|qaraqash
city	Smila	49.2330	31.8843	UA	66475	Смела	smila|смела|сміла
city	Kungur	57.4143	56.9716	RU	66389	Кунгур	kungur|kunqur|кунгур
city	Klintsy	52.7603	32.2390	RU	66336	Клинцы	klintsi|klintsy|klinzy|клинтси|клинцы|клинці|клінцы
city	Neryungri	56.6584	124.7250	RU	66320	Нерюнгри	neryugran|neryungar|neryungra|neryungri|нерюнгри
city	Leninogorsk	54.5971	52.4512	RU	66263	Лениногорск	leninogorsk|leninoqorsk|novaya pis'menka|novaya pis'myanka|novaya pismenka|novaya pismyanka|novopis'myanka|novopismyanka|лениногорск|ленінагорск
city	Beruniy	41.6911	60.7525	UZ	66090	Беруний	beruni|beruniy|biruni|biruniy|shabbaz|shchabbaz|sheikh abaz vali|беруний
city	Gukovo	48.0513	39.9305	RU	66079	Гуково	gukova|gukovo|gukowo|гуково
city	Kherson	46.6369	32.6146	UA	66000	Херсон	herson|kherson|xerson|херсон|херсонскую
city	Silvan	38.1371	41.0082	TR	65956	Сильван	miepherkeim|miyafarkin|silvan|сильван
city	Lesosibirsk	58.2354	92.4835	RU	65945	Лесосибирск	lesosibirsk|maklakova|maklakovo|novomaklakovo|лесасібірск|лесосибирск
city	Polevskoy	56.4422	60.1878	RU	65770	Полевской	polevskoy|tolevskoy|полевской
city	Nurabad	34.0734	47.9725	IR	65547	Нурабад	nurabad|нурабад
city	Sokhumi	43.0070	40.9893	GE	65439	Сухум	aqwa|sohum|sohumi|sokhumi|ssuchum|suchum|sukhum|sukhumi|сухум
city	Firuzabad	28.8446	52.5715	IR	65417	Firuzabad	firuzabad
city	Aran Bidgol	34.0575	51.4829	IR	65404	Aran Bidgol	aran bidgol
city	Baqershahr	35.5316	51.4048	IR	65388	Baqershahr	baqershahr
city	Meleuz	52.9647	55.9328	RU	65362	Мелеуз	meleuz|мелеуз|меляуз
city	Kumertau	52.7649	55.7878	RU	65321	Кумертау	kumertau|кумертау|кумяртау|көміртау|көмүр тоо|көмүр-тоо|көмүртоо
city	Urgut Shahri	39.4190	67.2612	UZ	65300	Ургут	gorod urgut|urgut shahri|ургут|үргіт|үргүт
city	Slavyansk-na-Kubani	45.2514	38.1213	RU	65196	Славянск-на-Кубани	slavanskaya|slavyansk na kubani|slavyansk-na-kubani|slavyanskaya|slavyansknakubani|slawjanskaja|sslawjanskaja|славянск на кубани|славянск-на-кубани|славянскнакубани|слов'янськ на кубані|словянськ на кубані
city	Irpin	50.5220	30.2404	UA	65167	Ирпень	irpen|irpen'|irpin|irpin'|ирпень|ірпінь
city	Kalush	49.0240	24.3721	UA	65088	Калуш	kalush|калуш
city	Bazarak	35.3129	69.5152	AF	65000	Базарак	bazarak|базарак
city	Khulm	36.6974	67.6983	AF	64933	Ташкурган	kholm|khulm|tashkurgan|кулм|кұлм|ташкурган
city	Rechytsa	52.3617	30.3916	BY	64733	Речица	rechitsa|rechysta|rechytsa|ryechitsa|речица|рэчыца
city	Ahlat	38.7489	42.4801	TR	64695	Ахлат	ahlat|erkizan|ахлат
city	Aksehir	38.3575	31.4164	TR	64446	Aksehir	ak shehr|aksehir|philomelion|philomelium
city	Tikhoretsk	45.8531	40.1187	RU	64387	Тихорецк	tichorezk|tikhoretsk|tixoretsk|тихоретск|тихорецк|ціхарэцк
city	Rossosh'	51.1209	38.5116	RU	64323	Россошь	pervaya rossosh|pervaya rossosh'|rossosh|rossosh pervaya|rossosh'|rossosh' pervaya|rossoshi|россошь
city	Sheptytskyi	50.3940	24.2394	UA	64297	Червоноград	cervonohrad|chervonograd|chervonohrad|czerwonohrad|krasnipali|krisnipolye|kristinopol|kristinopol'|krvstonopol|sheptytskyi|sheptytskyy|червоноград|шептицкий|шептицький
city	Taloqan	36.7360	69.5345	AF	64256	Таликан	khanabad|taikhan|taleqan|talikan|talikhan|talkan|talogan|taloqan|talugan|talukan|tologan|таликан|таликон|талокан|талукан
city	Tuapse	44.1008	39.0833	RU	64234	Туапсе	tuapse|tuapsse|туапсе|туапсэ
city	Boryspil	50.3505	30.9526	UA	64117	Борисполь	borispol|borispol'|boryspil|boryspil'|борисполь|бориспіль
city	Aleksandrov	56.3973	38.7140	RU	64088	Александров	aleksandrov|aleksandrovo|alexandrov|александров|аляксандрау
city	Pavlovo	55.9686	43.0912	RU	63338	Павлово	pavlovo|павлово|паулава
city	Gorno-Altaysk	51.9606	85.9189	RU	63214	Горно-Алтайск	gorno altaysk|gorno-altaysk|gornoaltaysk|gornyy altaysk|oirat tura|oirat-tura|oirattura|oirot tura|oirot-tura|oirottura|горно алтайск|горно алтойск|горно-алтайск|горно-алтойск|горноалтайск|горноалтойск
city	Kusadasi	37.8601	27.2571	TR	63177	Кушадасы	efes|kusadasi|kushadassi|marathesium|nea ephesus|scalanuova|skalanova|кушадаси|кушадасы
city	Novaya Balakhna	56.4899	43.6011	RU	63083	Балахна	balakhna|novaya balakhna|балахна
city	Urla	38.3229	26.7640	TR	62989	Урла	urla|vourlah skala|урла
city	Horad Zhodzina	54.0985	28.3331	BY	62983	Жодино	gorod zhodino|horad zhodzina|zhodino|zhodzina|горад жодзіна|жодзiна|жодино
city	Mahdasht	35.7282	50.8134	IR	62910	Mahdasht	mahdasht
city	Sorgun	39.8101	35.1860	TR	62862	Соргуне	sorgun|соргуне
city	Gus'-Khrustal'nyy	55.6117	40.6502	RU	62746	Гусь-Хрустальный	gus khrustalnyi|gus' khrustal'ny|gus' khrustal'nyy|gus'-khrustal'ny|gus'-khrustal'nyy|gus'khrustal'ny|gus'khrustal'nyy|gus-khrustalny|gus-khrustalnyi|gus-khrustalnyy|guskhrustalnyi|гусь хрустальный|гусь-хрустальный|гусьхрустальный
city	Dovzhansk	48.0761	39.6474	UA	62691	Dovzhansk	dovzhansk|довжанськ
city	Buynaksk	42.8180	47.1268	RU	62689	Буйнакск	buinaksk|buynaksk|temir khan choura|temir khan shura|temir-khan-shura|temirkhanshura|буйнакск
city	Cubuk	40.2386	33.0322	TR	62602	Cubuk	cubuk
city	Krasnoturinsk	59.7666	60.2086	RU	62600	Краснотурьинск	krasnotur'insk|krasnoturinsk|tur'inskiy|turinskiy|краснотурьинск
city	Belebey	54.1077	54.1174	RU	62582	Белебей	belebei|belebey|белебей|белябей
city	Pervomaysk	48.0448	30.8478	UA	62426	Первомайск	ol'viopol'|olviopol|olwiopol|pervomaisk|pervomays'k|pervomaysk|первомайск|первомайськ
city	Kogon Shahri	39.7275	64.5547	UZ	62300	Каган	kagan|kogon shahri|novaya bukhara|каган
city	Rzhev	56.2629	34.3289	RU	62246	Ржев	rjev|rjov|rshew|rzhev|ржев|ржэу
city	Chistopol'	55.3661	50.6440	RU	62200	Чистополь	chistopol|chistopol'|чистополь
city	Asaka	40.6415	72.2387	UZ	62200	Асака	asaka|asake|assake|leninsk|zelensk|асака
city	Inhulets	47.7301	33.2519	UA	62173	Ингулець	ingulets|inhulets|ингулець|інгулець
city	Tikhvin	59.6392	33.5256	RU	62075	Тихвин	tichwin|tikhvin|тихвин|тихвін|ціхвін
city	Lar	27.6834	54.3417	IR	62045	Lar	lar|larestan
city	Meshkin Dasht	35.7499	50.9438	IR	62005	Meshkin Dasht	meshkin dasht
city	gorod Solnetchnogorsk	56.1859	36.9756	RU	62000	gorod Solnetchnogorsk	gorod solnetchnogorsk
city	Petrodvorets	59.8957	29.8014	RU	61973	Petrodvorets	petergof|petrodvorets
city	Labinsk	44.6360	40.7357	RU	61945	Лабинск	labinsk|labinskaja|labinskaya|лабинск|лабінск|лабінськ
city	Bamyan	34.8216	67.8273	AF	61863	Бамиан	bamian|bamion|bamiyan|bamyan|kala sarkari|бамиан|бомиен
city	Iskitim	54.6426	83.3035	RU	61827	Искитим	iskitim|искитим|іскітим|іскіцім
city	Svetlogorsk	52.6329	29.7389	BY	61812	Светлогорск	shatilki|shatsilki|svetlogorsk|svyetlahorsk|светлагорск|светлогорск
city	Revda	56.8024	59.9377	RU	61785	Ревда	revda|ревда|рэуда
city	Lobnya	56.0271	37.4679	RU	61772	Лобня	krasnaya polyana|lobnya|лобня
city	Yangiyul	41.1120	69.0471	UZ	61700	Янгиюль	kaunchi|yangiyo'l|yangiyol|yangiyul|янгийул|янгиюль
city	Vyksa	55.3206	42.1740	RU	61664	Выкса	vyksa|викса|выкса
city	Dmitrov	56.3449	37.5204	RU	61607	Дмитров	dmitrov|дзмітрау|дмитров
city	Sibay	52.7179	58.6667	RU	61590	Сибай	sibay|сибай
city	Korosten	50.9512	28.6386	UA	61496	Коростень	korosten|карасьцень|корастэнь|корасцень|корасьцень|коростень
city	Stryi	49.2610	23.8484	UA	61404	Стрый	stry|stryi|stryy|стрий|стрый
city	Apatity	67.5827	33.4134	RU	61186	Апатиты	apatiitti|apatit|apatity|апатити|апатиты|апатыты
city	Novoaltaysk	53.4143	83.9411	RU	61050	Новоалтайск	chesnokovka|chesnokovo|chesnokovskoye|novoaltaysk|новоалтайск
city	Sal'sk	46.4749	41.5416	RU	61000	Сальск	sal'sk|salsk|ssalsk|torgovyy|сальск
city	Stupino	54.8974	38.0680	RU	60999	Ступино	elektrovoz|stupino|ступино|ступіна|ступіно
city	Neka	36.6508	53.2991	IR	60991	Нека	neka|нека
city	Kirikhan	36.4994	36.3576	TR	60916	Kirikhan	kirikhan
city	Kolomyia	48.5250	25.0371	UA	60821	Коломыя	kolomyia|коломия|коломыя
city	Prokhladnyy	43.7574	44.0297	RU	60800	Прохладный	prochladnaja|prochladnyj|prokhladnyy|прохладный
city	Shuya	56.8486	41.3869	RU	60705	Шуя	shuya|шуя
city	Shchekino	54.0073	37.5065	RU	60700	Щекино	schekino|shchekino|shchyokino|shehekino|щекино
city	Dubna	56.7405	37.1865	RU	60604	Дубна	dubna|dubno|дубна
city	Fethiye	36.6404	29.1276	TR	60437	Фетхие	fethieh|fethiye|fethiye calis|fethiye-calis|fethiyecalis|fethy|fetiye|makri|makry|telmessus|фетхие
city	Parkent	41.2944	69.6764	UZ	60200	Паркент	parkent|паркент
city	Bandar-e Kangan	27.8343	52.0631	IR	60187	Bandar-e Kangan	bandar e kangan|bandar-e kangan|bandare kangan|kangun
city	Sandaohezi	44.3260	85.6201	CN	60129	Sandaohezi	san tao ho|san-tao-ho|san-tao-ho-tzu|san-tao-ho-tzu-chen|san-tao-ho-tzu-hsiang|san-tu-ho-tzu|sandaohezi|sandaohezi zhen|sandukhoza|santaoho|santaohotzu|santaohotzuchen|santaohotzuhsiang|santuhotzu
city	Pokrovsk	48.2801	37.1771	UA	60127	Покровск	krassnoarmeiskoje|pokrovsk|покровск|покровськ
city	Abyek	36.0399	50.5310	IR	60107	Abyek	abiak|abyek|abyek sofla
city	Pavlovskiy Posad	55.7819	38.6502	RU	60051	Павловский Посад	pavloro pasad|pavlov posad|pavlov-posad|pavlovo posad|pavlovo-posad|pavlovoposad|pavlovposad|pavlovski posad|pavlovskiy posad|pavlovsky posad|павловский посад
city	Saravan	27.3709	62.3310	IR	60014	Saravan	saravan
city	Esfarayen	37.0765	57.5101	IR	59490	Esfarayen	esfarayen
city	Mikhaylovsk	45.1310	42.0270	RU	59198	Михайловск	mikhaylovsk|mikhaylovska|mikhaylovskoye|shpakovskoye|михайловск|шпаковское
city	Kotlas	61.2566	46.6537	RU	59180	Котлас	kotlas|kotlass|котлас
city	Oltinko`l	43.0687	58.9037	UZ	59122	Oltinko‘l	altynkul|altynkul'|oltinko l|oltinko'l|oltinkol|oltinkul
city	Abadeh	28.8317	53.1728	IR	59116	Abadeh	abadeh
city	Abadeh (IR)	31.1608	52.6506	IR	59116	Абаде	abadeh|абаде
city	Verkhnyaya Pyshma	56.9705	60.5822	RU	59061	Верхняя Пышма	pyshma|verkhnyaya pyshma|верхня пишма|верхняя пышма|пышма
city	Talnakh	69.4865	88.3972	RU	59051	Талнах	talnakh|талнах
city	Slutsk	53.0152	27.5416	BY	58995	Слуцк	slutsk|sluzk|слуцк|слуцьк
city	Zarand	30.8127	56.5640	IR	58983	Zarand	zarand
city	Golpayegan	33.4537	50.2884	IR	58936	Golpayegan	golpayegan
city	Torbat-e Jam	35.2440	60.6225	IR	58928	Torbat-e Jam	torbat e jam|torbat-e jam|torbate jam|turbat-i-shaikh jam|turbatishaikh jam
city	Mikhaylovka	50.0619	43.2334	RU	58898	Михайловка	michalowka|mikhailovka|mikhaylovka|михайловка|міхайлаука
city	Solnechnogorsk	56.1753	36.9708	RU	58891	Солнечногорск	solnechangorski|solnechnogorsk|solnechnogorski|solnechnogorskiy|солнечногорск|солнечногорськ
city	Ardakan	32.3100	54.0175	IR	58834	Ardakan	ardakan|ardekan
city	Arsen'yev	44.1570	133.2733	RU	58700	Арсеньев	arsen'yev|arsenyev|semenovka|арсеньев
city	Salehieh	35.5053	51.1914	IR	58683	Salehieh	salehieh
city	Uzlovaya	53.9839	38.1598	RU	58458	Узловая	uzlovaya|узловая
city	Kirklareli	41.7351	27.2252	TR	58223	Кыркларели	kirk kilise|kirk kilissa|kirk kilisse|kirk-kilissa|kirkkilissa|kirklareli|lozen|lozengrad|киркларелі|кыркларели|кыршарелі
city	Volzhsk	55.8666	48.3593	RU	58000	Волжск	lopatin|lopatino|volzhsk|волжск|лопатино
city	Chornomors'k	46.2991	30.6553	UA	57983	Черноморск	chornomors'k|chornomorsk|черноморск|чорноморськ
city	Kogalym	62.2654	74.4791	RU	57800	Когалым	kogalym|кагалым|когалим|когалым
city	Emin	46.5258	83.6342	CN	57782	Emin	dorbiljin|emin|emin zhen|o min|o min hsien|o-min|o-min-ho-shih|o-min-hsien|omin|ominhoshih|ominhsien|seteerhmutotai|seter|seter outpost
city	Harsin	34.2721	47.5861	IR	57647	Harsin	harsin
city	Krymsk	44.9263	37.9903	RU	57555	Крымск	krimskaja|krimskaya|krymasko|krymsk|krymskaja|krymskaya|кримськ|крымск
city	Kentau	43.5167	68.5046	KZ	57408	Кентау	kentau|кентау
city	Cheremkhovo	53.1474	103.0819	RU	57395	Черемхово	cheremkhovo|черемхово
city	Bergama	39.1207	27.1805	TR	57200	Пергам	bergama|pergame|pergamo|pergamon|pergamos|pergamum|пергам
city	Bageqi	37.1407	79.8351	CN	57153	Bageqi	bageqi
city	Anamur	36.0751	32.8369	TR	57128	Анамур	anamur|anemurium|анамур
city	Zhigulevsk	53.4033	49.5106	RU	57094	Жигулёвск	otvazhnoye|otvazhnyy|zhigulevsk|жигулевск
city	Kamyaran	34.7953	46.9368	IR	57077	Kamyaran	kamyaran
city	Borujen	31.9652	51.2873	IR	57071	Borujen	beroojen|borujen
city	Nurabad (IR)	30.1140	51.5217	IR	57058	Nurabad (IR)	nurabad
city	Dehdasht	30.7934	50.5651	IR	57036	Dehdasht	dehdasht|dehdast|kuhgiluyeh
city	Reyhanli	36.2679	36.5675	TR	56995	Рейханлы	airanndji|airinge|ayranci|ayranj|rehaniye|reyhaniye|reyhanli|рейханлы
city	Roslavl'	53.9539	32.8641	RU	56971	Рославль	raslawl|roslavl|roslavl'|roslawl|рославль
city	Malard	35.6659	50.9767	IR	56745	Malard	malard
city	Borovichi	58.3942	33.9186	RU	56571	Боровичи	borovichi|баравічы|боровичи|боровичі
city	Doertyol	36.8392	36.2302	TR	56513	Doertyol	doertyol
city	Pul-e Khumri	35.9446	68.7151	AF	56369	Пули-Хумри	pul e khumri|pul i khomri|pul i khumri|pul-e khumri|pul-i-khomri|pul-i-khumri|pule humri|pule khumri|puli khumri|puli xumri|puli-khumri|pulikhomri|pulikhumri|пул е хумри|пул-е хумри|пуле хумри|пули хумри|пули-хумри|пулихумри
city	Kut-e 'Abdollah	31.2392	48.6564	IR	56252	Kut-e 'Abdollah	kut e 'abdollah|kut-e 'abdollah|kut-e abdollah|kute 'abdollah
city	Kirishi	59.4742	32.0401	RU	56190	Кириши	kirishi|кириши|кірышы|кіріши
city	Goelcuek	40.7150	29.8182	TR	56189	Goelcuek	geulzuk|goelcuek
city	Khartsyzk	48.0428	38.1403	UA	56182	Харцызск	khartsysk|khartsyz'k|khartsyzk|khartsyzsk|харцизьк|харцызск
city	Ezhva	61.8128	50.7283	RU	56000	Эжва	ezhva|sloboda|эжва
city	Zvyahel	50.5914	27.6088	UA	55925	Звягель	novograd volynsk|novograd volynskiy|novograd-volynsk|novograd-volynskiy|novogradvolynsk|novogradvolynskiy|novohrad volyns'kyy|novohrad-volyns'kyy|novohrad-volynskyy|novohradvolyns'kyy|nowograd wolynsk|zviahel|zvyagel|zvyagel'|zvyahel|zvydgel|zwiahl|звягель|новоград волинський|новоград волынский|новоград-волинський|новоград-волынский|новоградволинський|новоградволынский
city	Bolvadin	38.7111	31.0486	TR	55870	Bolvadin	bolvadin
city	Zarrin Shahr	32.3906	51.3765	IR	55817	Zarrin Shahr	zarrin shahr
city	Asadabad	34.7824	48.1201	IR	55703	Асадабада	asadabad|асадабада
city	Zile	40.3031	35.8864	TR	55680	Зил	zile|зил
city	Shibirghan	36.6676	65.7529	AF	55641	Шеберган	shayurgan|sheberkhan|shefrogan|shibergan|shibirghan|shoburgon|шеберган|шибирган|шибиргон
city	Hashtgerd	35.9620	50.6799	IR	55640	Hashtgerd	ashjird|hashtgerd|hashtjerd|hashtjird
city	Snizhne	48.0233	38.7621	UA	55587	Снежное	snizhne|снежное|сніжне|сніжнэ|сьняжное
city	Vyaz'ma	55.2100	34.2970	RU	55500	Вязьма	vyasma|vyaz'ma|vyazma|вязьма
city	Ribnita	47.7682	29.0100	MD	55455	Рыбница	ribnita|rybnitsa|rybniza|рибниця|рыбница|рыбніца
city	Bozueyuek	39.9078	30.0367	TR	55365	Bozueyuek	bozueyuek
city	Nazarovo	56.0114	90.4166	RU	55252	Назарово	nazarovo|назарава|назарово
city	Rubizhne	49.0085	38.3797	UA	55247	Рубежное	rubezhnaya|rubezhnoye|rubizhne|рубежное|рубіжне
city	Klimovsk	55.3635	37.5298	RU	55206	Климовск	klimovsk|klimovskiy|климовск|климовськ|клімауск
city	Abyek (IR)	36.0667	50.5500	IR	55128	Abyek (IR)	abiak|abyek
city	Eqbaliyeh	36.2308	49.9250	IR	55066	Eqbaliyeh	eqbaliyeh|sultanabad
city	Berezovskiy	55.6695	86.2749	RU	55000	Берёзовский	berezovskiy|березовский
city	Belorechensk	44.7700	39.8725	RU	54526	Белореченск	belorechensk|belorechenskaya|beloretschenskaja|беларэчанск|белореченск
city	Javanrud	34.8067	46.4913	IR	54354	Javanrud	javanrud
city	Krasnokamensk	50.0928	118.0322	RU	54316	Краснокаменск	chandacha|chindachi|chindachinskaya|krasnokamensk|краснакаменск|краснокаменск
city	Lozova	48.8907	36.3141	UA	54026	Лозова	losowaja|lozova|lozovaya|лозова|лозовая
city	Druzhkivka	48.6200	37.5254	UA	53977	Дружковка	druzhkivka|druzhkovka|дружковка|дружківка
city	Sabbashahr	35.5803	51.1139	IR	53971	Sabbashahr	sabbashahr
city	Bandar-e Torkaman	36.9012	54.0720	IR	53970	Bandar-e Torkaman	bandar e torkaman|bandar e torkeman|bandar e torkman|bandar-e torkaman|bandar-e torkeman|bandar-e torkman|bandare torkaman|bandare torkeman|bandare torkman
city	Timashyovsk	45.6169	38.9453	RU	53940	Тимашёвск	timashyovsk|timashyovskaya|timoschewskaja|timoshevskaya|тимашевск
city	Severomorsk	69.0694	33.4081	RU	53921	Североморск	severomorsk|vaenga|vaenka|vayenga|севераморск|североморск
city	Chenaran	36.6455	59.1212	IR	53879	Chenaran	chenaran
city	Pishva	35.3080	51.7267	IR	53856	Pishva	pishva
city	Vyshniy Volochek	57.5888	34.5685	RU	53800	Вышний Волочёк	vyshniy volochek|vyshny volochyok|wyschni wolotschek|wyschni-wolotschek|wyschniwolotschek|вышний волочек|вышный волочек
city	Charikar	35.0136	69.1714	AF	53676	Чарикар	charekar|charikar|чарикар|чарикор
city	Anapa	44.8950	37.3162	RU	53600	Анапа	anapa|анапа
city	Buguruslan	53.6554	52.4420	RU	53511	Бугуруслан	buguruslan|buquruslan|бугурслан|бугуруслан
city	Menemen	38.6075	27.0694	TR	53489	Менемен	menemen|temnos|менемен
city	Chystyakove	48.0388	38.5969	UA	53462	Чистяково	chistyakovo|chystiakove|chystyakove|tschistjakowa|tschistjakowo|часткове|чистяково|чысьцякова
city	Chortoq	41.0692	71.8237	UZ	53400	Chortoq	chartak|chertak|chortoq
city	Fryazevo	55.7332	38.4646	RU	53212	Фрязево	fryazevo|фрязево
city	Silivri	41.0739	28.2464	TR	53167	Silivri	siliviri|silivri
city	Khanzhonkivskyi	48.0951	38.0420	UA	53040	Khanzhonkivskyi	khanzhonkivskyi|khanzhonkivskyi rayon|ханжонківський|ханжонківський район
city	Bitlis	38.4012	42.1078	TR	53023	Битлис	bitlis|bitliss|битлис|бітліс
city	Enerhodar	47.4905	34.6620	UA	52887	Энергодар	enerhodar|енергодар|энергодар|энэргадар
city	'Ali Abad-e Katul	36.9101	54.8674	IR	52838	Алиабад	'ali abad-e katul|'ali abade katul|ali abad-e katul|алиабад
city	Adilcevaz	38.7991	42.7316	TR	52781	Адилджеваз	adeljivaz|adilcevaz|адилджеваз
city	Bandar-e Genaveh	29.5791	50.5170	IR	52750	Bandar-e Genaveh	bandar e genaveh|bandar-e genaveh|bandare genaveh
city	Yartsevo	55.0649	32.6969	RU	52706	Ярцево	yartseva|yartsevo|ярцево
city	Krasnokamsk	58.0787	55.7562	RU	52689	Краснокамск	krasnokamsk|краснакамск|краснокамск
city	Ergani	38.2690	39.7545	TR	52684	Эграни	arghana|ergani|erganiosmaniye|osmaniye|эграни
city	Kahnuj	27.9403	57.6998	IR	52624	Kahnuj	kahnuj
city	Pryluky	50.5953	32.3838	UA	52553	Прилуки	priluki|pryluky|прилуки
city	Fryazino	55.9613	38.0464	RU	52255	Фрязино	frjasino|fryazino|фрязино
city	Kobryn	52.2117	24.3563	BY	52235	Кобрин	kobrin|kobryn|кобрин|кобринь|кобрын
city	Zarinsk	53.7082	84.9431	RU	52209	Заринск	zarinsk|zarinskaya|заринск|заринская|зарынск
city	Erbaa	40.6689	36.5675	TR	52185	Эрба	erbaa|herek|эрба
city	Tavsanli	39.5424	29.4987	TR	52182	Tavsanli	taushanli|tavsanli
city	Zhawa	37.2142	79.6290	CN	52165	Zhawa	zhawa
city	Antratsyt	48.1164	39.0886	UA	52150	Антрацит	antratsit|antratsyt|bokovo antratsit|bokovo-antratsit|bokovoantratsit|антрацит
city	Nyagan	62.1406	65.3936	RU	52137	Нягань	nagin|nyagan|nyakh|nyakhyn|nyakhyn'|yurty nyagin|нягань
city	Sar-e Pul	36.2154	65.9325	AF	52121	Сари-Пуль	sar e pol|sar e pul|sar i pul|sar-e pol|sar-e pul|sar-i-pul|sare pol|sare pul|sari pul|saripo'l|saripol|saripul|сари пул|сари пуль|сари-пул|сари-пуль|сарипул|сарипуль
city	Kimry	56.8746	37.3596	RU	52070	Кимры	kimry|кимри|кимры|кімри|кімры
city	Meybod	32.2501	54.0166	IR	51874	Meybod	maibud|meybod
city	Orhangazi	40.4892	29.3089	TR	51792	Orhangazi	orhangazi
city	Vidnoye	55.5523	37.7088	RU	51721	Видное	vidnoye|видное
city	Zepu	38.1887	77.2708	CN	51691	Zepu	po ssu k'an|po-ssu-ch'ia-mu|po-ssu-chia-mu|po-ssu-k'an|po-ssu-kan|posgam|possuch'iamu|possuk'an|pozgham bazar|pozgham-bazar|pozghambazar|tse p'u|tse p'u hsien|tse-p'u|tse-p'u-hsien|tse-pu|tse-pu-hsien|tsehpu|tsep'u|tsep'uhsien|zepu
city	Shahr-e Babak	30.1165	55.1186	IR	51620	Shahr-e Babak	shahr e babak|shahr-e babak|shahre babak
city	Takab	36.4009	47.1133	IR	51541	Takab	takab|takan tepe
city	Susangerd	31.5635	48.1896	IR	51431	Susangerd	dashte mishan|dashte' mishan|khafajiyah|khafajiyaz|khafajiyeh|susangerd
city	Nurafshon	41.0321	69.3625	UZ	51400	Тойтепа	nurafshon|toi tjube|toi tyube|toi-tjube|toi-tyube|toitjube|toityube|toy tyube|toy-tyube|toytepa|toytyube|tuytepa|нурафшан|нурафшон|тойтепа
city	Kangavar	34.5043	47.9653	IR	51352	Kangavar	kangavar
city	Tulun	54.5676	100.5766	RU	51330	Тулун	tulun|тулун
city	Qulsary	46.9531	54.0198	KZ	51216	Кульсары	kol'sary|kolsary|kul'sari|kul'sary|kulsari|kulsary|qulsary|кульсары|кұлсары
city	Seydisehir	37.4193	31.8453	TR	51089	Seydisehir	seydisehir
city	Ivanteyevka	55.9711	37.9208	RU	51085	Ивантеевка	ivanteyevka|ivanteyevskiy|ивантеевка
city	Khalkhal	37.6184	48.5293	IR	51024	Khalkhal	harau|harowabad|herau|herauabad|herow|khalkhal
city	Kosonsoy	41.2494	71.5474	UZ	50900	Kosonsoy	kasansay|kassan sai|kassan-sai|kassansai|kassansay|kosonsoy
city	Gurlan	41.8412	60.3927	UZ	50900	Гурлан	gurlan|gurlek|gurlen|гурлан
city	Baijiantan	45.6930	85.1394	CN	50825	Baijiantan	baijiantan|baijiantan zhen|pai chien t'an|pai-chien-t'an|pai-chien-tan|paichient'an
city	Gelendzhik	44.5801	38.0665	RU	50715	Геленджик	gelendjik|gelendshik|gelendzhik|gelenjir|gelenzhik|gelyendzhik|ghelenjik|gyelyendzhik|qelencik|геленджик|геленджык
city	Oshnaviyeh	37.0397	45.0983	IR	50661	Ошнуйе	ashnooyeh|oshnaviyeh|ошнуйе
city	Merzifon	40.8733	35.4631	TR	50658	Мерзифон	marsivan|merzifon|phazemon|мерзифон
city	Lytkarino	55.5765	37.9124	RU	50619	Лыткарино	lytkarino|lytkorino|литкарино|литкаріно|лыткарино|лыткарына
city	Kingisepp	59.3763	28.6141	RU	50566	Кингисепп	jamburg|kingisepp|yamburg|кингисепп|кінгісеп|кінгісепп
city	Kizlyar	43.8469	46.7098	RU	50564	Кизляр	kisljar|kizilyar|kizlyar|кизляр
city	Abovyan	40.2717	44.6334	AM	50556	Абовян	abovyan|абовян
city	Khorramdarreh	36.2078	49.1953	IR	50528	Khorramdarreh	khorramdareh|khorramdarreh|khurramdarreh|khurramdarrekh
city	Kavakli	41.0926	28.3317	TR	50502	Каваклы	kavakli|каваклы
city	Carsamba	41.1989	36.7219	TR	50459	Чаршамба	carsamba|carsampa|charshambah|charshembe|themiscyra|чаршамба
city	Tuyserkan	34.5510	48.4435	IR	50455	Tuyserkan	tooyserkan|tuyserkan
city	Torbali	38.1820	27.3350	TR	50303	Торбалы	torbali|торбалы
city	Chusovoy	58.2891	57.8126	RU	50205	Чусовой	chusovaya|chusovoy|zavod chusovskoye|чусавой|чусовий|чусовой
city	Otradnyy	53.3760	51.3452	RU	50127	Отрадный	otradnoye|otradny|otradnyy|отрадный
city	Snezhinsk	56.0783	60.7478	RU	50086	Снежинск	semidesyatka|snezhinsk|семидесятка|снежинск|снежынск
city	Bijar	35.8668	47.6051	IR	50014	Биджар	bijar|биджар
city	Sayanogorsk	53.0998	91.4074	RU	49939	Саяногорск	oznachennaya|oznachennoye|sayanogorsk|саяногорск
city	Kanash	55.5096	47.4913	RU	49886	Канаш	kanash|shikhrany|канаш
city	Monchegorsk	67.9397	32.8739	RU	49868	Мончегорск	moncha guba|monchagorsk|monchegorsk|манчагорск|мончегорск|мончегорськ
city	Zaranj	30.9596	61.8604	AF	49851	Зарани	zaranas|zarang|zaranj|zerenc|zhazang|зарандж|заранж|зарани
city	Hrazdan	40.5169	44.7559	AM	49500	Раздан	akhta|akhtala|akhti|hrazdan|nerkin akhta|nizhne akhti|nizhniye akhty|nizhnyaya akhta|razdan|раздан
city	Uzgen	40.7699	73.3007	KG	49410	Узген	o'zgan|ozgan|uzgan|uzgen|uzkend|узген|өзген|өзгөн шаары
city	Satka	55.0410	59.0475	RU	49384	Сатка	satka|сатка
city	Ruzayevka	54.0600	44.9490	RU	49311	Рузаевка	rusaevka|ruzaevka|ruzayevka|рузаевка
city	Salekhard	66.5337	66.6095	RU	49214	Салехард	obdorsr|salekhard|обдорск|салехард
city	Qayroqqum	40.2660	69.7959	TJ	49200	Кайроккум	kaikak kum|kayrakkum|kayrakum|khodzhent|qayraqqum|qayroqqum|кайроккум
city	Verkhnyaya Salda	58.0450	60.5510	RU	48992	Верхняя Салда	salda|verkhnyaya salda|verxnyaya salda|верхня салда|верхняя салда
city	Osinniki	53.6036	87.3320	RU	48919	Осинники	osinniki|асіннікі|осинники
city	Novyy Turtkul'	41.5500	61.0167	UZ	48908	Novyy Turtkul’	novyy turtkul|novyy turtkul'
city	Megion	61.0343	76.1068	RU	48691	Мегион	maron|mayon|megion|meqion|майон|мегион|мегіен
city	Gyzylarbat	38.9764	56.2758	TM	48558	Гызыларбат	gyzylarbat|гызыларбат|кизил арват|кизил-арват|кизиларват|кизыл арват|кизыл-арват|кизыларват
city	Torzhok	57.0436	34.9622	RU	48546	Торжок	torjok|torshok|torzhok|таржок|торжок
city	Slonim	53.0875	25.3171	BY	48402	Слоним	slonim|слоним|слонім
city	Asadabad (AF)	34.8731	71.1470	AF	48400	Асадабад	asadabad|assad abad|assad-abad|assadabad|chagha sari|chagha serai|chagha-sari|chaghasarai|chaghasari|chagsarai|chigha serai|chigkhasaray|esedabad|асадабад|асадобод
city	Kuybyshev	55.4478	78.3191	RU	48308	Куйбышев	kainsk|kuibyshev|kuybyshev|куйбишев|куйбышау|куйбышев
city	Kara-Balta	42.8142	73.8481	KG	48278	Кара-Балта	imeni mikoyana|kara balta|kara balty|kara-balta|kara-balty|karabalta|karabalty|кара балта|кара-балта|карабалта
city	Vsevolozhsk	60.0151	30.6731	RU	48224	Всеволожск	vsevolozhsk|vsevolozhskiy|всеволожск|всеволожськ|усевалажск
city	Ust'-Kut	56.7979	105.7866	RU	48202	Усть-Кут	ust kutsk|ust' kut|ust'-kut|ust'kut|ust-kut|усть кут|усть-кут|устькут
city	Bayburt	40.2563	40.2229	TR	48036	Байбурт	baiburt|bayburt|bayburt province|байбурт|байбұрт
city	Aibak	36.2647	68.0155	AF	47823	Айбак	aibak|aybak|eybak|haibak|samagan|айбак
city	Kurganinsk	44.8845	40.5889	RU	47681	Курганинск	kurganinsk|kurgannaja|kurgannaya|kurqaninsk|курганинск|курганинськ|курганінск
city	Mtsensk	53.2788	36.5805	RU	47609	Мценск	misensk|mtsensk|mzensk|мтсенск|мценск|мценськ|мцэнск
city	Belaya Kalitva	48.1793	40.7792	RU	47521	Белая Калитва	belaja kalitwa|belaya kalitva|belokalitvenskaya|byelaya kalitva|ust' belokalitvenskaya|ust'-belokalitvenskaya|ust'belokalitvenskaya|ust-belokalitvenskaya|белая калитва|белая калітва|біла калитва
city	Shelekhov	52.2159	104.0993	RU	47459	Шелехов	shelekhov|shelikhov|шелехов|шэлехау
city	Gryazi	52.4954	39.9403	RU	47413	Грязи	gryasi|gryazi|грязи
city	Shchuchinsk	52.9359	70.1890	KZ	47290	Щучинск	shchuch'ye|shchuchinsk|shchuchye|щучинск
city	Mozhga	56.4458	52.2156	RU	47270	Можга	krasnyy|moshga|mozhga|syuginskaya|syuginskiy|можга
city	Dzerzhinsky	55.6274	37.8580	RU	47163	Дзержинский	dzerzhinsky|дзержинский
city	Amursk	50.2322	136.8970	RU	46993	Амурск	amursk|padali|амурск|амурськ
city	Livny	52.4243	37.5996	RU	46779	Ливны	livny|liwny|ливны|лівни|ліуны
city	Yuqunweng	43.8744	81.6206	CN	46759	Yuqunweng	yuqunweng|yuqunweng huizu xiang
city	Stepnogorsk	52.3506	71.8816	KZ	46736	Степногорск	stepnogor|stepnogorsk|степногор|степногорск|степногорськ
city	Hejing	42.3107	86.3910	CN	46600	Hejing	gun khara|gun-khara|gung khara|gung-khara|gungkhara|gunkhara|guun hara|hejing|hejing xian|ho ching|ho ching cheng|ho-ching|ho-ching-cheng|hoching|hochingcheng|khetszin|khotun symbul|khotun-symbul|khotunsymbul|kun ha la|kun-ha-la|kunhala
city	Kurchatov	51.6536	35.6865	RU	46600	Курчатов	kurchatov|курчатов
city	Chebarkul'	54.9776	60.3658	RU	46502	Чебаркуль	chebarkul|chebarkul'|чебаркуль
city	Quva	40.5220	72.0729	UZ	46400	Кува	kuva|quva|quwa|кува
city	Nadym	65.5333	72.5167	RU	46339	Надым	faktoriya nadym|nadym|надим|надым
city	Staryy Malgobek	43.5444	44.5959	RU	46334	Старый Малгобек	staryy malgobek|старый малгобек
city	Pechora	65.1472	57.2244	RU	46113	Печора	pechora|печора|пячора
city	Safonovo	55.1109	33.2373	RU	46000	Сафоново	safonovo|сафонава|сафоново
city	Rasskazovo	52.6638	41.8892	RU	45957	Рассказово	rasskazovo|расказава|рассказово
city	Kol'chugino	56.3045	39.3766	RU	45912	Кольчугино	kellerovo|kol'chugino|kolchugino|koltschugino|кольчугино
city	Vahdat	38.5563	69.0135	TJ	45693	Вахдат	kofarnihon|kofarnikhon|ordhonikidzeabad|ordzhonikidzeabad|orjonikidzeabad|orjonikidzeobod|vahdat|vakhdat|yangi bazar|yangi-bazar|yangibazar|вахдат|кофарнихона
city	Volkhov	59.9233	32.3397	RU	45673	Волхов	volkhov|volkhovstroy|zvanka|волхау|волхов
city	Yefremov	53.1376	38.1186	RU	45497	Ефремов	jefremow|yefremov|ефремов
city	Kanevskaya	46.0953	38.9769	RU	45334	Каневская	kanevskaya|kanewskaja|каневская|канівська
city	Spassk-Dal'niy	44.6006	132.8204	RU	45265	Спасск-Дальний	spassk|spassk dal'ni|spassk dal'niy|spassk dalni|spassk-dal'niy|spassk-dalniy|spasskdal'niy|speasskdalniy|спасск дальний|спасск-дальний|спасскдальний|спасское
city	Shebekino	50.4134	36.9254	RU	45194	Шебекино	shebekino|шебекино
city	Chernyakhovsk	54.6335	21.8156	RU	45187	Черняховск	chernikovsk|chernyakhovsk|chernyakhovskiy|chernyakovsky|insterburg|черняховск
city	Altay	49.7363	84.2542	KZ	44929	Зыряновск	altay|ziryanovsk|zyranovsk|zyranovskoye|zyryan|zyryanovsk|zyryanovskoye|алтай|зырян|зыряновск
city	Choibalsan	48.0726	114.5326	MN	44835	Чойбалсан	choibalsan|choibolsan|choybalsan|choybolsan|herelen|k'o lu lun|k'o-lu-lun|k'olulun|karulen|kerulen|kerulen urgo|kerulun|kerulyun|ko-lu-lun|kurulun|kyrylun|pa-yin-t'u-men|pa-yin-tu-men|payint'umen|sain beise|san beisa urgo|san beisa-urgo|san beisaurgo|san beise|san beyse|san-beyse|sanbeyse|say beyse|say-beyse|saybeyse|urgo|чойбалсан
city	Strezhevoy	60.7333	77.5889	RU	44784	Стрежевой	strazhevoy|strezhevoy|strezhevoye|strezhevsy|стрежевой
city	Kamen'-na-Obi	53.7890	81.3320	RU	44564	Камень-на-Оби	kamen|kamen'|kamen' na obi|kamen'-na-obi|kamen'naobi|kamen-na-obi|камень|камень на оби|камень-на-оби|каменьнаоби
city	Akhtubinsk	48.2834	46.1652	RU	44551	Ахтубинск	akhtubinsk|ахтубинск
city	Magdanly	37.8124	66.0466	TM	44508	Магданлы	gaurdak|gaurdakstroy|gaurdstroi|gaurdstroy|gowurdak|magdanly|магданлы
city	Fayzabad	37.1166	70.5800	AF	44421	Файзабад	faizabad|fayzabad|fayzobod|fazelabad|feyzabad|файзабад|файзобод
city	Yangiyer	40.2750	68.8225	UZ	44200	Янгиер	ungi yere|ungi-yere|ungiyere|yangier|yangiyer|янгиер
city	Krasnyy Sulin	47.8925	40.0718	RU	44133	Красный Сулин	krasny sulin|krasny-sulin|krasnysulin|krasnyy sulin|krassnyj ssulin|красный сулин
city	Ust'-Labinsk	45.2144	39.6884	RU	44088	Усть-Лабинск	stanitsa ust' labinskaya|stanitsa ust'-labinskaya|stanitsa ust'labinskaya|stanitsa ust-labinskaya|ust labinskaja|ust' labinsk|ust' labinskaya|ust'-labinsk|ust'-labinskaya|ust'labinsk|ust'labinskaya|ust-labinsk|ust-labinskaya|усть лабинск|усть-лабинск|устьлабинск
city	Myski	53.7163	87.7965	RU	44082	Мыски	myski|tomazak|миски|мыски|мыскі
city	Usinsk	66.0087	57.5305	RU	44078	Усинск	usinsk|усинск|усінск|усінськ
city	Rtishchevo	52.2597	43.7868	RU	44013	Ртищево	rtischtschewo|rtishchevo|ртишево|ртищево|рцішчава
city	Alapayevsk	57.8500	61.6941	RU	44000	Алапаевск	alapayevsk|alpaevsk|алапаевск
city	Xonobod	40.8026	72.9750	UZ	44000	Советабад	karabagish|khanabad|khanabadskiy|khonobod|sovetabad|xonobod|советабад|хонобод
city	Kachkanar	58.7002	59.4839	RU	43983	Качканар	kachkanar|качканар
city	Sayansk	54.1129	102.1777	RU	43949	Саянск	sayansk|саянск
city	Lashkar Gah	31.5938	64.3716	AF	43934	Лашкаргах	bist|bost|bust|lashkar gah|lashkargakh|laskargah|nawab city|лашкаргах|лашкаргаһ
city	Tutayev	57.8729	39.5297	RU	43828	Тутаев	romanovo borisoglebsk|romanovo-borisoglebsk|romanovoborisoglebsk|tutamev|tutayev|tutayevo|тутаев
city	Han'airike	37.5417	80.1174	CN	43751	Han’airike	han'airike|hanairike
city	Sertolovo	60.1444	30.2017	RU	43622	Сертолово	sertolovo|sertolovo pervoye|сертолово
city	Farah	32.3745	62.1164	AF	43561	Фарах	farah|farakh|faro|ferah|фарах|фора
city	Malgobek	43.5112	44.5905	RU	43400	Малгобек	malgobek|малгабек|малгобек
city	G'ijduvon Shahri	40.1022	64.6823	UZ	43400	G’ijduvon Shahri	akmal' abad|akmal'-abad|akmal'abad|akmal-abad|g'ijduvon shahri|ghijduwon|gidzhduvan|gijduvan|gijduvon|gijduvon shahri|gizhduvan|gydzh duvan|gydzh-duvan|gydzha dovan|gydzha-dovan|gydzhadovan|gydzhduvan
city	Luntai	41.7795	84.2705	CN	43314	Luntai	bugar|bugur bazar|lun t'ai chen|lun t'ai hsien|lun-t'ai-chen|lun-t'ai-hsien|lun-tai-chen|lun-tai-hsien|lunt'aichen|lunt'aihsien|luntai|luntai xian|pu ku erh|pu-ku-erh|pukuerh
city	Morshansk	53.4432	41.8106	RU	43311	Моршанск	morschansk|morshansk|моршанск
city	Sovetsk	55.0839	21.8785	RU	43309	Советск	sovetsk|sovyetsk|til'zit|tilsit|tilzit|савецк|советск
city	Kuiya	37.2960	79.6358	CN	43212	Kuiya	kuiya
city	Mariinsk	56.2098	87.7317	RU	43122	Мариинск	mariinsk|мариинск|марыінск
city	Krasnoufimsk	56.6140	57.7690	RU	43121	Красноуфимск	krasnoufimsk|krasnoutimsk|краснауфімск|красноуфимск|красноуфимськ
city	Zhitikara	52.1902	61.1989	KZ	43104	Житикара	dzhetygara|dzhetygora|dzhetygorinskiy sovkhoz|jetygara|zhetikara|zhetiqara|zhitikara|zhitiqara|джетыгара|житикара|жітікара
city	Kronstadt	59.9920	29.7762	RU	43005	Кронштадт	kronshtadt|kronstadt|кранштат|кронштадт
city	Zavolzh'ye	56.6405	43.3945	RU	42900	Заволжье	pestovo|zavolzh'ye|zavolzhye|заволжье
city	Novodvinsk	64.4164	40.8167	RU	42900	Новодвинск	mechkastroy|novodvinsk|voroshilovskiy|навадзвінск|новодвинск
city	Balykchy	42.4602	76.1871	KG	42875	Балыкчи	balykchy|issyk kul'|issyk-kul|issyk-kul'|issykkul'|rybach'e|rybach'ye|rybache|rybachye|баликчі|балыкчи|балыкчы шаары|балыкшы|рыбачье
city	Sharypovo	55.5400	89.2006	RU	42773	Шарыпово	chernenko|sharypovo|sharypovskoye|шарипово|шарыпава|шарыпово
city	Koryazhma	61.3124	47.1483	RU	42627	Коряжма	koryazhemka|koryazhemskaya|koryazhma|koryazma|коряжма
city	Novozybkov	52.5371	31.9366	RU	42571	Новозыбков	novozibkov|novozybkov|nowosybkoff|навазыбкау|новозибков|новозыбков
city	Saran	49.8025	72.8319	KZ	42552	Сарань	saran|saran'|soran|sorang|саран|сарань|соран
city	Lomonosov	59.9061	29.7725	RU	42505	Ломоносов	lomonosov|oranienbaum|oraniyenbaum|ламаносау|ломоносов|ломоносов шаары
city	Goeycay	40.6506	47.7422	AZ	42500	Геокчай	gekchai|geokchai|geokchay|geoktschai|goeycay|геокчай|гөйчай
city	Partizansk	43.1199	133.1232	RU	42489	Партизанск	partizansk|suchan|suchanskiy rudnik|sutschan|партизанск|партизанськ|партызанск
city	Konakovo	56.7015	36.7730	RU	42239	Конаково	konakovo|kuznetsova|kuznetsovo|канакова|конаково
city	Talghar	43.3023	77.2381	KZ	42194	Талгар	talgar|talghar|талгар
city	Konayev	43.8668	77.0630	KZ	42167	Конаев	konaev|konayev|qonayev|конаев
city	Alatyr'	54.8421	46.5813	RU	42156	Алатырь	alatyr|alatyr'|алатырь
city	Izberbash	42.5671	47.8755	RU	42121	Избербаш	izbarbash|izberbash|izerbash|избербаш|изберг
city	Zainsk	55.3195	52.0694	RU	42044	Заинск	zainsk|заинск|заінск
city	Arkalyk	50.2503	66.9038	KZ	42000	Аркалык	arkalyk|arqalyk|arqalyq|orqaliq|аркалык
city	Gori	41.9853	44.1129	GE	41933	Гори	gori|гори
city	Korenovsk	45.4672	39.4492	RU	41665	Кореновск	korenovsk|korenovskaya|korenowskaja|караноуск|кореновск|коренівськ
city	Irbit	57.6686	63.0707	RU	41647	Ирбит	i rbit|irbit|ирбит|ірбіт
city	Uryupinsk	50.8060	42.0092	RU	41644	Урюпинск	urjupinsk|uryupinsk|vrjupinsk|урюпинск
city	Kyshtym	55.7163	60.5510	RU	41625	Кыштым	kyshtym|кыштым
city	Gay	51.4727	58.4515	RU	41619	Гай	gai|gay|гай
city	Shakhtinsk	49.7071	72.5932	KZ	41602	Шахтинск	shakhtinsk|tentek|шахтинск
city	Barda	40.3758	47.1262	AZ	41600	Барда	barda|berde|барда
city	Pyt-Yakh	60.7499	72.8582	RU	41500	Пыть-Ях	pyt yakh|pyt-yakh|pytyakh|пыть ях|пыть-ях|пытьях
city	Urus-Martan	43.1305	45.5379	RU	41480	Урус-Мартан	krasnoarmejskoe|krasnoarmeyskoye|urus martan|urus-martan|urusmartan|красноармейское|урус мартан|урус-мартан|урусмартан
city	Lyudinovo	53.8664	34.4478	RU	41392	Людиново	lyudinovo|людиново
city	Pugachev	52.0166	48.7989	RU	41375	Pugachev	nikolayevsk|pugachev|pugatschew|пугачев
city	Zelenokumsk	44.4104	43.8801	RU	41306	Зеленокумск	sovetekoye|sovetskoye|vorontsovo aleksandrovskoye|vorontsovo-aleksandrovskoye|vorontsovoaleksandrovskoye|woronzowo alexandrowskoje|woronzowo-alexandrowskoje|woronzowoalexandrowskoje|zelenokumsk|зеленакумск|зеленокумск|зеленокумськ
city	Shamkhir	40.8297	46.0178	AZ	41300	Шамкир	anino|annenfel'd|annenfeld|annino|shamkhir|shamkhor|шамки р|шамкир|шамхор
city	Aghjabadi	40.0502	47.4594	AZ	41200	Агджабеди	agdzhabedi|agdzhabedy|aghjabadi|aqjabedi|агджабеди|агжабеди
city	Naryn	41.4283	75.9957	KG	41178	Нарын	naron|naryn|нарын
city	Vaukavysk	53.1561	24.4513	BY	41020	Волковыск	vaukavysk|vawkavysk|volkovysk|ваукавыск|вовковиськ|волковыск
city	Birsk	55.4202	55.5421	RU	41014	Бирск	birsk|бирск|бірск|бірськ
city	Bazar-Korgon	41.0376	72.7459	KG	41011	Базар-Коргон	bazar|bazar korgon|bazar-korgon|bazarkorgon|bozor-qo rg on|bozorqo rg on|базар коргон|базар-коргон|базаркоргон
city	Ka'ersai	37.4842	79.5956	CN	40892	Ka'ersai	ka'ersai|kaersai
city	Frolovo	49.7688	43.6542	RU	40882	Фролово	frolovo|фролава|фролово
city	Mozdok	43.7398	44.6516	RU	40823	Моздок	masdok|mosdok|mozdok|маздок|моздок
city	Yelizovo	53.1894	158.3828	RU	40692	Елизово	elizovo|yelizovo|елизово
city	Apsheronsk	44.4599	39.7300	RU	40451	Апшеронск	apscheranskaja|apscheronskij|apsheron|apsheronsk|apsheronskaya|apsheronskiy|апшаронск|апшеронск|апшеронськ
city	Bol'soj Kamen'	43.1112	132.3502	RU	40387	Большой Камень	bol'shoy kamen'|bol'soj kamen'|bolshoy kamen|bolsoj kamen|большой камень
city	Talas	42.5226	72.2417	KG	40308	Талас	dmitriyevka|dmitriyevskoye|talas|talass|талас
city	Shamakhi	40.6314	48.6414	AZ	40300	Шемаха	schemacha|shamakhi|shamakhy|shemakha|шамаха|шамоха|шемаха
city	Pereslavl'-Zalesskiy	56.7391	38.8597	RU	40283	Переславль-Залесский	pereslavl' zalesskiy|pereslavl'-zalesskiy|pereslavl'zalesskiy|pereslavl-zalesskiy|pereslawl saleski|pereslawl-saleski|pereslawlsaleski|переславль залесский|переславль-залесский|переславльзалесский
city	Tosno	59.5400	30.8775	RU	40198	Тосно	tosno|тосна|тосно
city	Kashira	54.8476	38.1821	RU	40084	Кашира	kashira|кашира|кашыра
city	Zugdidi	42.5084	41.8680	GE	40067	Зугдиди	sugdidi|zugdidi|zygdidi|зугдиди
city	Korkino	54.8915	61.3920	RU	40046	Коркино	korkino|коркино
city	Lisakovsk	52.5449	62.4989	KZ	40000	Лисаковск	lisakovka|lisakovsk|лисаков|лисаковск
city	Yagry	64.5942	39.8103	RU	40000	Ягры	yagry|ягры
city	Langepas	61.2544	75.2124	RU	40000	Лангепас	langepas|лангепас
city	Uchqurghon Shahri	41.1137	72.0791	UZ	40000	Учкурган	gorod uchkurgan|uchkurgan|uchqurghon shahri|уч курган|уч-курган|учкурган
city	Uray	60.1304	64.7890	RU	39878	Урай	nizhnyaya arpa|urai|uray|урай
city	Alexeyevka	50.6309	38.6903	RU	39848	Алексе́евка	alekseyevka|alexeyevka|алексе евка|алексеевка
city	Svetlograd	45.3274	42.8562	RU	39727	Светлоград	petrovskoe|petrovskoye|petrowskoje|svetlograd|svetloqrad|светлаград|светлоград|світлоград
city	Gorod Shebekino	50.4167	36.9167	RU	39680	Город Шебекино	gorod shebekino|город шебекино
city	Vyatskiye Polyany	56.2291	51.0610	RU	39534	Вятские Поляны	vyatskiye polyany|вятские поляны
city	Boldumsaz	42.1276	59.6723	TM	39532	Болдумсаз	boldumsaz|kalinin|kalininsk|porsu|porsy|болдумсаз|болдумсоз
city	Abadan (TM)	38.0541	58.1972	TM	39481	Абаданский этрап	abadan|абаданский этрап
city	Tavda	58.0420	65.2716	RU	39480	Тавда	tavda|тавда|тауда
city	Moeroen	49.6342	100.1625	MN	39404	Мурэн	moeroen|moron|mu lin|mu-lin|mu-lin-fu-lieh|mulin|mulinfulieh|muren|murenfure|muringoru|murun|murun kuren|murun-kuren|murunkuren|морон|мурен|мурэн|мөрөн
city	Baishikante	38.4596	77.4790	CN	39243	Baishikante	baishikante
city	Vyazniki	56.2423	42.1491	RU	39243	Вязники	vyaznika|vyazniki|wjasnik|вязники
city	Guemueshane	40.4600	39.4718	TR	39214	Гюмюшане	guemueshane|gumushkhane|gumushxona|гумушхона|гюмюшане|гүмүшхане
city	Yuzhnoural'sk	54.4485	61.2643	RU	39200	Южноуральск	nizhne uvel'skoye|nizhne-uvel'skoye|nizhne-uvelskoye|nizhneuvel'skoye|yuzhnoural'sk|yuzhnoural'skiy|yuzhnouralsk|yuzhnouralskiy|южноуральск
city	Muravlenko	63.7898	74.5230	RU	39137	Муравленко	muravlenko|муравленко|мурауленка
city	Vichuga	57.2145	41.9256	RU	39071	Вичуга	bichuga|vichuga|вичуга
city	Izobil'nyy	45.3665	41.7091	RU	39022	Изобильный	izobil'no tishchenskiy|izobil'no-tishchenskiy|izobil'notishchenskiy|izobil'noye|izobil'nyy|izobilno-tishchenskiy|izobilnoye|izobilnyi|izobilnyy|изобильный
city	Aksay	47.2633	39.8690	RU	38871	Аксай	aksay|aksayskaya|аксай
city	Nizhneudinsk	54.9072	99.0340	RU	38723	Нижнеудинск	nijneudinsk|nizhneudinsk|нижнеудинск|ніжнеудзінск
city	Leningradskaya	46.3214	39.3855	RU	38712	Ленинградская	leningradskaya|umanskaya|ленинградская
city	Millerovo	48.9252	40.3998	RU	38527	Миллерово	millerovo|millerowo|миллерово|мілерава|міллерово
city	Kandalaksha	67.1512	32.4128	RU	38431	Кандалакша	kandalakscha|kandalaksha|kannanlahti|kantalahti|кандалакша
city	Dalnegorsk	44.5575	135.6209	RU	38424	Дальнегорск	dalnegorsk|дальнегорск
city	Furmanov	57.2542	41.1112	RU	38380	Фурманов	furmanov|sereda|фурманов
city	Oqtosh	39.9214	65.9253	UZ	38307	Акташ	aktash|oqtosh|ак таш|ак-таш|актас|акташ|октош
city	Lyantor	61.6195	72.1555	RU	38200	Лянтор	lyantor|lyantorskiy|лянтор
city	Karatau	43.1796	70.4592	KZ	37881	Каратау	chulak tau|chulak-tau|chulaktau|karatau|каратау
city	Uchaly	54.3581	59.4361	RU	37788	Учалы	uchaly|учалы
city	Ohangaron	40.9064	69.6383	UZ	37784	Ахангаран	akhangaran|akhangaron|kurama|ohangaron|okhangaron|ахангаран|охaнгарон
city	Tayshet	55.9328	97.9896	RU	37766	Тайшет	taishet|tashieta|tayshet|тайшет
city	Uglich	57.5232	38.3226	RU	37732	Углич	uglich|uglitsch|угич|углич
city	Yoloeten	37.2989	62.3597	TM	37705	Иолотань	iolotan|iolotan'|yoloeten|yolotan|елoтен|елетен|иолотань
city	Aghdam	39.9910	46.9274	AZ	37700	Агдам	ag'dam|agdam|aghdam|агдам|агдом
city	Kulebaki	55.4133	42.5325	RU	37622	Кулебаки	kulebaki|кулебаки|кулябакі
city	Baeherden	38.4362	57.4316	TM	37588	Бахарден	baeherden|bakharden|beherden|bexerden|бахарден|бахерден|бахердэн
city	Baksan	43.6837	43.5351	RU	37519	Баксан	baksan|baksanskie|bakssan|баксан
city	Rezh	57.3712	61.4040	RU	37420	Реж	rezh|реж
city	Novovoronezh	51.3153	39.2187	RU	37392	Нововоронеж	novovoionezhskiy|novovoronezh|novovoronezhskiy|нововоронеж
city	Tynda	55.1494	124.7368	RU	37335	Тында	tinda|tynda|tyndinskiy|тинда|тында
city	Protvino	54.8682	37.2158	RU	37329	Протвино	protvino|протвино|протвіно
city	Sestroretsk	60.0980	29.9638	RU	37248	Сестрорецк	sestroretsk|sestrorezk|сестрарэцк|сестроретск|сестрорецк|сестрорецьк
city	Jelilyuezi	43.9749	81.5356	CN	37238	Jelilyuezi	gulja|i ning|i-ning|ining|jelilyuezi|jiliyuzi|yining xian
city	Koeneuergenc	42.3261	59.1531	TM	37176	Куня-Ургенч	koeneuergenc|kunya urgen|kunya urgench|kunya-urgen|kunya-urgench|kunyaurgen|kunyaurgench|куня ургенч|куня-ургенч|куняургенч
city	Tursunzoda	38.5127	68.2316	TJ	37000	Турсунзаде	tursunzade|tursunzoda|турсунзаде|турсунзода
city	Elixku	38.7092	77.3706	CN	36793	Elixku	ai-li-hsi-hu|ailihsihu|alixihu|elixku
city	Kalinkovichi	52.1323	29.3257	BY	36656	Калинковичи	kalinkavichy|kalinkovichi|kalinkowitschi|калинкавичы|калинковичи
city	Serdobsk	52.4586	44.2169	RU	36652	Сердобск	bol'shaya serdoba|bolshaya serdoba|serdobsk|сердобск|сярдобск
city	Bogorodsk	56.1015	43.5101	RU	36652	Богородск	bogorodsk|bogorodskoje|bogorodskoye|boqorodsk|багародск|богородск|богородськ
city	Yylanly	41.8333	59.6500	TM	36594	Андалып	andalyp|yylanly|андалып
city	Dadamtu	43.9803	81.3142	CN	36572	Dadamtu	dadamtu|dadamtu xiang|dadamutu|dadamutu xiang
city	Salyan	39.5962	48.9848	AZ	36555	Сальян	sal'yany|salian|salyan|salyany|ssaljany|сален|сальян|салян
city	Temryuk	45.2689	37.3975	RU	36546	Темрюк	temrjuk|temryuk|tyemryuk|темрюк
city	Dashtobod	40.1269	68.4944	UZ	36500	Даштабад	dashtobod|ul'yanovo|ulyanovo|даштабад|даштобод
city	Zhetysay	40.7763	68.3277	KZ	36494	Джетысай	dzhetysay|jetisoy|zhetisay|zhetysay|джетысай|жетысай|жетісай
city	Novokubansk	45.1133	41.0365	RU	36401	Новокубанск	khutorok|novo kubanskaya|novo-kubanskaya|novokubansk|novokubanskaya|novokubanskiy|novokubanskoe|novokubanskoye|новакубанск|новокубанск|новокубанськ
city	Sukhoy Log	56.9083	62.0343	RU	36329	Сухой Лог	sukhoy log|сухой лог
city	Arys	42.4301	68.8087	KZ	36285	Арысь	arys|arys'|oris|арись|арыс|арысь
city	Jalilabad	39.2096	48.4919	AZ	36259	Джалильабад	astrahanka|astrakhan bazar|astrakhan-bazar|astrakhanbazar|astrakhanka|astrakhanovka|calilaabad|dzhalilabad|jalilabad|jaliloabad|джалилабад|джалилобод|джалильабад
city	Slantsy	59.1179	28.0883	RU	36209	Сланцы	olantsy|slantsy|слантси|сланцы|сланці
city	Teykovo	56.8585	40.5403	RU	36015	Тейково	teikowo|teykovo|тейково
city	Blagodarnyy	45.0978	43.4364	RU	35995	Благодарный	blagodarnoe|blagodarnoje|blagodarnoye|blagodarnyy|blagodatnoye|благодарный
city	Chernushka	56.5072	56.0771	RU	35942	Чернушка	chernushka|tschernuschka|чернушка
city	Yalutorovsk	56.6532	66.3005	RU	35892	Ялуторовск	yalutorovsk|ялуторовск
city	Valuyki	50.1966	38.1167	RU	35887	Валуйки	valuyki|waluiki|валуйки
city	Novokazalinsk	45.8481	62.1525	KZ	35883	Айтеке-Би	ayteke bi|novokazalinsk|zhangaqazaly|айтеке би|айтеке бі|айтеке-би|айтекеби|айтэке бі|айтэке-бі|айтэкебі|новоказалинск|әйтеке би
city	Beslan	43.1928	44.5327	RU	35604	Беслан	belsan|beslan|бесла н|беслан
city	Abay	49.6354	72.8652	KZ	35454	Абай	abay|churbay nura|churbay-nura|churbaynura|churubay nura|churubay-nura|churubaynura|абай
city	Kasimov	54.9438	41.4034	RU	35355	Касимов	kasimov|касимов|касімау
city	Shumerlya	55.5005	46.4129	RU	35220	Шумерля	shumerlya|шумерля
city	Tunceli	39.0992	39.5435	TR	35161	Тунджели	kalan|mameki|mamiki|tunceli|тунджели|тунджелі
city	Puqiakeqi	37.3174	79.7053	CN	35142	Puqiakeqi	puqiakeqi
city	Korsakov	46.6341	142.7829	RU	35091	Корсаков	korsakov|korskov|korusakofu|poroantomari|карсакау|корсаков
city	Panjakent	39.4952	67.6093	TJ	35085	Пенджикент	panjakent|panjkent|pendshikent|pendzhakent|pendzhikent|penjikent|пенджикент
city	Goryachevodskiy	44.0236	43.0922	RU	35075	Горячеводский	goryachevodskaya|goryachevodskiy|горячеводский
city	Smarhon	54.4798	26.3957	BY	35072	Сморгонь	smarhon|smarhon'|smorgon|smorgon'|smorgone|smorgonie|смаргонь|сморгонь
city	Gul'kevichi	45.3538	40.6947	RU	34953	Гулькевичи	gul'kevichi|gulkevichi|гулькевичи
city	Piskent	40.8972	69.3506	UZ	34900	Пскент	piskent|pskent|пскент|піскент
city	Sinop	42.0268	35.1625	TR	34834	Синоп	sanub|sinop|sinope|sinub|синоп
city	Rishton	40.3567	71.2847	UZ	34800	Риштан	imeni kuybysheva|kuibyshev|kuybishewo|kuybyshe|kuybyshev|kuybyshevo|rishtan|rishton|риштан
city	Atbasar	51.8085	68.3582	KZ	34797	Атбасар	atbasa|atbasar|otbosar|атбасар
city	Aznakayevo	54.8582	53.0801	RU	34750	Азнакаево	aznakayevo|азнакаево
city	Abinsk	44.8706	38.1576	RU	34668	Абинск	abinsk|abinskaya|abinskiy|абинск|абінск|абінськ
city	Huangdi	38.8090	77.4486	CN	34658	Huangdi	huangdi
city	Dinskaya	45.2167	39.2259	RU	34573	Динская	dinskaya|динская
city	Tage'erqi	38.5452	77.2573	CN	34554	Tage'erqi	tage'erqi|tageerqi
city	Baltiysk	54.6546	19.9093	RU	34540	Балтийск	baltiisk|baltijsk|baltisk|baltiysk|pilawa|pillau|балтийск
city	Karabulak	43.3051	44.8995	RU	34511	Карабулак	karabulak|karabulakskaya|карабулак
city	Trekhgornyy	54.8172	58.4475	RU	34500	Трёхгорный	trekhgornyy|yuryuzan|yuryuzan'|трехгорный
city	Cahul	45.9046	28.1952	MD	34492	Кахул	cahul|kagul|kahul|kaxul|кагул|кахул
city	Nurlat	54.4290	50.8060	RU	34451	Нурлат	nurlat|нурлат
city	Zharkent	44.1662	80.0074	KZ	34422	Жаркент	djarkent|dzharkent|jarkent|panfilov|zharkent|жаркент|панфилов
city	Ungheni	47.2102	27.8001	MD	34422	Унгень	ukgeni tyrg|ungen|ungen tyrg|ungen' tyrg|ungeni|ungeny|ungheni|ungheni targ|унгени|унгены|унгень|унгиниен|ұңгени
city	Ostrogozhsk	50.8659	39.0781	RU	34403	Острогожск	ostrogoshsk|ostrogozhsk|астрагожск|острогожск|острогозьк
city	Pakhtaobod	40.9294	72.4969	UZ	34400	Paxtaobod	kokankishlak|koran kishlak|koran-kishlak|korankishlak|pakhtaabad|pakhtaobod|paxtaobod
city	Kondopoga	62.2041	34.2693	RU	34360	Кондопога	kondopoga|tonopoga|кандапога|кондопога
city	Kinel'	53.2266	50.6261	RU	34336	Кинель	kinel|kinel'|кинель
city	Staraya Russa	57.9962	31.3600	RU	34303	Старая Русса	staraja russa|staraya russa|старая русса
city	Razzakov	39.8389	69.5276	KG	34219	Razzakov	isfina|razzakov|раззаков|ісфана
city	Imishli	39.8710	48.0600	AZ	34178	Имишли	emishti|imishli|imishly|имишли
city	Slavgorod	53.0000	78.6473	RU	34141	Славгород	slavgorod|sslawgorod|славгород|слаугарад
city	Kushva	58.2873	59.7475	RU	34058	Кушва	kushva|кушва
city	Ust'-Dzheguta	44.0834	41.9763	RU	34001	Усть-Джегута	ust' dzheguta|ust' dzhegutinskaya|ust'-dzheguta|ust'-dzhegutinskaya|ust'dzheguta|ust'dzhegutinskaya|ust-dzheguta|ust-dzhegutinskaya|uste dzhegutinskaya|усть джегута|усть-джегута|устьджегута
city	Yawa	37.4119	79.5143	CN	33949	Yawa	yawa
city	Artemovskiy	57.3542	61.8712	RU	33700	Артёмовский	artemovsk|artemovski|artemovskiy|artyomovskiy|yegorshina|yegorshino|yegorshinskiye kopi|артемовский|арцемаускі|егоршино|егоршинские копи
city	Krasnoznamensk	55.5953	37.0523	RU	33700	Краснознаменск	krasnoznamensk|красназнаменск|краснознаменск|краснознаменськ
city	Petrovsk	52.3088	45.3899	RU	33622	Петровск	petrovsk|petrowsk|петровск|петровськ|пятроуск
city	Severoural'sk	60.1533	59.9520	RU	33500	Североуральск	petropavlovsk|petropavlovski|petropavlovskiy|petropavlovskoye|severoural'sk|severouralsk|петропавловский|североуральск
city	Zhangatas	43.5627	69.7321	KZ	33492	Жанатас	dzhanatas|dzhanytas|zhanatas|zhangatas|жанатас|жаңатас
city	Ayagoz	47.9645	80.4344	KZ	33479	Аягоз	ayagoz|ayaguz|sergiopol|sergiopol'|аягоз|аягуз|аягөз
city	Yablonovskiy	44.9890	38.9432	RU	33431	Яблоновский	yablonovskiy|yablonovsky|ябланоускі|яблоновка|яблоновский|яблоновський
city	Kizilyurt	43.2028	46.8659	RU	33411	Кизилюрт	chir yurt|chir-yurt|chiryurt|kizilyurt|kizyl yurt|kizyl-yurt|kizylyurt|tschir jurt|tschir-jurt|tschirjurt|кизилюрт
city	Nartkala	43.5544	43.8550	RU	33390	Нарткала	dokshukino|doshukino|nartkala|нарткала
city	Istra	55.9198	36.8688	RU	33390	Истра	istra|voskresensk|истра
city	Goekdepe	38.1586	57.9607	TM	33381	Гёкдепе	geok tepe|geok-tepe|geoktepe|goekdepe|гекдепе
city	Segezha	63.7455	34.3161	RU	33354	Сегежа	segesha|segezha|сегежа
city	Zima	53.9202	102.0442	RU	33323	Зима	zima|зима|зіма
city	Kaka	37.3482	59.6143	TM	33315	Кака	chaacha|kaakcha|kaakhka|kaka|каахка|кака
city	Dobryanka	58.4648	56.4130	RU	33291	Добрянка	dobryanka|dobryansk|добрянка
city	Verkhniy Ufaley	56.0549	60.2257	RU	33245	Верхний Уфалей	verkhniy ufaley|верхний уфалей
city	Kerki	37.8408	65.2064	TM	33242	Керки	atamurat|kerki|керки|керкі
city	Manghit	42.1156	60.0597	UZ	33200	Мангит	manga|manghit|mangit|mangyt|мангит
city	Bayandai	43.9659	81.2485	CN	33131	Bayandai	bayandai
city	Primorsko-Akhtarsk	46.0485	38.1790	RU	33102	Приморско-Ахтарск	akhtari|primorsko achidrskaja|primorsko akhtarsk|primorsko akhtarskaya|primorsko axtarsk|primorsko-achidrskaja|primorsko-akhtarsk|primorsko-akhtarskaya|primorsko-axtarsk|primorskoachidrskaja|primorskoakhtarsk|primorskoakhtarskaya|primorskoaxtarsk|stantsiya primorsko akhtarskaya|stantsiya primorsko-akhtarskaya|stantsiya primorskoakhtarskaya|приморско ахтарск|приморско-ахтарск|приморскоахтарск|приморсько ахтарськ|приморсько-ахтарськ|приморськоахтарськ|прыморска ахтарск|прыморска-ахтарск|прыморскаахтарск
city	Kotovsk	52.5905	41.5025	RU	33077	Котовск	kotovsk|катоуск|котовск
city	Kamenka	53.1814	44.0494	RU	33060	Каменка	belinskaya kamenka|kamenka|каменка
city	Aral	46.8017	61.6631	KZ	33017	Аральск	aral|aral sea|aral'sk|aral'skoye more|aralsk|aralskoye more|арал|аральск|аральское море|аральськ
city	Asha	54.9998	57.2549	RU	33006	Аша	asha|аша
city	Qorasuv	40.7278	72.8858	UZ	33000	Il’ichevsk	il'ichevsk|ilichevsk|imeni il'icha|imeni ilicha|imeni voroshilovo|kara soo|kara su|kara sui|kara-soo|kara-su|kara-sui|karasoo|karasu|karasui|korasuv|qorasuv|qorasuw|voroshilovo|карасу
city	Esik	43.3552	77.4524	KZ	32995	Есик	esik|issyk|yesik|есик|иссик|иссык
city	Marks	51.7102	46.7455	RU	32929	Маркс	baronsk|marks|marksshtadt|marksstadt|yekaterinenshtadt|маркс
city	Kapan	39.2076	46.4068	AM	32900	Капан	ghap'an|ghapan|kafan|kafin|kapan|katan|madan|qafan|zangezur|капан
city	Gudermes	43.3508	46.1009	RU	32769	Гудермес	gudermes|qudermes|гудермес|гудэрмес
city	Oyim	40.8195	72.7423	UZ	32750	Аим	aim|oyim|аим|ойим
city	Kholmsk	47.0461	142.0494	RU	32681	Холмск	kholmsk|maoka|mauka|moaka|холмск
city	Maloyaroslavets	55.0146	36.4719	RU	32669	Малоярославец	malojaroslawez|maloyaroslavets|малаяраславец|малоярославетс|малоярославец
city	Velikiy Ustyug	60.7619	46.3135	RU	32642	Великий Устюг	veliki ustyug|velikiy ustyug|veliky ustyug|великий устюг
city	Tewulike	42.2586	86.8573	CN	32541	Tewulike	ch'ing shui ho|ch'ing-shui-ho|ch'ing-shui-ho-i|ch'ing-shui-ho-jih-ma|ch'ing-shui-ho-tzu|ch'ingshuiho|ch'ingshuihoi|ch'ingshuihojihma|ch'ingshuihotzu|chimshuikhosa|ching-shui-ho|ching-shui-ho-i|ching-shui-ho-jih-ma|ching-shui-ho-tzu|chinshuykhoza|heshuo|heshuo xian|ho shih|ho shih ch'eng|ho shuo|ho-shih|ho-shih-ch'eng|ho-shih-cheng|ho-shuo|hoshih|hoshihch'eng|hoshuo|hoxud|khoshud|t'a mo chia|t'a wei ka|t'a-mo-chia|t'a-wei-ka|t'amochia|t'aweika|ta wei kou|ta-mo-chia|ta-wei-ka|ta-wei-kou|tavilgha|tavylga|taweikou|tawilga|tawilgha|tewilga|tewulike
city	Yubileyny	55.9333	37.8333	RU	32508	Юбилейный	yubileyny|юбилейный|юбілейний|юбілейны
city	Desnogorsk	54.1508	33.2815	RU	32451	Десногорск	desnogorsk|desnoqorsk|десногорск|десногорськ|дзяснагорск
city	Mixia	38.4540	77.2492	CN	32419	Mixia	mixia
city	Lukhovitsy	54.9766	39.0444	RU	32387	Луховицы	lukhovitsy|луховитси|луховицы|луховиці
city	Udomlya	57.8760	35.0070	RU	32373	Удомля	udomlya|удомля
city	Slobodskoy	58.7313	50.1712	RU	32361	Слободской	slobodskoy|slovodskoi|слободской
city	Saybag	37.1497	79.6583	CN	32355	Saybag	saybag|saybag xiang|sayibage
city	Drozhzhino	55.5238	37.5895	RU	32345	Дрожжино	drozhzhino|дрожжино
city	Nurota	40.5614	65.6886	UZ	32300	Нурота	nurata|nurota|нур ата|нур-ата|нурата|нурота|нұрата
city	Bogdanovich	56.7767	62.0507	RU	32270	Богданович	bogdandvich|bogdanovich|bogdanovichi|bogdanovikhi|богданович
city	Zaqatala	41.6316	46.6448	AZ	32171	Загатала	sakataly|zakatala|zakatali|zakatalsk|zakataly|zaqatala|загатала|закатала|закаталы|зокотала
city	Inta	66.0317	60.1659	RU	32080	Инта	i nta|inta|инта|інта
city	Kyzyl-Kyya	40.2568	72.1279	KG	32000	Кызыл-Кия	kizyl kiya|kizyl-kiya|kizylkiya|kyzyl kiya|kyzyl kyya|kyzyl-kiya|kyzyl-kyya|kyzylkiya|kyzylkyya|kzyl kiya|kzyl-kiya|kzylkiya|qizilqiya|кызыл кия|кызыл кыя|кызыл-кия|кызыл-кыя|кызылкия|кызылкыя
city	Donskoy	53.9680	38.3315	RU	31968	Донской	donskoy|донской
city	Kimovsk	53.9731	38.5350	RU	31947	Кимовск	bol'shaya mikhaylovka|bolshaya mikhaylovka|kimovsk|mikhaylovka|кимовск|кімауск
city	Znamensk	48.5842	45.7338	RU	31922	Знаменск	znamensk|знаменск|капустин яр
city	Privolzhskiy	51.4094	46.0483	RU	31849	Приволжский	privolzhskiy|приволжский
city	Gorodets	56.6550	43.4727	RU	31788	Городец	gorodets|qorodets|гарадзец|городец|городець
city	Yanqi	42.0632	86.5718	CN	31773	Yanqi	ha-la-sha-erh|halashaerh|k'a-la-sha-erh|k'alashaerh|k'o-la-sha-erh|k'olashaerh|ka-la-sha-erh|kara schahr|kara-schahr|karachahr|karaschahr|karashahr|karashar|khara shar|ko-la-sha-erh|kurashar|kurashar'|qara shahr|yan'tsy|yanqi|yanqi zhen|yantsy|yen ch'i|yen ch'i chen|yen ch'i hsien|yen-ch'i|yen-ch'i-chen|yen-ch'i-hsien|yen-ch'i-hui-tsu-tzu-chih-hsien|yen-chi|yen-chi-chen|yen-chi-hsien|yen-chi-hui-tsu-tzu-chih-hsien|yench'i|yench'ichen|yench'ihsien|yench'ihuitsutzuchihhsien|yenki|yinki
city	Nakhabino	55.8485	37.1779	RU	31715	Нахабино	nakhabino|нахабино
city	Sosnovoborsk	56.1218	93.3381	RU	31632	Сосновоборск	sosnovoborsk|сасноваборск|сосновоборск|сосновоборськ
city	Kudymkar	59.0152	54.6532	RU	31596	Кудымкар	kudymkar|kudymkarskoye|кудымкар
city	Mozhaysk	55.5019	36.0272	RU	31557	Можайск	mojaysk|mozhaisk|mozhaysk|мажайск|можайск
city	Wudalike	38.3618	77.1297	CN	31525	Wudalike	wudaleke|wudalike
city	Barabinsk	55.3507	78.3587	RU	31508	Барабинск	barabinsk|барабинск|барабінск|барабінськ
city	Rahachow	53.0926	30.0486	BY	31490	Рогачев	rahachow|rogatschew|рагачоу|рогачев|рогачов
city	Bektemir	41.2097	69.3342	UZ	31400	Бектемир	bektemir|kolkhoz imeni akhunbabayeva|бектемир
city	Mangistau	43.6909	51.3224	KZ	31368	Мангышлак	mangghyshlaq|manghyshlaq|mangistau|mangyshlak|мангистау|мангышлак|маңгыстау
city	Pavlovskaya	46.1390	39.7862	RU	31133	Павловская	pavlovskaya|pawlowskaja|павловская|павлівська
city	Yengisar	38.9258	76.1714	CN	31113	Yengisar	yang hissar|yangi gisar|yangi hisar|yangi-gisar|yangigisar|yangihessar|yangihissai|yangihissar|yengi hissar|yengisar|ying chi sha|ying-chi-ho-sha-erh|ying-chi-sha|ying-chi-sha-chen|ying-chi-sha-erh|ying-chi-sha-hsien|yingchihoshaerh|yingchisha|yingchishachen|yingchishaerh|yingchishahsien|yingkisha
city	Likino-Dulevo	55.7083	38.9542	RU	31100	Ликино-Дулево	dulevo|likino dulevo|likino-dulevo|likinodulevo|ликино дулево|ликино-дулево|ликинодулево
city	Dyurtyuli	55.4873	54.8618	RU	31087	Дюртюли	dyrtyli|dyurtyuli|дюртюли
city	Rostov Veliky	57.1908	39.4131	RU	31039	Ростов Великий	rostov|rostov velikiy|rostov veliky|rostov yaroslavskiy|rostov-yaroslavskiy|rostovyaroslavskiy|rostow|растоу|ростов|ростов великий
city	Bayanhongor	46.1944	100.7181	MN	30931	Баянхонгор	bayanhongor|dzaluuchuud|youth city|баянhонгор|баянхонгор
city	Gumdag	39.2024	54.5875	TM	30884	Гумдаге	gumdag|khudaidag|khuday dag|khuday-dag|khudaydag|kum dag|kum-dag|kumdag|qumdog shahri|qumdog' shahri|гумдаг|гумдаге
city	Yugorsk	61.3123	63.3307	RU	30878	Югорск	komsomol'skiy|komsomolskiy|yugorsk|югорск
city	Sorochinsk	52.4288	53.1502	RU	30731	Сорочинск	sorochinsk|сорочинск
city	Zarhalol	37.4647	68.1695	TJ	30689	Zarhalol	bashkala|bishkala|boshkala|kommunizm|zarhalol|бошкалъа|зархалол
city	Mednogorsk	51.4057	57.5875	RU	30676	Медногорск	mednogorsk|mednoqorsk|меднагорск|медногорск
city	Sabirabad	40.0087	48.4770	AZ	30612	Сабирабад	petropavlovka|petropavlovskoye|sabirabad|ssabirabad|сабирабад|сабирабат
city	Topki	55.2771	85.6135	RU	30572	Топки	topki|топки
city	Kirzhach	56.1527	38.8551	RU	30566	Киржач	kirshatsch|kirzhach|киржач|кіржач
city	Suzak	40.8982	72.9048	KG	30534	Сузак	suzak|сузак
city	Sandaoling Lutiankuang Wuqi Nongchang	43.0148	92.8828	CN	30513	Sandaoling Lutiankuang Wuqi Nongchang	
city	Khorugh	37.4904	71.5534	TJ	30500	Хорог	khorog|khorugh|xorog|хорог|хоруг
city	Starominskaya	46.5309	39.0516	RU	30461	Староминская	starominskaja|starominskaya|староминская
city	Borzya	50.3914	116.5336	RU	30421	Борзя	bolzhia|borzya|борзя
city	Bogoroditsk	53.7717	38.1230	RU	30216	Богородицк	bogoroditsk|багародзіцк|богородицк|богородицьк
city	Balabanovo	55.1816	36.6606	RU	30194	Балабаново	balabanova|balabanovo|balobanovo|балабаново
city	Mugala	36.8545	81.6642	CN	30179	Mugala	mugala|mugala zhen|yutian xian
city	Kostomuksha	64.5710	30.5767	RU	30135	Костомукша	kostomuksa|kostomuksha|костомукша
city	Muborak	39.2553	65.1528	UZ	30100	Муборак	maburek|mubarek|muborak|мубарек|муборак
city	Ulaangom	49.9811	92.0667	MN	30092	Улангом	ulaan goom|ulaanggom|ulaangom|ulaangom sumu|ulan kan|ulangom|ulankom|wu-lan-ku-mu|wulankumu|улаангом|улангом|өлангөм
city	Karpinsk	59.7683	60.0062	RU	30070	Карпинск	bogoslovskiy|karpinsk|ugol'nyy|ugolnyy|богословский|карпинск|карпінск|карпінськ|угольный
city	Shatura	55.5726	39.5342	RU	30069	Шатура	schatura|shatura|шатура
city	Nili	33.7218	66.1302	AF	30058	Нили	nili|нили
city	Divnogorsk	55.9570	92.3780	RU	30018	Дивногорск	divnogorsk|skit|дзіунагорск|дивногорск|дивногорськ
city	Petrovskaya	55.5500	37.7833	RU	30000	Петровская	petrovskaya|петровская
city	Lazarevskoye	43.9089	39.3314	RU	30000	Лазаревское	lasarewskaja|lazarevskaya|lazarevskoye|лазаревское
city	Kudrovo	59.9035	30.5106	RU	30000	Кудрово	kudrovo|sovkhoz kudrovo|кудрово
city	Kushchyovskaya	46.5599	39.6321	RU	29915	Кущёвская	kuschewskaja|kuschtschewskaja|kushchyovskaya|кущевская
city	Sasovo	54.3537	41.9199	RU	29858	Сасово	sasovo|sasowo|сасава|сасово
city	Yemanzhelinsk	54.7547	61.3208	RU	29849	Еманжелинск	yemanzhelinka|yemanzhelinsk|yemanzhelinskiy|еманжалінск|еманжелинка|еманжелинск|еманжелинский
city	Shiyeli	44.1706	66.7338	KZ	29832	Шиели	chiili|shiyeli|чиили|шиели|шиелі
city	Khovd	48.0056	91.6419	MN	29800	Ховд	chirgalantu|chzhirgalantu|djirgalantu|dund us|dund-us|dundus|dzhaghalantu|dzhargalantu|dzhirgalantu|hobdo|hobdo gol|jargalant|jirgalanta|jirgalantu|khobdo|khovd|kobdo|xovd|кобдо|ховд|ховда
city	Shar'ya	58.3685	45.5162	RU	29800	Шарья	shar'ya|sharya|шарья
city	Sovetskaya Gavan'	48.9721	140.2888	RU	29740	Советская Гавань	port soviet|sovetskaya gavan|sovetskaya gavan'|soviet harbor|sovietskaya harbour|znamenskoye|советская гавань
city	Uychi	41.0290	71.8500	UZ	29683	Уйчи	uichi|uychi|уйчи
city	Kirovsk	67.6148	33.6727	RU	29605	Кировск	hiipina|khibinogorsk|kirovsk|kirowsk|кировск|кірауск|кіровськ
city	Arvayheer	46.2639	102.7750	MN	29420	Арвайхээр	arbai khere|arbay heere|arbay hure|arbay khere|arbayin hure|arbayin khure|arubai gere|arvayheer|ts'ai-ku-na miao|ts'ai-ku-na ya-men|ts'aikuna miao|ts'aikuna yamen|tsai-ku-na miao|tsai-ku-na ya-men|ubur hangaajin|ubur hangayin|ubur khangaiin|ubur khangayin|ubur-hangaajin|ubur-hangayin|uburhangaajin|uburhangayin|арвайhээр|арвайхээр
city	Sosnogorsk	63.5967	53.8918	RU	29343	Сосногорск	izhma|sosnogorsk|саснагорск|сосногорск
city	Morozovsk	48.3510	41.8290	RU	29289	Морозовск	morosowski|morosowskij|morozovsk|morozovskaya|morozovskiy|марозауск|морозовск|морозовськ
city	Zernograd	46.8486	40.3116	RU	29268	Зерноград	zernograd|zernoqrad|zernovol|zernovoy|зернаград|зерноград
city	Bulung'ur Shahri	39.7600	67.2744	UZ	29200	Bulung’ur Shahri	bulung'ur|bulung'ur shahri|bulunghur|bulungur|bulungur shahri|krasnogvardeiskoye|krasnogvardeysk|krasnogvardeyskaya|krasnogvardeyskoye|krasnogvardskiy|rostovtsevo|булуңгур|бұлыңгыр
city	Ipatovo	45.7180	42.9061	RU	29073	Ипатово	i patovo|ipatovo|spatowo|vinodel'noye|vinodelnoye|ипатово|іпатава|іпатово
city	Shelek	43.5962	78.2575	KZ	29032	Чилик	chilik|chiliksk|shelek|чилик|шелек
city	Unecha	52.8429	32.6876	RU	29028	Унеча	uncha|unecha|unetscha|унеча
city	Krasnoarmeyskaya	45.3655	38.2119	RU	29009	Полтавская	krasnoarmeyskaya|krasnoarmeyskoye|poltavskaya|красноармейская|полтавская
city	Kokhma	56.9321	41.0947	RU	28984	Кохма	kokhma|koxma|кохма
city	Gagarin	55.5533	34.9968	RU	28879	Гагарин	gagarin|gagaringrad|gshatsk|gzhatsk|qaqarin|гагарин|гагарын|гагарін
city	Sirdaryo	40.8436	68.6617	UZ	28800	Сырдарьинская	sidare|sirdaryo|sirderya|ssyr darja|ssyr-darja|ssyrdarja|syr dar'inskiy|syr darjinskaja|syr novorossiyskiy|syr novorossliski|syr-dar'inskiy|syr-darinskiy|syr-darjinskaja|syr-novorossiyskiy|syr-novorossliski|syrdar'inskiy|syrdar'ya|syrdarjinskaja|syrdarya|syrnovorossiyskiy|syrnovorossliski|сирдар'я|сирдаре|сирдаря|сырдарьинская|сырдарья
city	Inozemtsevo	44.0926	43.0911	RU	28779	Иноземцево	inozemtsevo|иноземцево
city	Uvarovo	51.9820	42.2617	RU	28771	Уварово	uvarovo|уварово
city	Osipovichi	53.3059	28.6287	BY	28745	Осиповичи	asipovichy|osipovichi|ospipovichi|ossipowitschi|sipovichi|асіпоповічы|осиповичи
city	Kuvandyk	51.4848	57.3579	RU	28706	Кувандык	kuvandyk|кувандик|кувандык
city	Gusev	54.5922	22.1997	RU	28690	Гусев	gabin|gumbinen|gumbinnen|gusayev|gusev|gusevsk|qusev|гусев|гусеу
city	AEnew	37.8875	58.5160	TM	28653	Аннау	aenew|anau|anev|annau|enev|аенью|аннау
city	Horki	54.2861	30.9860	BY	28626	Горки	gorki|horki|горки|горкі
city	Karasuk	53.7395	78.0439	RU	28589	Карасук	karasuk|карасук
city	Buturlinovka	50.8262	40.5980	RU	28581	Бутурлиновка	buturlinovka|buturlinovskiy|buturlinowka|бутурлиновка|бутурлинівка|бутурлінаука
city	Isakogorka	64.4460	40.6531	RU	28571	Исакогорка	isakogorka|исакогорка
city	Toshbuloq	40.9162	71.5782	UZ	28562	Toshbuloq	tashbulak|toshbuloq
city	Kartaly	53.0596	60.6412	RU	28503	Карталы	kartaly|картали|карталы
city	Kochubeyevskoye	44.6442	41.8453	RU	28491	Кочубеевское	kochubeyevskoye|кочубеевское
city	Zheleznogorsk-Ilimskiy	56.5767	104.1297	RU	28456	Железногорск-Илимский	korshunikha|zheleznogorsk|zheleznogorsk ilimskiy|zheleznogorsk-ilimskiy|zheleznogorskilimskiy|железногорск илимский|железногорск-илимский|железногорскилимский
city	Yangiqo`rg`on	41.1947	71.7238	UZ	28422	Yangiqo‘rg‘on	yangikurgan|yangiqo rg on|yangiqo'rg'on|yangiqorgon|yangiqurgon
city	OElgii	48.9683	89.9625	MN	28400	Улгий	bayan ulegey|bayan-ulegey|bayanulegey|oelgii|olgii|ul'gey|ulegei|ulegey|ulegy|ulgey|ulgiy|улгий|өлгий|өлке
city	Tomilino	55.6562	37.9471	RU	28310	Томилино	tomilino|таміліна|томилино|томіліно
city	Pokhvistnevo	53.6524	52.1274	RU	28300	Похвистнево	pokhvistnevo|пахвістнева|похвистнево
city	Dalnerechensk	45.9315	133.7391	RU	28300	Дальнереченск	dal'nerechensk|dalnerechensk|iman|дальнереченск
city	Kandyagash	49.4692	57.4186	KZ	28196	Кандыагач	kandagach|kandagash|kandyagash|oktyabr|oktyabr'|qandyaghash|кандыагач|кандыагаш|октябрьск
city	Bezhetsk	57.7842	36.7008	RU	28114	Бежецк	bejetsk|beshezk|bezhetsk|бежацк|бежетск|бежецк|бежецьк
city	Argun	43.2929	45.8669	RU	28100	Аргун	argun|arqun|kolkhoznoye|ustar gordoy|ustar-gordoy|ustargordoy|аргун
city	Poykovskiy	61.0014	71.8919	RU	28080	Пойковский	poykovskiy|пойковский
city	Goryachiy Klyuch	44.6339	39.1358	RU	28078	Горячий Ключ	gorjatschi kljutsch|gorjatschi-kljutsch|gorjatschikljutsch|goryachiy klyuch|goyyachi klyuch|горячий ключ
city	Shcherbinka	55.4980	37.5579	RU	28065	Щербинка	shcherbinka|shcherbinki|щербинка
city	Polysayevo	54.6034	86.2758	RU	28026	Полысаево	polysayeva|polysayevo|полысаево
city	Aleysk	52.4963	82.7747	RU	28019	Алейск	aleisk|aleysk|aleyskaya|aleyskoye|алейск|алейськ
city	Aleksandrovskoye	44.7142	43.0008	RU	28006	Александровское	aleksandrovskoye|alexandrowskoje|alyeksandrovskoe|александровское
city	Kamyshlov	56.8466	62.7121	RU	28006	Камышлов	kamyshlov|komyschlow|камишлов|камышлов|камышлоу
city	Byaroza	52.5313	24.9782	BY	27986	Берёза	bereza kartuska|bereza kartuskaya|bereza kartuzskaya|bereza-kartuskaya|bereza-kartuzskaya|berezakartuskaya|berezakartuzskaya|byaroza|kartuz bereza|kartuz-bereza|kartuzbereza|береза|бяроза
city	Yanaul	56.2723	54.9296	RU	27963	Янаул	yanaul|янаул
city	Kolpashevo	58.3201	82.9030	RU	27876	Колпашево	kolpashev|kolpashevo|колпашево
city	Dagestanskiye Ogni	42.1159	48.1919	RU	27835	Дагестанские Огни	dagestanskije ogni|dagestanskiye ogni|дагестанские огни
city	Muchun	39.8815	69.1822	TJ	27835	Мучун	muchun|mudshum|mudzhum|mujum|muzhyun|мучун
city	Qibray	41.3897	69.4650	UZ	27750	Кибрай	kibrai|kibray|qibray|кибрай
city	Batken	40.0604	70.8193	KG	27730	Баткен	batken|botken|баткен
city	Neftekumsk	44.7558	44.9925	RU	27716	Нефтекумск	neftekumsk|нефтекумск|нефцякумск
city	Rodniki	57.1050	41.7356	RU	27681	Родники	rodniki|раднікі|родники
city	Iskandar	41.5539	69.7008	UZ	27636	Искандар	iskandar|iskander|искандар
city	Novogrudok	53.5942	25.8191	BY	27624	Новогрудок	navahrudak|novogroudok|novogrudek|novogrudok|навагрудак|новогрудок
city	Novoaleksandrovsk	45.4975	41.2253	RU	27610	Новоалександровск	novoaleksandrovsk|novoaleksandrovskaya|novoalexandrovsk|nowo aleksandrowskaja|nowo alexandrowskaja|nowo-alexandrowskaja|nowoalexandrowskaja|новааляксандрауск|новоалександровск
city	Kotel'nich	58.3035	48.3374	RU	27600	Котельнич	kotel'nich|kotelnich|котельнич
city	Atkarsk	51.8806	45.0061	RU	27554	Аткарск	atarsk|atkarsk|аткарск|аткарськ
city	Kalach-na-Donu	48.6910	43.5264	RU	27522	Калач-на-Дону	kalach|kalach na donu|kalach-na-donu|kalachnadonu|kalatsch|калач на доне|калач на дону|калач-на-доне|калач-на-дону|калачнадоне|калачнадону
city	Ismayilli	40.7848	48.1514	AZ	27500	Исмаиллы	ismailly|ismaily|ismanlli|ismayilli|ismayylly|ismoylly|jsmailly|исмаилли|исмаиллиси|исмаиллы
city	Soroca	48.1566	28.2849	MD	27423	Сорока	soroca|soroka|soroki|soroky|сорока|сороки
city	Sol'-Iletsk	51.1624	54.9916	RU	27419	Соль-Илецк	iletsk|iletskaya|iletskaya zashchita|iletskaya zashkta|ilezk|sol' iletsk|sol'-iletsk|sol'iletsk|sol-iletsk|соль илецк|соль-илецк|сольилецк
city	Shalqar	47.8315	59.6193	KZ	27399	Шалкар	chelkar|shalqar|челкар|шалкар
city	Kayyerkan	69.3786	87.7439	RU	27295	Кайеркан	kajerkam|kayerkan|kayyerkan|кайеркан
city	Krasnoural'sk	58.3638	60.0407	RU	27257	Красноуральск	krasnoural'sk|krasnouralsk|uralmed'stroy|uralmedstroy|красноуральск|уралмедьстрой
city	Nikolayevsk-on-Amure	53.1466	140.7229	RU	27152	Николаевск-на-Амуре	nikolaevsk|nikolaevsk on amur|nikolaevsk-on-amur|nikolaevskonamur|nikolaievsk|nikolayevsk|nikolayevsk on amur|nikolayevsk on amure|nikolayevsk-on-amur|nikolayevsk-on-amure|nikolayevskonamur|nikolayevskonamure|николаевск на амуре|николаевск-на-амуре|николаевскнаамуре
city	Zomin Shaharchasi	39.9606	68.3958	UZ	27077	Зомин	saamin|zaamin|zomin|zomin shaharchasi|зомин
city	Asino	56.9992	86.1552	RU	27070	Асино	asino|асино|асіна|асіно
city	Labytnangi	66.6572	66.4183	RU	27067	Лабытнанги	labytnangi|лабитнанги|лабитнангі|лабытнанги|лабытнангі
city	Dedovsk	55.8686	37.1222	RU	27001	Дедовск	dedovo|dedovsk|dedovskiy|дедовск|дзедауск
city	Zeya	53.7359	127.2560	RU	26999	Зея	seja|zeya|зея
city	Kotovo	50.3157	44.8100	RU	26981	Котово	katovo|kotovo|котава|котово
city	Shovot	41.6582	60.2945	UZ	26950	Shovot	shakh abad|shakh-abad|shakhabad|shavat|shovot|showot
city	Boysun	38.2084	67.2066	UZ	26934	Бойсун	baisuk|baisun|bajsun|baysun|boysun|байсун|бойсун
city	Kara-Kul'	41.6283	72.6703	KG	26901	Kara-Kul’	kara kul'|kara-kul|kara-kul'|karakul'|кара куль|кара-куль|каракуль
city	Uchkuduk	41.0500	62.7833	UZ	26800	Uchkuduk	uchkuduk
city	Goerogly	41.6504	59.9164	TM	26770	Goerogly	goerogly|gorogly
city	Kara Suu	40.7046	72.8667	KG	26609	Кара-Суу	kara su|kara suu|kara-su|kara-suu|karasu|karasuu|qora suu|qora-suu|qorasuu|кара суу|кара-суу|карасуу
city	Gubakha	58.8386	57.5532	RU	26605	Губаха	gubakha|qubaxa|губаха
city	Pavlovsk	50.4543	40.1237	RU	26565	Павловск	pavlovsk|павловск|павловськ|паулауск
city	Okha	53.5949	142.9528	RU	26560	Оха	okha|okhe|оха
city	Shofirkon Shahri	40.1200	64.5014	UZ	26527	Shofirkon Shahri	baumana|khodzha arif|khodzha-arif|khodzhaarif|shafirkan|shafrikan|shafrikent|shofirkon shahri
city	Salor	41.3750	69.3520	UZ	26494	Salor	chirchik|salar|salor
city	Buy	58.4796	41.5359	RU	26486	Буй	buy|буй
city	Metallostroy	59.8008	30.5478	RU	26361	Металлострой	metallostroy|металлострой
city	Semiluki	51.6821	39.0302	RU	26257	Семилуки	semiluki|семилуки|сямілукі
city	Xaqqulobod	40.9167	72.1167	UZ	26257	Haqqulobod	haqqulobod|khakkulabad|khakulabad|naron|naryn|xaqqulobod|хаккулобод
city	Iradan	40.2667	72.1000	KG	26200	Ирадан	iradan|radinan|ирадан
city	Dardoq	40.8158	72.8317	UZ	26055	Дардак	dardak|dardoq|dartak|дардак
city	Vileyka	54.4914	26.9111	BY	26015	Вилейка	vileyka|vilyeyka|wilejka|вилейка|вілейка
city	Ishqoshim	36.7248	71.6133	TJ	26000	Ишкашим	ishkashim|ishqoshim|nud|nuda|ишкашим|ишкошим
city	Poytug'	40.8977	72.2449	UZ	26000	Пайтуг	baytok|paytok|paytug|poytug|poytug'|poytugh|пайтуг
city	Kubinka	55.5796	36.7039	RU	25942	Кубинка	kubinka|кубинка|кубінка
city	Kaltan	53.5278	87.2758	RU	25903	Калтан	kaltan|kaltanskaya|nizhniy kaltan|калтан
city	Siyazan	41.0781	49.1156	AZ	25900	Сиазань	siazan|siazan'|siyazan|сиазань
city	Nev'yansk	57.4923	60.2141	RU	25900	Невьянск	nev'yansk|nevyansk|невьянск
city	Qo`rg`ontepa	40.7319	72.7618	UZ	25861	Qo‘rg‘ontepa	kurgan tepe|kurgan tyube|kurgan-tepe|kurgantepa|kurgantepe|kyzyl tepa|kyzyl-tepa|kyzyltepa|qo rg ontepa|qo'rg'ontepa|qorgontepa|qurgontepa
city	Krasnoarmeysk	51.0235	45.6966	RU	25841	Красноармейск	bal'tser|baltser|golyy karamysh|krasnoarmeysk|pantsir|краснаармейск|красноармейск|красноармійськ
city	Artvin	41.1816	41.8217	TR	25841	Артвин	artivin|artvin|artwin|артвин|артвін
city	Fokino	42.9710	132.4103	RU	25827	Фокино	fokino|tikhookeanskiy|тихоокеанский|фокино|фокіна|фокіно
city	Severobaykal'sk	55.6383	109.3271	RU	25800	Северобайкальск	severobaykal'sk|severobaykalsk|северобайкальск
city	Zavodoukovsk	56.5033	66.5467	RU	25682	Заводоуковск	derevnya ukovskaya|zavodoukovsk|zavodoukovskiy|zavodoukovskoye|деревня уковская|заводаукоуск|заводоуковск
city	Ekazhevo	43.2122	44.8231	RU	25549	Экажево	ekazhevo|novoardonskoye|novyy ardon|экажево
city	Oltiariq	40.3919	71.4742	UZ	25543	Oltiariq	altyaryk|oltiariq
city	Kireyevsk	53.9297	37.9215	RU	25513	Киреевск	kireyevka|kireyevsk|киреевка|киреевск
city	Omutninsk	58.6701	52.1931	RU	25364	Омутнинск	omutinisk|omutninsk|амутнінск|омутнинск
city	Shardara	41.2583	67.9699	KZ	25356	Шардара	chardara|shardara|syrdar'inskiy|syrdarinskiy|чардара|шардара
city	Nerekhta	57.4579	40.5717	RU	25352	Нерехта	nerekhta|нерехта
city	Nelidovo	56.2276	32.7747	RU	25349	Нелидово	nelidovo|nelidowo|нелидово|нелідово|нялідава
city	Yushkovo	55.5574	36.9718	RU	25324	Калининец	yushkovo|калининец|юшково
city	Vilyuchinsk	52.9320	158.4058	RU	25204	Вилючинск	vilyuchinsk|вилючинск|вілючинськ|вілючынск
city	Mostovskoy	44.4115	40.7928	RU	25188	Мостовской	mostovoye|mostovskoy|mostovskoye|мостовской
city	Tatarsk	55.2213	75.9815	RU	25150	Татарск	tatarsk|татарск|татарськ
city	Bologoye	57.8859	34.0532	RU	25142	Бологое	bologoje|bologoye|бологое
city	Saryaghash	41.4604	69.1679	KZ	25139	Сарыагаш	saryagach|saryagash|saryaghash|ssary agatsch|ssary-agatsch|ssaryagatsch|сарыагач|сарыагаш
city	Fuzuli	39.6009	47.1453	AZ	25100	Физули	fizuli|fuzuli|karjagino|karyagino|sardar|физули
city	Ust'-Katav	54.9366	58.1757	RU	25046	Усть-Катав	ust' katav|ust' katavskiy|ust'-katav|ust'-katavskiy|ust'katav|ust'katavskiy|ust-katav|ust-katavskiy|усть катав|усть-катав|устькатав
city	Volokolamsk	56.0336	35.9694	RU	25000	Волоколамск	volokolamsk|wolokolamsk|валакаламск|волоколамск|волоколамськ
city	Shali	43.1481	45.9019	RU	25000	Шали	schali|shak|shali|шали|шалі
city	Dyat'kovo	53.5978	34.3383	RU	25000	Дятьково	djatkowa|dyat'kovo|dyatkovo|дятьково
city	Gur'yevsk	54.2841	85.9481	RU	25000	Гурьевск	gur'yevsk|gur'yevskov|gurevsk|guryevsk|guryevskov|гурьевск
city	Sho'rchi	37.9994	67.7875	UZ	25000	Sho‘rchi	chourtchi|dzhalair|kul' tepe|kul'-tepe|kul'tepe|kul-tepe|sho rchi|sho'rchi|shorchi|shurchi
city	Zverevo	48.0271	40.1230	RU	24978	Зверево	zverevo|zvyereva|зверава|зверево
city	Orhei	47.3850	28.8254	MD	24918	Оргеев	orgeyev|orhei|orheiu|orkhey|orxey|оргеев|орхей
city	Yaypan	40.3758	70.8156	UZ	24900	Яйпан	bazar yaypan|bazar-yaypan|bazaryaypan|yaipan|yaypan|яйпан
city	Yangiobod	41.1192	70.0941	UZ	24900	Янгиабад	yangiabad|yangiobod|янгиабад|янгіабад
city	Dalandzadgad	43.5708	104.4250	MN	24863	Даланзадгад	dalan dsadagad|dalan dzadagad|dalan tszadagad|dalan tzadagad|dalan zadagad|dalan-zadagad|dalandzadgad|dalanzadagad|dalanzadgad|daranzagatai|dzadagad|ta-lan-ken-kuo-lo|ta-leng-keng miao|talankenkuolo|talengkeng miao|даланзадгад
city	Zafar	40.9833	68.9000	UZ	24781	Зафар	almazar|olmazor|vrevskiy|zafar|зафар
city	Payshamba Shahri	40.0114	66.2311	UZ	24772	Пайшанба	payshamba shahri|payshanba|payshmba|бейсенбі|бейшемби|пайшанба
city	G'allaorol Shahri	40.0270	67.5878	UZ	24700	G’allaorol Shahri	g allaorol|g'allaorol shahri|gallaorol shahri|gallia aral|gallia-aral|galliaaral|gallyaaral|ghallaorol
city	Zaraysk	54.7633	38.8808	RU	24637	Зарайск	zaraisk|zaraysk|зарайск
city	Zheleznovodsk	44.1432	43.0048	RU	24632	Железноводск	shelesnowodsk|zheleznovodak|zheleznovodsk|zhelyednovodsk|железноводск
city	Ostrov	57.3438	28.3536	RU	24500	Остров	ostrov|острау|остров
city	Bereket	39.2446	55.5154	TM	24500	Газанджык	bereket|gazanjyk|kasandshik|kazandzhik|kazanjik|газанджык
city	G'uzor	38.6213	66.2515	UZ	24500	Гузар	g uzor|g'uzor|ghuzor|gusar|guzar|guzor|гузар|гузор
city	Tbilisskaya	45.3645	40.1968	RU	24446	Тбилисская	tbilisskaya|tiflisskaya|тбилисская
city	Aldan	58.6123	125.4000	RU	24426	Алдан	aldan|nezametnyy|алдан
city	Novopavlovsk	43.9594	43.6316	RU	24408	Новопавловск	novopavloskaya|novopavlovsk|novopavlovskaya|novopavoskaya|навапаулауск|новопавловск|новопавловськ
city	Smaliavicy	54.0249	28.0894	BY	24402	Смолевичи	horad smalyavichy|smaliavicy|smalyavichy|smolevichi|smolewitsch|горад смалявічы|смолевичи
city	Skopin	53.8250	39.5531	RU	24357	Скопин	skopin|скопин|скопін
city	Tayga	56.0654	85.6218	RU	24328	Тайга	taiga|tayga|тайга
city	Semenov	56.7876	44.4962	RU	24300	Семёнов	semenov|semenow|semenowo|semyonov|семенов
city	Nikol'sk	53.7189	46.0712	RU	24300	Никольск	nikol'sk|nikol'skaya pestravka|nikolsk|nikolskaya pestravka|никольск
city	Ob'	54.9888	82.7134	RU	24238	Обь	ob'|обь
city	Gusinoozyorsk	51.2833	106.5000	RU	24083	Гусиноозёрск	bestuzhev|gusinoozerak|gusinoozyorsk|gusnooversk|shakhty|yelanovskiy|гусиноозерск
city	Kalachinsk	55.0522	74.5787	RU	24059	Калачинск	kalachinsk|kalanchinsk|kalatschinek|калачинск|калачынск
city	Jalolquduq	40.6892	72.6093	UZ	24000	Джалалкудук	dzhalakuduk|dzhalakunduk|dzhalya kuduk|dzhalya-kuduk|dzhalyakuduk|dzhalyal' kuduk|dzhalyal'-kuduk|dzhalyal'kuduk|dzhalyal-kuduk|jalolquduq|джалалкудук|жалакудук
city	Chinobod	40.8768	71.9726	UZ	24000	Чинобод	chinabad|chinobod|chinovat|tschinabad|чинобод
city	Hisor	38.5250	68.5512	TJ	23978	Гиссар	gissar|hisor|khisor|staryy gissar|гиссар|хисор
city	Davlekanovo	54.2176	55.0306	RU	23952	Давлеканово	davlekanova|davlekanovo|davlekaovo|dawlekanowo|давлеканово|даулеканава|дөөлөкөн
city	Nizhniy Lomov	53.5304	43.6766	RU	23835	Нижний Ломов	nizhni lamov|nizhniy lomov|нижний ломов
city	Troitskaya	43.3066	44.9840	RU	23745	Троицкая	troitskaya|троицкая
city	Raychikhinsk	49.7957	129.4035	RU	23745	Райчихинск	raychikhihsk|raychikhinsk|райчихинск|райчихінськ|райчыхінск
city	Bezenchuk	52.9806	49.4320	RU	23736	Безенчук	bezenchuk|borodinskiy|byrodinskiy|безенчук|безянчук
city	Khromtau	50.2516	58.4357	KZ	23715	Хромтау	hromtau|khrom tai|khrom-tai|khromtai|khromtau|хромтау
city	Chinoz	40.9363	68.7613	UZ	23700	Чиноз	chinaz|chinoz|cinaz|tschin|чиназ|чиноз
city	Boshkengash	38.4661	68.8053	TJ	23696	Boshkengash	bashkyngash|boshkengash|boshkengosh
city	Lensk	60.7238	114.9345	RU	23694	Ленск	lensk|mukhtuya|ленск|ленскей|ленськ
city	Yershov	51.3559	48.2727	RU	23681	Ершов	jerschow|yershov|yershovo|ершов|яршоу
city	Olenegorsk	68.1432	33.2529	RU	23670	Оленегорск	olenegorsk|oleneqorsk|аленягорск|оленегорск
city	Dalyoni Bolo	39.7490	68.9957	TJ	23670	Далёни Боло	dal'yan bolo|dalyan bolo|dalyoni bolo|verkhm dalyan|verkhni dalyan|verkhniy dal'yan|verkhniy dalyan|далени боло
city	Bogotol	56.2045	89.5332	RU	23622	Боготол	bogotol|borotol|багатол|боготол
city	Dudinka	69.4058	86.1778	RU	23619	Дудинка	dudinka|dudinskoe|дудзінка|дудинка|дудинка шаары|дудінка
city	Tash-Kumyr	41.3461	72.2171	KG	23594	Таш-Кумыр	naryn|tash kumyr|tash-kumyr|tashkumyr|таш кумыр|таш-кумыр|ташкумыр
city	Semikarakorsk	47.5168	40.8083	RU	23583	Семикаракорск	semikarakorsk|semikarakorskaya|semikarakorskiy|semikarakovskaya|семикаракорск|семикаракорськ|семікаракорск
city	Lyskovo	56.0293	45.0423	RU	23570	Лысково	lyskovo|лисково|лыскава|лысково
city	Agdas	40.6470	47.4738	AZ	23528	Агдаш	ag'dash|agdas|agdasch|agdash|aghdash|akdash|агдаш
city	L'govskiy	51.6307	35.2775	RU	23500	Льгов	l'govskiy|lgovskiy|льгов|льговский
city	Kabanovo	55.7482	38.9351	RU	23414	Кабаново	kabanova|kabanovo|кабаново
city	Luninyets	52.2486	26.8006	BY	23396	Лунинец	luninets|luniniez|luninyets|лунинец|лунінец
city	Fedorovskiy	61.6063	73.7142	RU	23375	Федоровский	fedorovskiy|федоровский
city	Lermontov	44.1072	42.9780	RU	23369	Лермонтов	lermontov|lermontovskiy|lumontov|лермантау|лермонтов
city	Divichibazar	41.2012	48.9871	AZ	23248	Дивичи	divachi|divichi|divichibazar|sabran|shabran|дивичи|дивичибазар|дивичибазор
city	Vel'sk	61.0692	42.0992	RU	23126	Вельск	bel'sk|belsk|vel'sk|velsk|вельск|вельськ
city	Haciqabul	40.0387	48.9429	AZ	23102	Кази-Магомед	adshikabul|adzha kabul|adzha-kabul|adzhakabul|adzhikabul|aja kabul|haciqabul|kasi mahomed|kasi-mahomed|kasimahomed|kazi magomed|kazi magomet|kazi mahomed|kazi-magomed|kazi-magomet|kazimagomed|kazimagomet|кази магомед|кази-магомед|казимагомед|хачмас
city	Belovodskoye	42.8294	74.1083	KG	23046	Беловодское	belovodskoe|belovodskoye|stalinskoye|беловодское
city	Otradnaya	44.3932	41.5193	RU	22985	Отрадная	otradnaja|otradnaya|отрадная
city	Bavly	54.3976	53.2512	RU	22982	Бавлы	bavly|бавлы
city	Krychaw	53.7192	31.7136	BY	22973	Кричев	krichev|krychaw|krytchev|кричев|крычау
city	Lebedyan'	53.0153	39.1446	RU	22970	Лебедянь	lebedjan|lebedyan|lebedyan'|лебедянь
city	Il'skiy	44.8422	38.5669	RU	22970	Ильский	il'skaya|il'skiy|ilskaya|ilskiy|ильский
city	Mendeleyevsk	55.8969	52.3112	RU	22969	Менделеевск	bondyushskiy zavod|bondyuzhski zavod|bondyuzhskiy|bondyuzhskiy zavod|mendeleyevsk|менделеевск
city	Ardahan	41.1087	42.7022	TR	22927	Ардаган	ardagan|ardahan|ardakhan|ардаган|ардахан
city	Dankov	53.2498	39.1441	RU	22913	Данков	dankov|dankovo|данков|данкоу
city	Narian-Mar	67.6678	53.0979	RU	22912	Narian-Mar	narian mar|narian-mar|narianmar
city	Comrat	46.2949	28.6571	MD	22911	Комрат	comrat|komrad|komrat|qimli|камрат|комрат|кымты
city	Shahriston	39.7745	68.8093	TJ	22903	Шахристон	shahriston|shakhrislan|shakhristan|verkhne dal'yan|verkhne-dal'yan|verkhne-dalyan|verkhnedal'yan|шахристон
city	Edinet	48.1732	27.3008	MD	22872	Единцы	edinet|ediniti|edintsy|yedintsy tyrg|yedintsy-tyrg|yedintsytyrg|единцы|эдинец
city	Severskaya	44.8539	38.6792	RU	22849	Северская	severskaya|sewerskaja|северская
city	Danghara	38.0958	69.3400	TJ	22824	Дангара	dangar|dangara|danghara|дангара
city	Artashat	39.9548	44.5487	AM	22800	Арташат	armenian carthage|artashat|kamarl|kamarlu|kamarlyu|арташат
city	Tashtagol	52.7680	87.8880	RU	22779	Таштагол	tashtagol|tashtapol|tashtogol|таштагол
city	Suehbaatar	50.2314	106.2078	MN	22741	Сухэ-Батор	suehbaatar|sukhbaatar|sukhe bator|sukhe batur|sukhe-bator|sukhebator|сухбоатар|сухэ батор|сухэ-батор|сухэбатор|сүхбаатар
city	Undurkhaan	47.3194	110.6556	MN	22741	Ундурхаан	tsetsen khan|tsetsen khan's palace|tsetsen khans palace|under khan|under-khan|underkhan|undur khan|undurhan|undurkhaan|undurxon|ундурхаан|ундурхон|өндөрхаан
city	Koz'modem'yansk	56.3321	46.5606	RU	22700	Козьмодемьянск	koz'modem'yansk|kozmedemyansk|kozmodemyansk|козьмодемьянск
city	Onega	63.9057	38.0994	RU	22693	Онега	onega|онега
city	Kirovgrad	57.4313	60.0617	RU	22685	Кировград	kalata|kirovgrad|kirovqrad|калата|кировград|кірауград|кіровград
city	Novotitarovskaya	45.2376	38.9806	RU	22630	Новотитаровская	novotitarovskaya|nowo titarowskaja|nowo-titarowskaja|nowotitarowskaja|новотитаровская
city	Nizhnyaya Tura	58.6237	59.8523	RU	22600	Нижняя Тура	nijnyaya tura|nizhnaya tura|nizhnyaya tura|нижня тура|нижняя тура|ніжняя тура
city	Medvedevo	56.6340	47.8035	RU	22555	Медведево	medvedevo|медведево
city	Vikhorevka	56.1213	101.1777	RU	22500	Вихоревка	vikhorevka|вихоревка
city	Qorako'l	39.5333	63.8333	UZ	22487	Каракуль	kara kal|karakul|karakul'|stantslya karakul|stantslya-karakul|stantslyakarakul|каракуль
city	Vereshchagino	58.0782	54.6565	RU	22451	Верещагино	bereshchagino|bereshchangino|vereshchagino|верещагино
city	Quba	41.3611	48.5134	AZ	22405	Куба	kuba|kuwa|quba|губа|куба|кұба
city	Shakhun'ya	57.6760	46.6117	RU	22400	Шахунья	shakhun'ya|shakhunya|шахунья
city	Sergach	55.5277	45.4568	RU	22361	Сергач	sergach|сергач
city	Bryukhovetskaya	45.7996	38.9967	RU	22309	Брюховецкая	bryukhovetskaya|брюховецкая
city	Aghsu	40.5703	48.4009	AZ	22300	Ахсу	aghsu|akhsu|aksu|aqsu|агсу|ахсу
city	Ivatsevichi	52.7079	25.3351	BY	22189	Ивацевичи	fol'vark ivatseviche|folvark ivatseviche|ivantsevichi|ivatsevichi|ivatsevichy|iwacewicze|twacewicze|ивацевичи|івацэвічы
city	Nyandoma	61.6718	40.2122	RU	22179	Няндома	nyandoma|няндома
city	Novaya Usman'	51.6435	39.4114	RU	22165	Новая Усмань	novaya usman|novaya usman'|novo usman'|novo-usman|novo-usman'|novousman'|sobakino|usman|usman sobakino|usman' sobakino|нов усмань|новая усмань
city	Lodeynoye Pole	60.7256	33.5606	RU	22164	Лодейное Поле	lodeinoje pole|lodeyana|lodeynoye pole|лодейное поле
city	Svetlyy	54.6750	20.1347	RU	22119	Светлый	svetlyj|svetlyy|светлый
city	Losino-Petrovskiy	55.8701	38.1932	RU	22116	Лосино-Петровский	losino petrovskiy|losino-petrovskiy|losinopetrovskiy|лосино петровский|лосино-петровский|лосинопетровский
city	Moskovskiy	37.6093	68.5809	TJ	22100	Московский	moskovskiy|московский
city	Staraya Kupavna	55.8080	38.1805	RU	22099	Старая Купавна	kupavna|staraya kupavna|купавна|старая купавна
city	Pikalevo	59.5183	34.1664	RU	22072	Пикалёво	pikalevo|pikalyovo|пикалево
city	Kalbatau	49.3301	81.5727	KZ	22047	Георгиевка	georgievskaya|georgiyevka|kalbatau|георгиевка|калбатау
city	Ryazhsk	53.7059	40.0804	RU	22041	Ряжск	ryazhsk|ражск|ряжск
city	Igra	57.5549	53.0544	RU	22033	Игра	igra|игра
city	Chishmy	54.5902	55.3820	RU	22000	Чишмы	chishmy|чишмы
city	Roshal'	55.6685	39.8749	RU	21951	Roshal’	roshal|roshal'
city	Sysert'	56.5017	60.8198	RU	21942	Сысерть	sysert|sysert'|сысерть
city	Toguchin	55.2380	84.4028	RU	21886	Тогучин	goguchin|toguchin|toruchin|тогучин
city	Luchegorsk	46.4446	134.2934	RU	21833	Лучегорск	luchegorsk|лучегорск|лучегорськ
city	Linevo	54.4589	83.3764	RU	21816	Линёво	linevo|линево
city	Kizel	59.0471	57.6477	RU	21807	Кизел	kizel|кизел|кізел
city	Bakal	54.9417	58.8083	RU	21762	Бакал	bakal|бакал
city	Hulbuk	37.8054	69.6452	TJ	21736	Hulbuk	aral|hulbuk|imeni vose|kal khaz|kolkhozabad|paytok|vose|vose'|восеъ|хулбук
city	Farkhor	37.4922	69.4036	TJ	21736	Фархор	farkhor|parkbar|parkhar|фархор
city	Causeni	46.6374	29.4109	MD	21690	Каушаны	causeni|kauseni|kaushani|kaushani noui|kaushani-noui|kaushaninoui|kaushany|novo kaushani|novyye kaushany|novyye keushani|каусены|каушани|каушаны
city	Khadyzhensk	44.4258	39.5362	RU	21685	Хадыженск	khadyzhensk|khadyzhenskaya|khadyzhenskiy|khadyzhensky|khadyzhy|хадиженск|хадиженськ|хадыженск|хадыжэнск
city	Tsetserleg	47.4750	101.4542	MN	21620	Цэцэрлэг	cecerleg|tsetserleg|tsetserlig|tsetserlig khoto|tsetserlig-khoto|tsetserligkhoto|tsetserlik|tsetserurigu|цэцэрлэг
city	G'azalkent	41.5581	69.7708	UZ	21600	Газалкент	g azalkent|g'azalkent|gazalkent|ghazalkent|газалкент
city	Juma Shahri	39.7161	66.6642	UZ	21500	Жума Шаары	dzhuma|juma|juma shahri|жума шаары|жұма каласы
city	Shimanovsk	52.0032	127.6762	RU	21466	Шимановск	shimanovsk|shimanovskaya|shimanovskiy|shimanovskoye|шимановск|шимановськ|шыманоуск
city	Kovylkino	54.0372	43.9187	RU	21400	Ковылкино	kovykino|kovylkino|кавылкіна|ковилкино|ковилкіно|ковылкино
city	Otradnoye	59.7775	30.8181	RU	21397	Отрадное	otradnoye|отрадное
city	Paxtakor Shahri	40.3118	67.9567	UZ	21384	Paxtakor Shahri	pakhtakor|paxtakor|paxtakor shahri
city	Zhangaqorghan	43.9065	67.2464	KZ	21339	Яныкурган	yani kurgan|yani-kurgan|yanikurgan|yany kurian|yany-kurian|yanykurgan|yanykurian|zhanakorgan|zhangaqorghan|жанакорган|жаңакорган|яныкурган
city	Lenger	42.1815	69.8858	KZ	21238	Ленгер	kopi lenger|kopi-lenger|kopilenger|lenger|lenger ugol'|lenger-ugol|lenger-ugol'|lengerskaya|lengerskij|lengerskiy|lengerugol'|lengir|ленгер|ленгір
city	Sheksna	59.2100	38.5107	RU	21197	Шексна	nikol'skoye|nikolskoye|sheksna|шексна
city	Abdulino	53.6858	53.6555	RU	21195	Абдулино	abdulino|абдулино|абдуліна|абдуліно
city	Yarovoye	52.9266	78.5751	RU	21195	Яровое	yarovoy|yarovoye|яровое
city	Terek	43.4833	44.1378	RU	21180	Терек	terek|терек
city	Oyrat	41.9458	59.9089	TM	21160	Oyrat	kyzyl oktyabr'|kyzyl-oktyabr|kyzyl-oktyabr'|kyzyloktyabr'|oktyabr|oktyabr'|oyrat
city	Lebedinovka	42.8845	74.6782	KG	21118	Лебединовка	lebedinka|lebedinovka|лебединовка
city	Zelenchukskaya	43.8550	41.5902	RU	21117	Зеленчукская	zelenchugskaya|zelenchukskaya|зеленчукская
city	Suvorov	54.1223	36.4966	RU	21059	Суворов	suvorov|suvorovskiy|суворов|суворовский
city	Novy Oskol	50.7633	37.8642	RU	21035	Новый Оскол	novo oskol|novy oskol|novyy oskol|новый оскол
city	Gazojak	41.1875	61.4036	TM	21021	Газаджак	gaz achak|gaz-achak|gazachak|gazajak|gazojak|qazocaq|газаджак
city	Burunday	43.3557	76.8548	KZ	20996	Бурундай	baranday|boralday|burunday|боралдай|бурундай
city	Dugulubgey	43.6625	43.5369	RU	20965	Дугулубгей	dugulubgey|kyzburun tretiy|дугулубгей
city	Berezovka	56.0371	93.1268	RU	20913	Берёзовка	berejovskij|bereyovski|berezovka|березовка
city	Kurchaloy	43.2049	46.0878	RU	20903	Курчалой	chkalovo|kurchaloy|курчалой
city	Khot'kovo	56.2570	37.9954	RU	20872	Хотьково	khot'kovo|khotkovo|хотьково
city	Priyutovo	53.9000	53.9333	RU	20847	Приютово	priyutovo|приютово
city	Novomichurinsk	54.0384	39.7479	RU	20821	Новомичуринск	novomichurinsk|novomikhurinsk|новомичуринск
city	Gazakh	41.0925	45.3656	AZ	20800	Казах	gazakh|kasach|kasachisee|kazah|kazakh|qazakh|qazax|qazox|газах|казак|казах|казок
city	Halac	38.0720	64.8794	TM	20778	Халач	halac|khalach|халач
city	Sortavala	61.7123	30.7095	RU	20760	Сортавала	sorravala|sortavala|сортавала
city	Elektrogorsk	55.8843	38.7864	RU	20724	Электрогорск	elektrogorsk|elektroperedacha|elektroperedachr|elektroqorsk|електрогорськ|электрагорск|электрогорск
city	Surovikino	48.6097	42.8569	RU	20677	Суровикино	surovikino|суравікіна|суровикино|суровікіно
city	Bobrov	51.0984	40.0301	RU	20587	Бобров	bobrov|bobrow|borrov|баброу|бобров
city	Toktogul	41.8744	72.9419	KG	20577	Токтогул	toktogul|токтогул
city	Nytva	57.9377	55.3414	RU	20525	Нытва	nytva|нитва|нытва
city	Ushtobe	45.2526	77.9828	KZ	20492	Уштобе	ush tyube|ush-tyube|ushtobe|ushtyube|уштобе|үштөбе
city	Chernogolovka	56.0012	38.3649	RU	20483	Черноголовка	chernogolovka|черноголовка|чорноголовка
city	Gubkinskiy	64.4340	76.5026	RU	20463	Губкинский	gubkinskiy|губкинский
city	Kirguli	40.4355	71.7672	UZ	20459	Kirguli	kirgili|kirguli
city	Sobinka	55.9900	40.0205	RU	20458	Собинка	sobinka|собинка|собінка
city	Kalach	50.4250	41.0159	RU	20449	Калач	kalach|kalatsch|калач
city	Tartar	40.3420	46.9316	AZ	20400	Тертер	mir bashir|tartar|terter|тертер
city	Saatli	39.9321	48.3689	AZ	20300	Саатлы	saatli|saatly|saotly|саатли|саатлы|сотли
city	Buinsk	54.9742	48.2909	RU	20266	Буинск	bua|buinsk|буинск|буінск
city	Karachayevsk	43.7723	41.9137	RU	20264	Карачаевск	karachayevsk|klukhori|mikojan schachar|mikojan-schachar|mikojanschachar|mikopi shakhar|mikoyan shakhar|mikoyan-shakhar|mikoyanshakhar|карачаевск
city	Xo'jaobod	40.6689	72.5600	UZ	20200	Xo‘jaobod	khodzhaabad|khodzhavat|khodzhiabad|khoji abad|khoji-abad|khojiabad|kojo abad|kojo-abad|kojoabad|xo jaobod|xo'jaobod|xojaobod|xujaobod
city	Kojomkul	42.8738	74.4406	KG	20182	Военно-Антоновка	kojomkul|voyenno antonovka|voyenno antonovskoye|voyenno-antonovka|voyenno-antonovskoye|voyennoantonovka|voyennoantonovskoye|военно антоновка|военно-антоновка|военноантоновка|кожомкул
city	Sredneuralsk	56.9892	60.4666	RU	20169	Среднеуральск	sredneuralsk|среднеуральск|сярэдняуральск
city	Cherepanovo	54.2239	83.3806	RU	20125	Черепаново	cherepanovo|черепаново
city	Tyrnyauz	43.3828	42.9183	RU	20104	Тырныауз	tyrny aus|tyrny-aus|tyrnyaus|tyrnyauz|тирниауз|тырныауз
city	Shemonaikha	50.6290	81.9109	KZ	20087	Шемонаиха	shemonaikha|шемонаиха
city	Beloyarskiy	63.7119	66.6722	RU	20087	Белоярский	beloyarskiy|белоярский
city	Pushchino	54.8337	37.6114	RU	20072	Пущино	pushchino|pushchino na oke|pushchino-na-oke|pushchinonaoke|пушино|пушчына|пущино
city	Zhosaly	45.4878	64.0781	KZ	20065	Джусалы	dzhusaly|jusaly|karmakchi|zhosaly|zhusaly|джусалы|жосалы
city	Rayevskiy	54.0640	54.9338	RU	20060	Раевский	raevka|rayevskiy|раевка|раевский
city	Isil'kul'	54.9121	71.2718	RU	20050	Исилькуль	isil kol|isil'kul'|isilkul|jssil kui|jssil-kui|jssilkui|исилькуль
city	Zavety Il'icha	56.0428	37.8515	RU	20000	Заветы Ильича	zavety il'icha|zavety ilicha|заветы ильича
city	Khosta	43.5148	39.8683	RU	20000	Хоста	khosta|хоста
city	Elektrougli	55.7244	38.2091	RU	20000	Электроугли	elektrougli|elektrouqli|електроуглі|электравуглі|электроугли
city	Andreyevskoye	55.5549	37.9257	RU	20000	Андреевское	andreyevka|andreyevskaya|andreyevskoye|андреевское
city	Dagomys	43.6697	39.6686	RU	20000	Дагомыс	dagomys|дагомыс
city	Vnukovo	55.6119	37.2961	RU	20000	Внуково	vnukovo|внуково
city	Vrangel'	42.7301	133.0838	RU	20000	Врангель	vrangel|vrangel'|врангель
city	Sultonobod	40.7646	72.9765	UZ	20000	Султанабад	sultanabad|sultonobod|султанабад|султонобод
city	Yessentukskaya	44.0258	42.8749	RU	19956	Ессентукская	yessentukskaya|ессентукская
city	Yeniseysk	58.4507	92.1724	RU	19920	Енисейск	eniseisk|yeniseisk|yeniseyevo|yeniseysk|енисейск
city	Usman'	52.0448	39.7257	RU	19910	Усмань	usman|usman'|усмань
city	Yur'yev-Pol'skiy	56.5046	39.6793	RU	19906	Юрьев-Польский	yur'yev pol'skiy|yur'yev-pol'skiy|yur'yevpol'skiy|yurev polski|yuryev-polskiy|юрьев польский|юрьев-польский|юрьевпольский
city	Mar'ina Gorka	53.5090	28.1470	BY	19892	Марьина Горка	mar''ina horka|mar'ina gorka|marina gorka|marina horka|maryina gorka|мар'іна горка|марьина горка|маріна горка
city	Saynshand	44.8824	110.1163	MN	19891	Сайншанд	buyant uhaa|buyant-uhaa|buyantuhaa|dalai sain shanda|dalay sayn shanda|darai sain shanda|sain shand|sain shanda|sain-shand|sainshand|sayn shanda|sayn shenda|sayn-shenda|saynshand|saynshenda|сайншанд
city	Telavi	41.9196	45.4700	GE	19875	Телави	t'elavi|telav|telavi|telawi|telev|телави
city	Monino	55.8424	38.1936	RU	19852	Монино	monin|monino|монино
city	Kusa	55.3450	59.4400	RU	19818	Куса	kusa|куса
city	Goygol	40.5858	46.3189	AZ	19800	Гёйгёль	goygol|khanlar|kol yelendorf|kol-yelendorf|kolyelendorf|xanlar|yelenendorf|гейгель
city	Massy	41.0601	72.6329	KG	19774	Ленин-Джол	lenin dzhol|lenin-dzhol|lenindzhol|leninjol|massy|ленин джол|ленин-джол|ленинджол|массы
city	Karachev	53.1225	34.9849	RU	19757	Карачев	karachev|karatschew|карачев
city	Inza	53.8534	46.3513	RU	19737	Инза	i nza|inza|инза|інза
city	Petrovsk-Zabaykal'skiy	51.2758	108.8471	RU	19713	Петровск-Забайкальский	petrovsk|petrovsk zabaikal'skiy|petrovsk zabaikalski|petrovsk zabaikalskiy|petrovsk zabaykal'skiy|petrovsk-zabaikalski|petrovsk-zabaykal'skiy|petrovsk-zabaykalskiy|petrovski zabaikalski|petrovskiy zavod|petrovskzabaikalski|petrovskzabaykal'skiy|петровск забайкальский|петровск-забайкальский|петровскзабайкальский
city	Zhukovka	53.5338	33.7308	RU	19690	Жуковка	zhukovka|жуковка
city	Alagir	43.0425	44.2202	RU	19665	Алагир	alagir|алагир|алагір
city	Bikin	46.8129	134.2501	RU	19659	Бикин	bikin|бикин|бікін
city	Bo`ka	40.8111	69.1942	UZ	19642	Bo‘ka	bo ka|bo'ka|boka|buka
city	Kotel'nikovo	47.6301	43.1416	RU	19622	Котельниково	kotel'nikovo|kotel'nikovskiy|kotelnikovo|kotelnikovskiy|kotelnikowo|kotelnikowskij|котельниково
city	Borodino	55.9076	94.9118	RU	19602	Бородино	borodino|барадзіно|бородино
city	Podporozh'ye	60.9100	34.1619	RU	19600	Подпорожье	podporoshje|podporozh'ye|podporozh'ye verkhneye|podporozh'ye-verkhneye|podporozh'yeverkhneye|podporozhye|podporozhye-verkhneye|подпорожье
city	Ostashkov	57.1469	33.1066	RU	19563	Осташков	ostaschkow|ostashkov|асташкау|осташков
city	Chubek	37.6145	69.7053	TJ	19563	Чубек	chubek|moskovskiy|чубек
city	Yaransk	57.3050	47.8739	RU	19557	Яранск	yaransk|яранск
city	Neftegorsk	52.8013	51.1655	RU	19542	Нефтегорск	neftegorsk|нефтегорск
city	Kovdor	67.5663	30.4777	RU	19518	Ковдор	kovdor|каудор|ковдор
city	Gorodishche	48.8026	44.4749	RU	19509	Городище	gorodishche|городище
city	Ijevan	40.8804	45.1478	AM	19500	Иджеван	i cevan|idzhevan|ijevan|karvansara|karvansaray|иджеван|іджеван
city	Kozel'sk	54.0366	35.7709	RU	19500	Козельск	kozel'sk|kozelsk|козельск
city	Proletarsk	46.7024	41.7249	RU	19493	Пролетарск	proletarsk|proletarskaja|proletarskaya|пралетарск|пролетарск|пролетарськ
city	Akhtyrskiy	44.8546	38.3031	RU	19468	Ахтырский	akhtyrskiy|ахтырский
city	Shusha	39.7601	46.7499	AZ	19400	Шуша	shoushi|shusha|shushi|susa|суса|суша|шуша
city	Ivdel'	60.6911	60.4206	RU	19379	Ивдель	ivdel|ivdel'|ивдель
city	Chiroqchi	39.0336	66.5722	UZ	19356	Chiroqchi	chirakchi|chirakchya|chiroqchi
city	Novopokrovskaya	45.9576	40.6981	RU	19342	Новопокровская	novopokrovskaya|новопокровская|новопокровська
city	Katav-Ivanovsk	54.7526	58.2014	RU	19339	Катав-Ивановск	katav ivanovsk|katav ivanovskiy|katav-ivanovsk|katav-ivanovskiy|katavivanovsk|katavivanovskiy|катав ивановск|катав івановськ|катав-ивановск|катав-івановськ|катавивановск|катавівановськ|катау іванауск|катау-іванауск|катауіванауск
city	Orlovskiy	46.8744	42.0522	RU	19325	Орловский	orlovka|orlovskaya|orlovskiy|орловский
city	Yelizavetinskaya	45.0462	38.7949	RU	19306	Елизаветинская	jelisawetinskaja|yelizavetinskaya|елизаветинская
city	Nikol'skoye	59.7006	30.7847	RU	19280	Никольское	nikol'skoye|nikolskoye|никольское
city	Balykshi	47.0667	51.8667	KZ	19260	Балыкши	balykshi|balyqshy|belykshi|балыкши|балыкшы
city	Novoanninskiy	50.5283	42.6746	RU	19231	Новоаннинский	annenskiy|novaya annenskaya|novo annenskiy|novo-annenskiy|novoannenka|novoannenskaya|novoannenskiy|novoanninskiy|новоаннинский
city	Straseni	47.1422	28.6077	MD	19225	Страшены	straseni|strasheni|страшены
city	Agidel'	55.9087	53.9344	RU	19217	Агидель	agidel|agidel'|takmalachuk|агидель
city	Shchigry	51.8760	36.9053	RU	19198	Щигры	schtschigry|shchigary|shchigry|suchigry|шигри|шчыгры|щигри|щигры
city	Nesterovskaya	43.2386	45.0503	RU	19186	Нестеровская	nesterovskaya|nesterowskaja|нестеровская
city	Kurovskoye	55.5818	38.9199	RU	19173	Куровское	kuovskaya|kurovskaya|kurovskoye|куровское|куровське
city	Rybnoye	54.7253	39.5130	RU	19159	Рыбное	rybnoe|rybnoje|rybnoye|рыбное
city	Anna	51.4901	40.4224	RU	19148	Анна	anna|tulinovo|анна
city	Uva	56.9908	52.1852	RU	19143	Ува	uva|uya|ува
city	Kyurdarmir	40.3426	48.1565	AZ	19088	Кюрдамир	kiordamir|kjurdamir|kurdemir|kyurdamir|kyurdarmir|кюрдамир|күрдемир|күрдәмір
city	Fanipol	53.7500	27.3334	BY	19006	Фаниполь	fanipol|фанiпаль|фаниполь
city	Pruzhany	52.5546	24.4548	BY	18994	Пружаны	pruzana|pruzhana|pruzhany|пружаны
city	Vorgashor	67.5836	63.7940	RU	18946	Воргашор	vorgashor|воргашор
city	Gavar	40.3540	45.1239	AM	18900	Гавар	gavar|kyavar|nor bajaset|nor-bajaset|norbajaset|гавар
city	Tal'menka	53.8215	83.5706	RU	18900	Тальменка	tal'menka|tal'menskoye|talmenka|talmenskoye|тальменка
city	Beshkent	38.8214	65.6531	UZ	18900	Бешкент	beshkent|bish kent|bish-kent|bishkent|бешкент
city	Skhodnya	55.9481	37.2978	RU	18897	Сходня	skhodnya|сходня
city	Konstantinovsk	47.5811	41.0934	RU	18876	Константиновск	konstantinovsk|konstantinovskaya|konstantinovskiy|konstantinowskaja|konstantinowskoje|канстанцінауск|константиновск|константиновская|константиновськ
city	Otegen Batyra	43.4184	77.0219	KZ	18864	Отеген Батыра	energeticheskiy|otegen batyra|отеген батыра|энергетический|өтеген батыр
city	Manturovo	58.3258	44.7588	RU	18817	Мантурово	manturovo|мантурово
city	Slyudyanka	51.6621	103.7100	RU	18809	Слюдянка	sladyanka|sludyanka|slyadyanka|slyudyanka|слюдянка
city	Staroshcherbinovskaya	46.6303	38.6638	RU	18785	Старощербиновская	staro scherbinowskaja|staro schtscherbinowskaja|staro-scherbinowskaja|staroscherbinowskaja|staroshcherbinovskaya|starosherbinovskaya|старощербиновская
city	Shushenskoye	53.3236	91.9361	RU	18770	Шушенское	shush|shushenskoye|shushinskoe|шушанскае|шушенское|шушенське
city	Embi	48.8298	58.1504	KZ	18760	Эмба	amba|emba|embi|емба|эмба
city	Maqanshy	46.7817	82.0226	KZ	18754	Маканчи	makanchi|makanshi|maqanshy|маканчи|маканшы
city	Vyselki	45.5806	39.6574	RU	18746	Выселки	byselki|novosuvorovskaya|novosuvorovskoye|vyselki|выселки
city	Kalininsk	51.4978	44.4768	RU	18685	Калининск	balanda|kalininsk|калининск|калінінск|калінінськ
city	Neftcala	39.3768	49.2470	AZ	18661	Нефтечала	neftcala|neftchala|neftechala|nephte chala|poselok tresta|нефтечала|нефтчала|нефтчола
city	Bronnitsy	55.4211	38.2619	RU	18645	Бронницы	bronnitsi|bronnitsy|броннитси|бронницы|бронниці|бронніцы
city	Vanino	49.0982	140.2521	RU	18618	Ванино	vakino|vanino|ванино|ваніно
city	Talitsa	57.0109	63.7335	RU	18602	Талица	talitsa|талица|талиця|таліца
city	Agryz	56.5234	52.9943	RU	18601	Агрыз	agrys|agryz|агриз|агрыз
city	Toshloq	40.4772	71.7678	UZ	18600	Toshloq	tashlak|toshloq
city	Galich	58.3788	42.3463	RU	18594	Галич	galich|галич|галіч
city	Tarko-Sale	64.9161	77.7746	RU	18568	Тарко-Сале	tarka sale|tarka-sale|tarkasale|tarko sale|tarko-sale|tarkosale|tarsale|тарка сале|тарка-сале|таркасале|тарко сале|тарко-сале|таркосале
city	Turinsk	58.0457	63.6960	RU	18555	Туринск	turinsk|туринск|туринськ|турынск
city	Valday	57.9773	33.2515	RU	18549	Валдай	valday|waldai|валдай
city	Barysh	53.6498	47.1272	RU	18547	Барыш	barysh|бариш|барыш
city	Starodub	52.5850	32.7631	RU	18539	Стародуб	starodub|старадуб|стародуб
city	Chigiri	50.3357	127.5121	RU	18538	Чигири	chigiri|sovkhoz chigiri|чигири
city	Shumikha	55.2287	63.2855	RU	18499	Шумиха	schumicha|shumikha|шумиха|шуміха
city	Trudovoye	43.3027	132.0789	RU	18484	Трудовое	toudovoye|trudovoye|трудовое
city	Kolkhozobod	37.5882	68.6589	TJ	18476	Колхозобод	kaganovichabad|kaganowtschab|kolkhozabad|kolkhozobod|tugalan|tugolan|колхозобод
city	Pastavy	55.1168	26.8326	BY	18450	Поставы	pastavy|postavy|postawy|паставы|постави|поставы
city	Kyakhta	50.3496	106.4510	RU	18431	Кяхта	kyakhta|troitskosavsk|кяхта
city	Turar Ryskulov	42.5334	70.3496	KZ	18421	Турара Рыскулова	turar ryskulov|turar rysqulov|vannovka|vannovskoye|турара рыскулова|тұрар рыскұлов
city	Nezlobnaya	44.1181	43.4028	RU	18412	Незлобная	nezlobnaya|незлобная
city	Malakhovka	55.6478	38.0249	RU	18399	Малаховка	malakhovka|малаховка
city	Kinel'-Cherkassy	53.4669	51.4941	RU	18393	Кинель-Черкассы	kinel' cherkassy|kinel' cherkasy|kinel'-cherkassy|kinel'-cherkasy|kinel'cherkassy|kinel'cherkasy|kinel-cherkassy|kinel-cherkasy|кинель черкассы|кинель-черкассы|кинельчеркассы
city	Avtury	43.1634	46.0015	RU	18370	Автуры	avturi|avtury|novosadovoye|автуры
city	Ardon	43.1789	44.2946	RU	18313	Ардон	ardon|ардон
city	Priozersk	61.0403	30.1392	RU	18300	Приозерск	keksgol'm|keksgolm|keksholm|kexholm|korela|kyakisalmi|priozersk|yeksgol'm|yeksgolm|приозерск
city	Kotel'niki	55.6538	37.8623	RU	18300	Котельники	kotel'nika|kotel'niki|kotelnika|kotelniki|котельники
city	Do'stlik Shahri	40.5288	68.0315	UZ	18300	Do’stlik Shahri	do'stlik shahri|dostlik shahri|dustlik|dustlik shahri
city	Beloozyorskiy	55.4598	38.4436	RU	18297	Белоозёрский	beloozyorskiy|beloozyorsky|белоозерский
city	Nookat	40.2660	72.6183	KG	18228	Nookat	eski nookat|eski-nookat|eskinookat|iski naukat|iski-naukat|iskinaukat|nookat
city	Kharabali	47.4077	47.2539	RU	18223	Харабали	charabali|charabalinskoje|kharabali|харабали|харабалі
city	Afipskiy	44.9001	38.8426	RU	18209	Афипский	afipskiy|georgiafipskaya|georgiye afipskaya|georgiye-afipskaya|georgiyeafipskaya|афипский
city	Baruun-Urt	46.6806	113.2792	MN	18190	Баруун-Урт	baruun urt|baruun urta|baruun-urt|baruunurt|burunurt|dzhapkhalanta sharga|dzhapkhalanta-sharga|dzhapkhalantasharga|dzhibkhalantu sharga|dzhibkhalantu-sharga|dzhibkhalantusharga|jibhalanta sharga suma|jibholantu sharga sumu|jibhulantu sharga|sharga sume|баруун урт|баруун-урт|барууна өрт|барууна-өрт|баруунаөрт|баруунурт
city	Krasnovishersk	60.4073	57.0829	RU	18185	Красновишерск	krasnovishersk|vizhaikha|вижаиха|красновишерск
city	Pushkino (AZ)	39.4583	48.5450	AZ	18182	Билясувар	pushkino|билясувар|пушкино
city	Sel'tso	53.3683	34.1033	RU	18167	Сельцо	sel'tso|seltso|сельцо
city	Gaemi	37.9074	58.4704	TM	18148	Гями	gaemi|geami|gyami|гями
city	Norak	38.3892	69.3227	TJ	18122	Норак	norak|nurek|норак
city	Abaza	52.6530	90.0945	RU	18094	Абаза	abaza|абаза
city	Nar'yan-Mar	67.6387	53.0037	RU	18041	Нарьян-Мар	dzerzhinskiy|nar'yan mar|nar'yan-mar|nar'yanmar|narjan mar|naryan mar|naryan-mar|naryanmar|нар'ян мар|нар'ян-мар|нар'янмар|нарьян мар|нарьян-мар|нарьянмар|нарян-мар
city	Yasnogorsk	54.4809	37.6982	RU	18022	Ясногорск	laptevo|yasnogorsk|лаптево|ясногорск
city	Povorino	51.1981	42.2460	RU	18004	Поворино	povorino|poworino|proverino|паворына|поворино
city	Chegem	43.5672	43.5853	RU	18000	Чегем Первый	chegem|chegem pervyy|чегем|чегем первый
city	Izluchinsk	60.9794	76.9242	RU	18000	Излучинск	izluchinsk|излучинск
city	Belaya Glina	46.0812	40.8735	RU	17997	Белая Глина	belaja glina|belaya glina|glina|белая глина
city	Yegorlykskaya	46.5659	40.6571	RU	17978	Егорлыкская	yegorlkskaya|yegorlykskaya|егорлыкская
city	Kirsanov	52.6509	42.7348	RU	17975	Кирсанов	kirsanov|kirsanow|кирсанов|кірсанау
city	Kurtamysh	54.9097	64.4319	RU	17936	Куртамыш	kurtamysh|куртамиш|куртамыш
city	Kasli	55.8875	60.7548	RU	17911	Касли	kasli|kaslinskiy zavod|касли|каслі
city	Dobrush	52.4147	31.3143	BY	17901	Добруш	dobrush|добруш
city	Zhirnovsk	50.9788	44.7789	RU	17887	Жирновск	zhirnovoye|zhirnovsk|zhirnovskiy|zhirnoye|жирновск
city	Privolzhsk	57.3839	41.2916	RU	17864	Приволжск	privoljsk|privolzhsk|yakovlevskoye|приволжск
city	Nevel'	56.0200	29.9282	RU	17832	Невель	nevel|nevel'|newel|невель
city	Hlybokaye	55.1393	27.6914	BY	17807	Глубокое	glenboke|glubokoye|hlybokaje|hlybokaye|глубокое|глыбокае
city	Vobkent Shahri	40.0003	64.5021	UZ	17800	Vobkent Shahri	vabkend|vabkent|vobkent shahri|wobkent
city	Qo'shko'pir	41.5328	60.3470	UZ	17800	Qo’shko’pir	kosh kunir|koshkupyr|qo'shko'pir|qoshkopir|qushkupir
city	Zapolyarnyy	69.4260	30.8110	RU	17789	Заполярный	zapolyarnyy|заполярный
city	Aprelevka	55.5519	37.0801	RU	17780	Апрелевка	aprelevka|апрелевка|апрэлеука
city	Seydi	39.4816	62.9137	TM	17762	Сейди	neftezavodsk|seydi|сейди
city	Sayat	38.7839	63.8803	TM	17762	Sayat	sayat
city	Markova	52.2067	104.2177	RU	17756	Маркова	markova|маркова|марково
city	Kedrovka	55.5214	86.0951	RU	17752	Кедровка	kedrovka|кедровка
city	Makinsk	52.6329	70.4191	KZ	17711	Макинск	makinsk|макинск
city	Bolotnoye	55.6734	84.3946	RU	17704	Болотное	bolotinskoe|bolotnoye|болотное
city	Volgorechensk	57.4444	41.1634	RU	17700	Волгореченск	volgorechensk|волгореченск
city	Zimovniki	47.1462	42.4704	RU	17678	Зимовники	zimovniki|зимовники
city	Reftinskiy	57.0901	61.6769	RU	17673	Рефтинский	reftinskiy|рефтинский
city	Enem	44.9264	38.9058	RU	17665	Энем	enem|enem pervyy|энем
city	Svobody	44.0256	43.0503	RU	17661	Свободы	poselok seobody|poselok-seobody|poselokseobody|svobody|свободы
city	Hazorasp	41.3194	61.0742	UZ	17643	Hazorasp	hazorasp|khazarasp
city	Stowbtsy	53.4799	26.7351	BY	17603	Столбцы	stolbtsy|stolptse|stolptsy|stolpze|stowbtsy|столбцы|столбці|стоубцы
city	Ashtarak	40.2976	44.3615	AM	17600	Аштарак	achtarak|ashtarak|ashtarakats gyugh|ashtarakats' gyugh|аштарак
city	Zaysan	47.4666	84.8714	KZ	17600	Зайсан	zaisan|zaysan|зайсан
city	Istiqlol	40.5702	69.6418	TJ	17600	Табошар	istiqlol|taboshary|истиклол|табошар
city	Ivanovka	42.8878	75.0850	KG	17513	Ивановка	ivanovka|ivanovna|ивановка
city	Aginskoye	51.1075	114.5417	RU	17496	Агинское	aginskoe|aginskoye|агинское
city	Kholmskiy	44.8469	38.3850	RU	17494	Холмская	cholmskaja|kholmskaya|kholmskiy|xolmskaya|холмская|холмский|холмська
city	Baymak	52.5917	58.3113	RU	17493	Баймак	baymak|baymak tanalykovo|baymak-tanalykovo|baymaktanalykovo|баймак
city	Nizhnyaya Salda	58.0776	60.7202	RU	17473	Нижняя Салда	nizhnyaya salda|salda|нижняя салда
city	Yovon	38.3141	69.0378	TJ	17471	Ёвон	yavan|yovan|yovon|евон
city	Akhaltsikhe	41.6395	42.9860	GE	17445	Ахалцихе	achalziche|achalzych|akhalts'ikhe|akhaltsikh|akhaltsikhe|akhaltsykha|akhaltsykhe|ахалцихе|ахалцыхэ|ахалціхе
city	Saraktash	51.7874	56.3599	RU	17413	Саракташ	saraktash|саракташ
city	Lyepyel'	54.8814	28.6990	BY	17400	Лепель	lepel|lepel'|lyepyel|lyepyel'|лепель
city	Chudovo	59.1223	31.6812	RU	17377	Чудово	chudovo|tschudowo|чудово
city	Boksitogorsk	59.4778	33.8501	RU	17366	Бокситогорск	boksitogorsk|boksitoqorsk|баксітагорск|бокситогорск|бокситогорськ
city	Kantyshevo	43.2282	44.6332	RU	17363	Кантышево	kantyshevo|nartovo|nartovskoya|кантышево
city	Gavrilov-Yam	57.3026	39.8526	RU	17351	Гаврилов-Ям	gavrilov yam|gavrilov-yam|gavrilovyam|гаврилов ям|гаврилов-ям|гавриловям
city	Bulgan	48.8125	103.5347	MN	17348	Булган	bulagan|bulagan khan|bulagan somon|bulagan suma|bulagan sumu|bulagan-khan|bulagankhan|bulgan|bulgan han|болган|булган
city	Mehtar Lam	34.6714	70.2094	AF	17345	Митарлам	laghman|mehtar lam|mekhtarlam|metarlam|mextar lam|miterlam|мехтар лам|мехтар-лам|мехтари лом|мехтарлам|митарлам
city	Polyarnyy	69.2028	33.4370	RU	17332	Полярный	alexandrovsk|polyarny|polyarnyy|port alexandrovsk|полярный
city	Suvorovskaya	44.1901	42.6595	RU	17261	Суворовская	suvorovskaya|суворовская
city	Arsk	56.0925	49.8782	RU	17243	Арск	arsk|арск|арськ
city	Gribanovskiy	51.4502	41.9621	RU	17220	Грибановский	bol'shaya gribanovka|bolshaya gribanovka|gribanovskiy|gribanowka|грибановский
city	Promyshlennaya	54.9144	85.6397	RU	17216	Промышленная	promyshlennaya|прамышленная|промишленна|промышленная
city	Kochkor-Ata	41.0371	72.4832	KG	17177	Кочкор-Ата	kochkor ata|kochkor-ata|kochkorata|qo chqor ota|qo chqor-ota|qo chqorota|кочкор ата|кочкор-ата|кочкората|кучкор ота|кучкор-ота|кучкорота
city	Zaslawye	54.0114	27.2695	BY	17166	Заславль	zaslav|zaslavl|zaslavl'|zaslawye|заславль|заслауе
city	Pallasovka	50.0491	46.8855	RU	17139	Палласовка	bulbin|ney galka|ney-galka|neygalka|palassovka|pallasovka|pallassowka|паласаука|палласовка
city	Novoul'yanovsk	54.1477	48.3864	RU	17139	Новоульяновск	novoul'yanovsk|novoulyanovsk|новоульяновск
city	Gubadag	42.0795	59.9496	TM	17118	Губадаг	gubadag|imeni tel'mana|imeni telmana|tel'mansk|telmansk|губадаг
city	Pokachi	61.7198	75.3683	RU	17084	Покачи	pokachi|покачи
city	Plast	54.3691	60.8136	RU	17050	Пласт	plast|пласт
city	Ryl'sk	51.5714	34.6832	RU	17007	Рыльск	ryl'sk|rylsk|рыльск
city	Kalodzishchy	53.9440	27.7823	BY	17000	Колодищи	kalodzishchy|kolodishchi|калодзішчы|колодищи
city	Kudepsta	43.4955	39.8929	RU	17000	Кудепста	kudepsta|кудепста
city	Nevel'sk	46.6796	141.8559	RU	17000	Невельск	honto|khonto|nevel'sk|nevelsk|невельск
city	Yangirabot	40.0254	65.9609	UZ	17000	Yangirabot	yangirabad|yangirabod|yangirabot|yenirabat|жаңарабат|жаңы рабат|жаңы-рабат|жаңырабат
city	Dzuunmod	47.7069	106.9528	MN	16953	Дзуунмод	dzun mod|dzun modo|dzun-mod|dzun-modo|dzunmod|dzunmodo|dzuun modo|dzuunmod|zun mod|zun-mod|zunmod|дзуунмод|зуунмод
city	Kavalerovo	44.2716	135.0514	RU	16945	Кавалерово	kavalerovo|kavaletovo|kovalerovo|kovalevo|кавалерава|кавалерово
city	Medvedovskaya	45.4515	39.0249	RU	16941	Медведовская	medvedevskaya|medvedovskaya|medvyedovskaya|медведовская
city	Novouzensk	50.4632	48.1416	RU	16932	Новоузенск	novouzensk|наваузенск|новоузенск|новоузенськ
city	Hincesti	46.8309	28.5900	MD	16900	Хынчешты	ganchesty|gynchesht|gynchesht'|hincesti|hincheshti|khencheshti|khynchesht|khynchesht'|kotovsk|kotovskoye|котовск|хынчешты
city	Pridonskoy	51.6826	39.0676	RU	16896	Придонской	pridonskoy|придонской
city	Krasnoobsk	54.9198	82.9909	RU	16894	Краснообск	krasnoobsk|краснаобск|краснообск|краснообськ
city	Menzelinsk	55.7279	53.1022	RU	16858	Мензелинск	menzelinsk|minzele|мензелинск|мянзелінск
city	Tuchkovo	55.6011	36.4681	RU	16826	Тучково	tuchkovo|тучково
city	Danilov	58.1908	40.1708	RU	16808	Данилов	danilov|danilow|данилов|данілау
city	Oshmyany	54.4181	25.9373	BY	16804	Ошмяны	ashmyany|oshmyana|oshmyany|oszmiana|ашмяны|ошмяни|ошмяны
city	Vasil'yevo	55.8301	48.7173	RU	16800	Васильево	vasil'yevo|vasilevo|vasileyevo|vasilyevo|васильево
city	Druzhba	41.2222	61.3067	UZ	16800	Питнак	drujba|pitnak|sharlauk|питнак
city	Kukmor	56.1865	50.8940	RU	16795	Кукмор	kukmor|бол кукмор|кукмор
city	Achkhoy-Martan	43.1922	45.2835	RU	16779	Ачхой-Мартан	achkhoi martan|achkhoi-martan|achkhoimartan|achkhoy martan|achkhoy-martan|achkhoymartan|novosel'skoe|novosel'skoye|novoselskoe|novoselskoye|ачхой мартан|ачхой-мартан|ачхоймартан|новосельское
city	Akkol'	53.2962	69.6000	KZ	16773	Акколь	akkol|akkol'|акколь|аккөл
city	Belyy Yar	61.2649	73.2410	RU	16772	Белый Яр	belyy yar|белый яр
city	Plavsk	53.7084	37.2946	RU	16763	Плавск	plavsk|plavskiy|plavskoye|plawsk|sergiyevskoye|плавск|плавское|плауск|сергиевское
city	Floresti	47.8917	28.2934	MD	16759	Флорешты	floresht|floresht'|floreshti|floreshty|floresti|флорешты
city	Chelak Shahri	39.9200	66.8623	UZ	16727	Chelak	chelak|chelak shahri|chelek|chelekskiy rayon|payaryk|челек|шелек
city	Lakinsk	56.0193	39.9485	RU	16706	Лакинск	lakinsk|lakinskiy|лакинск|лакінск
city	Tuerkmengala	37.4247	62.3382	TM	16696	Туркменгала	tuerkmengala|turkmen kala|turkmen-kala|turkmengala|turkmenkala|туркменгала
city	Poronaysk	49.2204	143.0912	RU	16677	Поронайск	poronaysk|shikika|shikuka|shisuka|sikuka|поронайск
city	Ilanskiy	56.2354	96.0667	RU	16668	Иланский	ilanskiy|ilanskoe|ilanskoye|иланский
city	Balezino	57.9787	53.0138	RU	16618	Балезино	balezino|балезино|балезіно
city	Kashin	57.3592	37.6081	RU	16598	Кашин	kaschin|kashin|кашин|кашын
city	Severo-Zadonsk	54.0348	38.4017	RU	16569	Северо-Задонск	severo zadonsk|severo-zadonsk|severozadonsk|северо задонск|северо-задонск|северозадонск
city	Medvezh'yegorsk	62.9145	34.4586	RU	16551	Медвежьегорск	medvesh'va gora|medveshva gora|medvezh'yegorsk|medvezhegorsk|medvezhogorsk|medvezhya gora|medvezhyegorsk|medweshegorsk|медвежьегорск
city	Vostryakovo	55.3993	37.8083	RU	16509	Востряково	vostryakovo|востряково
city	Tasbuget	44.7702	65.5546	KZ	16455	Тасбогет	tasbuget|тасбогет|тасбугет|тасбөгет
city	Kochenevo	55.0136	82.2078	RU	16446	Коченёво	kochenevo|kochenova|konchenevo|koyschenewo|коченево
city	Proletar	40.1671	69.5016	TJ	16441	Мехрабад	dragomirovo|jabar rasulov|jabbor rasulov|proletar|proletarsk|мехрабад|пролетар
city	Yemva	62.5879	50.8634	RU	16404	Емва	yemva|zheleznodorozhnyy|емва
city	Zvenigorod	55.7340	36.8592	RU	16395	Звенигород	svenigorod|swenigorod|zvenigorod|zveniqorod|звенигород
city	Kupino	54.3668	77.3068	RU	16333	Купино	kupino|купино
city	Bykhov	53.5213	30.2308	BY	16296	Быхов	bychow|bykhaw|bykhov|star bykhov|staryy bykhov|бихов|быхау|быхов
city	Uliastay	47.7417	96.8444	MN	16265	Улиастай	chdzibkhalantu|chzhibgalantu somon|chzhibkhalantu|chzhibkholantu sumu|djibkhlantu|djibkhulantu|dzhibkhalantu|dzhibkholantu|dzhibkhulantu|javhlant|javkhlant|jawkhlant|jibhalanta|jibhalantu|jibholantu|jibhulantu|jibkhalantu|oulia sontai|oulia-sontai|ouliasontai|uliassutai|uliastai|uliastay|uliasutay|uliyassutai|uliyasutai|uliystoy|uljassutai|uljasutai|ulyaasatay|ulyasutay|uriyasutai|wu-li-ya-su-t'ai|wu-li-ya-su-tai|wu-lu-ya-su-t'ai|wu-lu-ya-su-tai|wuliyasut'ai|wuluyasut'ai|улиастай|улиасутай|уліастай|үлиәстай
city	Surkhakhi	43.1875	44.9019	RU	16215	Сурхахи	mamison|surkhakhi|surkhokhi|syrkhokh|сурхахи
city	Chunskiy	56.0919	99.6356	RU	16199	Чунский	chuna|chunskiy|чунский
city	Kamyzyak	46.1050	48.0782	RU	16191	Камызяк	kamysjak|kamyzyak|камызяк
city	Krasnogvardeyskoye	45.8449	41.5174	RU	16169	Красногвардейское	krasnogvardeyskoye|medvezh'ye|medvezhye|medweshe|molotovskoye|molotowskoje|moltovskoye|yevdokimovskoye|красногвардейское
city	Shilovo	54.3201	40.8796	RU	16159	Шилово	schilowo|shilovo|шилово
city	Gryazovets	58.8800	40.2525	RU	16133	Грязовец	gryazovets|грязовец
city	Trubchevsk	52.5803	33.7657	RU	16100	Трубчевск	trubchevsk|trubtschewsk|трубчевск
city	Sukhinichi	54.0999	35.3425	RU	16100	Сухиничи	suchinitschi|sukhinichi|сухиничи|сухінічы
city	Drochia	48.0369	27.8124	MD	16080	Дрокия	drochia|drokiya|drokiya sat|дрокия
city	Belidzhi	41.8918	48.4125	RU	16078	Белиджи	belidzhi|белиджи
city	Golitsyno	55.6093	36.9821	RU	16056	Голицыно	golitsino|golitsyno|golytsyno|галіцына|голитсино|голицыно|голіцино
city	Nikolayevsk	50.0281	45.4612	RU	16044	Николаевск	nikolaevsk|nikolaevskaya|nikolaevski|nikolajevska|nikolayevka|nikolayevsk|nikolayevskaya|nikolayevskiy|николаевск
city	Ahal	38.2198	58.0160	TM	16025	Ахал	ahal|ахал
city	Qusar	41.4275	48.4302	AZ	16022	Кусары	kusar|kusary|qusar|кусар|кусары|кұсар
city	Zherdevka	51.8543	41.4549	RU	16019	Жердевка	chibisovka|chibizovka|staraya zherdevka|zherdevka|жердевка
city	Tsotsin-Yurt	43.2421	46.0001	RU	15970	Цоцин-Юрт	oktjabr'skoe|oktjabrskoe|oktyabr'skoye|oktyabrskoye|tsatsan yurt|tsatsan-yurt|tsatsanyurt|tsotsin yurt|tsotsin-yurt|tsotsinyurt|цоцин юрт|цоцин-юрт|цоцинюрт
city	Merke	42.8718	73.1965	KZ	15934	Мерке	merke|мерке|меркі
city	Bodaybo	57.8535	114.2041	RU	15933	Бодайбо	bodaibo|bodaybo|бодайбо
city	Pestovo	58.5938	35.8024	RU	15910	Пестово	pestovo|pestowo|пестово
city	Melenki	55.3358	41.6275	RU	15902	Меленки	melenki|меленки|меленкі
city	Nesvizh	53.2219	26.6768	BY	15897	Несвиж	nes'vezh|nesvezh|nesvizh|nyasvizh|несвиж|нясвіж
city	Pokrov	55.9180	39.1724	RU	15867	Покров	pokrov|пакроу|покров
city	Petushki	55.9272	39.4607	RU	15866	Петушки	novyye petushki|petushki|петушки|петушкі
city	Mezgor'e	54.0498	57.8171	RU	15861	Межгорье	mezgor'e|mezgore|межгорье
city	Arzgir	45.3741	44.2198	RU	15838	Арзгир	arsgir|arzgir|арзгир
city	Zytkavicy	52.2168	27.8561	BY	15788	Житковичи	jitkovichi|zhitkovichi|zhytkavichy|zytkavicy|житковичи|житковичі|жыткавычы|жыткавічы
city	Ujar	40.5190	47.6542	AZ	15741	Уджары	ucar|udshary|udzhar|udzhara|udzhary|ujar|уджары|ужар|ужор|ұжар
city	Svetogorsk	61.1121	28.8632	RU	15733	Светогорск	enso|esno|svetogorsk|светагорск|светогорск
city	Persianovka	47.5273	39.4193	RU	15730	Персиановский	persianovka|persianovskiy|персиановка|персиановский
city	Venev	54.3507	38.2630	RU	15700	Венёв	venev|venyov|венев|вянеу
city	Divnoye	45.9097	43.3494	RU	15700	Дивное	divnoye|diwnoje|дивное
city	Semender	42.9856	47.4039	RU	15691	Семендер	semender|семендер
city	Kodinsk	58.6063	99.1740	RU	15670	Кодинск	kodinsk|kodinskaya|kodinskaya zaimka|kodinskiy|кадзінск|кодинск|кодинский
city	Zelenogradsk	54.9589	20.4767	RU	15644	Зеленоградск	krants|kranz|zelenogradsk|zelenoqradsk|зеленоградск|зеленоградськ
city	Uzhur	55.3175	89.8313	RU	15637	Ужур	uzhur|ужур
city	Sim	54.9930	57.6982	RU	15632	Сим	sim|simski zavod|сим
city	Karabash	55.4895	60.2088	RU	15630	Карабаш	karabash|карабаш
city	Kataysk	56.2885	62.5812	RU	15619	Катайск	kataysk|katayskoye|катайск
city	Kara-Kulja	40.6322	73.5925	KG	15616	Kara-Kul’dzha	kara kul'dzha|kara kuldja|kara kulja|kara-kul'dzha|kara-kuldzha|kara-kulja|karakul'dzha|karakulja|кара кульджа|кара-кульджа|каракульджа
city	Karabanovo	56.3108	38.7025	RU	15615	Карабаново	karabanovo|карабанава|карабаново
city	Anadyr	64.7342	177.5103	RU	15604	Анадырь	anadir|anado|anadyr|anadyr'|anadyrsk|novo mariinsk|novo mariinskiy|novo-mariinsk|novo-mariinskiy|novomariinsk|novomariinskiy|post novo mariinskiy|post novo-mariinskiy|post novomariinskiy|анадир|анадыр|анадырь
city	Baykal'sk	51.5150	104.1402	RU	15600	Байкальск	baykal'sk|baykalsk|байкальск
city	Beylagan	39.7756	47.6186	AZ	15599	Бейлаган	beylagan|beylaganliq|jdanov|zhdanov|zhdanovsk|бейлаган|бейлакон
city	Nikel	69.4129	30.2220	RU	15596	Никель	kolosjoki|kolosjokki|nikel|nikkeli|никель
city	Logoysk	54.2064	27.8512	BY	15543	Логойск	lahoysk|logoysk|лагойск|логойск
city	Shushary	59.8092	30.3817	RU	15503	Шушары	shushary|шушары
city	Aleksandrovsk	59.1584	57.5705	RU	15486	Александровск	aleksandrovsk|aleksandrovskiy|alexandrovsk|александровск|аляксандрауск
city	Strunino	56.3733	38.5832	RU	15483	Струнино	strunino|струнино|струніна
city	Casgyn	37.7973	61.5491	TM	15470	Чашкент	casgyn|chashkent|чашкент
city	Donskoye	45.4535	41.9724	RU	15469	Донское	donskoye|донское
city	Mayma	52.0027	85.8974	RU	15428	Майма	mayma|mayma chergachak|mayma-chergachak|maymachergachak|майма
city	Ala-Buka	41.4105	71.4863	KG	15426	Ала-Бука	ala buka|ala-buka|alabuka|ola bo ka|ola bo qa|ola-bo ka|ola-bo qa|olabo ka|olabo qa|ала бука|ала-бука|алабука
city	Borovskiy	57.0410	65.7202	RU	15406	Боровский	borovskiy|боровский
city	Ocher	57.8823	54.7183	RU	15395	Очёр	ocher|очер
city	Magtymguly	38.4364	56.2840	TM	15386	Махтумкули	magtymguly|махтумкули
city	Suzun	53.7846	82.3160	RU	15365	Сузун	suzun|сузун
city	Nerchinsk	51.9798	116.5869	RU	15360	Нерчинск	nerchinsk|нерчинск|нерчинськ|нерчынск
city	Kulunda	52.5649	78.9391	RU	15345	Кулунда	kulunda|кулунда
city	Tsimlyansk	47.6480	42.0934	RU	15341	Цимлянск	tsimlyansk|tsimlyanskaya|tsimlyanskiy|tsymlyanskaya|zymljanskaja|цимлянск
city	Belev	53.8122	36.1334	RU	15300	Белёв	belev|belve|белев
city	Bagayevskaya	47.3205	40.3847	RU	15300	Багаевская	bagajewskaja|bagayevskaya|bagayevskiy|багаевская
city	Degtyarsk	56.7040	60.0879	RU	15294	Дегтярск	degtyarka|degtyarsk|дегтярка|дегтярск
city	Aykhal	65.9338	111.4834	RU	15267	Айхал	aikhal|aykhal|ayxal|айхал
city	Udachny	66.4299	112.4021	RU	15266	Удачный	novyy|pribut|udachnaya|udachnoye|udachny|удачний|удачны|удачный
city	Astraviec	54.6138	25.9554	BY	15265	Островец	astraviec|astravyets|ostrov|ostrovets|ostrowiec|астравец|островец|островець
city	Sofrino	56.1500	37.9333	RU	15265	Софрино	sofrino|софрино
city	Chernyanka	50.9382	37.8151	RU	15261	Чернянка	chernyanka|tschernjanka|чернянка
city	Vyazemskiy	47.5334	134.7578	RU	15247	Вяземский	vyazemskaya|vyazemskiy|vyazemskoye|вяземский
city	Novosilikatnyy	53.3097	83.6239	RU	15241	Новосиликатный	novosilikatnyy|новосиликатный
city	Aramil	56.6977	60.8369	RU	15237	Арамиль	aramil|арамил|арамиль|араміль
city	Dubovka	49.0562	44.8291	RU	15217	Дубовка	dubovka|дубовка|дубоука
city	Vakhsh	37.7148	68.8346	TJ	15215	Вахш	vakhsh|vakhshstroi|vakhshstroy|вахш
city	Nizhnesortymskiy	62.4397	71.7603	RU	15204	Нижнесортымский	nizhnesortymskiy|нижнесортымский
city	Yashkino	55.8738	85.4338	RU	15197	Яшкино	jaschkino|yashkino|яшкино|яшкіна
city	Astara	38.4560	48.8750	AZ	15190	Астара	astara|azerbaydzhanskaya astara|астара
city	Yelan'	50.9488	43.7371	RU	15181	Елань	yelan|yelan'|елань
city	Giaginskaya	44.8621	40.0720	RU	15169	Гиагинская	ghiaghinskayai|giaginskaja|giaginskaya|qiaqin|гиагинская|гіагінська|гіягінская
city	Leninsk	48.7031	45.1961	RU	15167	Ленинск	leninsk|leninskiy|leninskoje|ленинск|ленінск
city	Sarykemer	43.0093	71.5101	KZ	15132	Сарыкемер	sarykamar|sarykemer|сарыкемер
city	Shchuchyn	53.6014	24.7465	BY	15127	Щучин	shchuchin|shchuchyn|szczuczyn|шчучын|щучин
city	Uchkeken	43.9451	42.5165	RU	15118	Учкекен	uchkeken|учкекен
city	Pochep	52.9331	33.4470	RU	15100	Почеп	pochep|pocher|potschep|почеп
city	Polyarnyye Zori	67.3661	32.4981	RU	15092	Полярные Зори	polyarnyye zori|полярные зори
city	Kyzyl-Suu	42.3421	78.0064	KG	15075	Покровка	kyzyl suu|kyzyl-suu|kyzylsuu|leninskoye|nov pokrovka|novo pokrovskoye|novo-pokrovskoye|novopokrovskoye|pokrovka|кызыл суу|кызыл-суу|кызылсуу|покровка
city	Jebel	39.6310	54.2376	TM	15056	Jebel	dzhebel|jebel
city	Boguchar	49.9346	40.5545	RU	15048	Богучар	boguchar|богучар
city	Suluktu	39.9365	69.5678	KG	15019	Сулюкта	seluka|selukta|suluktu|sulyukta|сулюкта|сүлүктү
city	Fayroz Koh	34.5195	65.2509	AF	15000	Фейруз-Кохи	chakcharan|chakhcharan|chekcheran|fayroz koh|fayruz koh|feyruz koh|feyruz kuh|файрузкух|фейруз кохи|фейруз-кохи|фейрузкохи
city	Peresvet	56.4230	38.1761	RU	15000	Пересвет	peresvet|перасвет|пересвет
city	Kerkici	37.8507	65.2433	TM	14996	Керкичи	kerkichi|kerkici|керкичи
city	Ialoveni	46.9436	28.7815	MD	14915	Яловены	ialoveni|kutuzov|ploreny|ploveny|yaloven|yaloven'|yaloveni|yaloveny|yalovyany|кутузов|яловены
city	Urzhar	47.0930	81.6294	KZ	14826	Урджар	urdjar|urdzhar|urdzharsk|urdzharskaya|urdzharskoye|urjar|uryzhar|urzhar|урджар
city	Murgap	37.4966	61.9714	TM	14822	Мургап	murgab|murgap|stalino|мургап
city	Belokany	41.7263	46.4048	AZ	14800	Белоканы	balakon|belokan|belokani|belokanj|belokany|белоканы|белокань
city	Kazygurt	41.7564	69.3839	KZ	14737	Ленинское	kazyghurt|kazygurt|kazykurt|leninskoye|qazyghurt|qazyqurt|казыгурт|казыгұрт|казыкұрт|ленинское
city	Uch-Korgon	40.2288	72.0592	KG	14708	Уч-Коргон	molotovabad|uch korgon|uch kurgan|uch-korgon|uch-kurgan|uch-qo rg on|uchkorgon|uchkurgan|uchqo rg on|уч коргон|уч-коргон|учкоргон|үч коргон|үч-коргон|үчкоргон
city	Hazar	39.4036	53.1260	TM	14671	Хазар	hazar|хазар
city	At-Bashi	41.1695	75.8010	KG	14655	Ат-Баши	at bashi|at-bashi|atbashi|ат баши|ат башы|ат-баши|ат-башы|атбаши|атбашы
city	Singerei	47.6369	28.1407	MD	14600	Сынжерея	lazovsk|senzherey|singerei|syndzherey|synzhereya|synzheria|лазовск|сынжерей|сынжерея
city	Farap	39.1704	63.6116	TM	14503	Фарап	farab|farap|фарап
city	Gadabay	40.5705	45.8123	AZ	14500	Кедабек	gadabay|kedabek|kedabeko|kedalek|kiadabak|kyadabek|кедабек|кядабек
city	Jomboy Shahri	39.6989	67.0933	UZ	14429	Jomboy Shahri	dzhambay|jomboy|jomboy shahri|khashdala|khoshdala|жамбай каласы|жамбай шаары
city	Falesti	47.5767	27.7126	MD	14377	Фалешты	faleshti|falesti|фалешти|фалешты
city	Leova	46.4819	28.2530	MD	14301	Леово	leova|leovo|levo|леова|леово
city	Bokombayevskoye	42.1177	76.9933	KG	14267	Бокомбаевское	bokombayevskoye|bokonbayevo|bokonbayevskoye|kol'tsovka|koltsovka|kunchigysh|бокомбаевское|бөкөнбай
city	Beyneu	45.3167	55.2000	KZ	14245	Бейнеу	beyneu|бейнеу
city	Cholpon-Ata	42.6494	77.0823	KG	14237	Чолпон-Ата	chalpan ata|chalpan-ata|chalpanata|cholpon ata|cholpon-ata|cholponata|stanovishche chalpan ata|stanovishche chalpan-ata|stanovishche chalpanata|чолпон ата|чолпон-ата|чолпоната
city	Zhalagash	45.0796	64.6817	KZ	14226	Джалагаш	dzhalagash|zhalagash|zhalaghash|джалагаш|жалагаш
city	Akdepe	42.0551	59.3788	TM	14177	Акдепе	ak tepe|ak tyube|ak-tepe|ak-tyube|akdepe|aktepe|aktyube|leninsk|акдепе
city	Yereymentau	51.6236	73.1026	KZ	14169	Ерейментау	yereymentau|yermentau|ерейментау|ерментау
city	Kerben	41.4940	71.7583	KG	14141	Кербен	kerben|кербен
city	Yangi Marg`ilon	40.4272	71.7189	UZ	14114	Yangi Marg‘ilon	gorchakovo|komsomol'skiy|komsomolskiy|stantsiya gorchakovo|yangi marg ilon|yangi marg'ilon|yangi margilon
city	Maqat	47.6497	53.3429	KZ	14082	Макат	makat|makat severnyy|maqat|макат
city	Calarasi	47.2555	28.3095	MD	14066	Калараш	calarasi|kalarash|kelerashi tyrg|kelerashi-tyrg|kelerashityrg|калараш|калараши|калараші
city	Urtaowul	41.1867	69.1453	UZ	14047	Уртааул	o'rtaovul|ortaovul|urtaaul|urtaovul|urtaowul|уртааул|уртаовул
city	Ak-Suu	42.4995	78.5270	KG	14009	Ак-Суу	ak suu|ak-suu|aksuu|ак суу|ак-суу|аксуу
city	Shumanay	42.6428	58.9134	UZ	14000	Шуманай	shamenay|shamonay|shomanay|shumanai|shumanay|taza bazar|taza-bazar|tazabazar|шуманай
city	Ozurgeti	41.9234	42.0052	GE	13935	Озургети	macharadse|makharadze|ozurget'i|ozurgeti|ozurgety|азургеці|озургети|озургеті
city	Saryozek	44.3618	77.9728	KZ	13930	Сарыозек	saro ozak|saro-ozak|saroozak|sary uzek|sary uzekskiy|sary-uzek|sary-uzekskiy|saryozek|saryuzek|saryuzekskiy|сарыозек|сарыөзек
city	Derzhavinsk	51.0972	66.3187	KZ	13856	Державинск	derzhavinsk|derzhavinskiy|державин|державинск
city	Qarazhal	48.0108	70.8006	KZ	13807	Каражал	kara dzhal|kara-dzhal|karadzhal|karazhal|qarazhal|каражал
city	Charxin	39.6941	66.8270	UZ	13791	Чархин	charkhin|charxin|чархин
city	Birata	40.4820	62.1586	TM	13777	Дарганата	birata|darganata|darganatinskiy|дарганата
city	Gul'cha	40.3138	73.4442	KG	13755	Gul’cha	gul'cha|gulcha|gulcho|gultscha|гульча|гүлчө
city	Altyn asyr	37.2816	60.7043	TM	13660	Алтын асыр	altyn asyr|алтын асыр
city	Dostluk	37.7455	65.3376	TM	13655	Достлук	dostluk|yuzhnyy|достлук
city	Jibek joly	43.3748	76.6244	KZ	13616	Жибек Жолы	chemolgan|jibek joly|ushkonyr|жибек жолы|жібек жолы
city	Kyzyl-Adyr	42.6198	71.5891	KG	13612	Кировское	aleksandrovka|aleksandrovskiy|aleksandrovskoye|kirovskoye|kyzyl adyr|kyzyl-adyr|kyzyladyr|кировское|кызыл адыр|кызыл-адыр|кызыладыр
city	Taraclia	45.9032	28.6663	MD	13512	Тараклия	taraclia|tarakliya|taraqliya|тараклия|таракля
city	Esil	51.9545	66.4077	KZ	13504	Yesil’	esil|yesil|yesil'|есиль|есіл
city	Mo'ynoq	43.7683	59.0214	UZ	13500	Муйнак	mo'ynoq|moynaq|moynoq|muinak|muynak|muynoq|мойнок|муйнак|муйнок
city	Hojambaz	38.1163	65.0035	TM	13485	Ходжамбаз	hocambaz|hojambaz|khodzhambas|khodzhambass|ходжамбаз
city	Hamza	40.4276	71.5053	UZ	13470	Hamza	hamza|imeni khamzy khakimzade|khamza|khamza khakimzada|khamzy khakimzade|vannovskiy
city	Tinchlik	40.4759	71.5509	UZ	13470	Tinchlik	vodkhoz
city	Babadaykhan	37.6833	60.4333	TM	13440	Бабадайхан	baba deykhan|baba deykhan pervyy|baba deykhan vtoroy|baba-deykhan|baba-deykhan vtoroy|baba-deykhan-pervyy|babadaykhan|babadaykhan vtoroy|babadeykhan|babadeykhan vtoroy|babadeykhanpervyy|бабадайхан
city	Amondara	39.5144	67.8108	TJ	13380	Амондара	amandara|amondara|амондара
city	Adrasmon	40.6493	69.9847	TJ	13372	Адрасман	adrasman|adrasmon|адрасман|адрасмон
city	Tagtabazar	35.9553	62.9174	TM	13312	Тагтабазар	tagtabazar|тагтабазар
city	Shakhan	49.8196	72.6541	KZ	13273	Шахан	shakan|shakanskiye vyselki|shakhan|shaqan|шакан|шахан
city	Inderbor	48.5500	51.7833	KZ	13254	Индерборский	inder|inderbor|inderborskiy|inderborstroy|indero|inderskoye|индербор|индерборский
city	Pul-e 'Alam	33.9953	69.0227	AF	13247	Пуль-и-Алам	pol e alam|pol-e alam|pole alam|pul e 'alam|pul e alam|pul i alam|pul-e 'alam|pul-e alam|pul-i-alam|pule 'alam|pule alam|puli olam|pulialam|пул е алам|пул е әлем|пул-е алам|пул-е әлем|пуле алам|пуле әлем|пули олам|пуль и алам|пуль-и-алам|пульиалам
city	Olot Shahri	39.4150	63.8033	UZ	13200	Olot Shahri	alat|alata|olot shahri
city	Zhangaarqa	48.6866	71.6447	KZ	13184	Атасу	atasu|atasuskiy|stantsiya atasu|zhanaarka|zhangaarqa|атасу|жанаарка|жаңаарка
city	Sovetskoye	41.0518	72.7396	KG	13178	Советское	sovet|sovetskoe|sovetskoye|совет|советское
city	Kulan	42.9102	72.7157	KZ	13128	Луговое	kulan|lugovaya|lugovoye|qulan|кулан|кұлан|луговое
city	Shahritus	37.2621	68.1385	TJ	13042	Шахритус	shaarfuz|shaartuz|shahritus|shahrtuz|шахритус
city	Ishtixon Shahri	39.9664	66.4861	UZ	13024	Ishtixon Shahri	ishtihon|ishtikhon|ishtixon shahri|ishtykhan
city	Turgen	43.4006	77.5933	KZ	13000	Турген	turgen|turgen'|турген|түрген
city	Romitan Shahri	39.9294	64.3794	UZ	12927	Romitan Shahri	kal'ty mauri|kal'ty-mauri|kal'tymauri|kalty-mauri|ramitan|rometan|romitan shahri|romiton
city	Esenguly	37.4680	53.9795	TM	12918	Гасан-Кули	aul gassan kuli|aul gassan-kuli|aul gassankuli|esenguly|gasan kuli|gasan-kuli|gasankuli|gassan kuli|gassan-kuli|gassankuli|hasan kuli|hasan quili|hasan-kuli|hasankuli|гасан кули|гасан-кули|гасанкули|есенгули
city	Atakent	40.8478	68.5064	KZ	12895	Ильич	atakent|il'ich|ilich|ilyich|атакент|ильич
city	Riscani	47.9483	27.5667	MD	12893	Рышканы	rashkan tyrg|rashkan' tyrg|rashkani tyrg|rashkani-tyrg|rashkanityrg|riscani|rishkan|ryshkanovka|ryshkany|рышканы|рышкань
city	Tovuz	40.9925	45.6284	AZ	12626	Тауз	tauz|tavus|tovuz|тауз|товуз|товыз
city	Galaosiyo Shahri	39.8572	64.4464	UZ	12600	Galaosiyo Shahri	galaasiya|galaassiya|galaosiyo shahri|gallya asiya|gallya assiya|gallya-asiya|gallya-assiya|gallyaasiya|gallyaassiya
city	Etrek	37.6616	54.7640	TM	12508	Etrek	bayat khadzhi|bayat-khadzhi|bayatkhadzhi|etrek|gyzyletrek|kizel atrek|kizel-atrek|kizelatrek|kizil atrek|kizil-atrek|kizilatrek|kizyl atrek|kizyl-atrek|kizylatrek|kyzyl atrek|kyzyl-atrek|kyzylatrek|kyzylay
city	Cimislia	46.5263	28.7649	MD	12464	Чимишлия	chimishliya|cimislia|чимишлия
city	Kegeyli Shahar	42.7767	59.6078	UZ	12400	Kegeyli Shahar	kegayli|kegeyli|kegeyli shahar
city	Tyup	42.7276	78.3648	KG	12355	Тюп	preobrazhenskoye|tjup|tyup|тюп
city	Payariq Shahri	39.9925	66.8501	UZ	12345	Payariq Shahri	fedorovskoye|narimanovka|narimanovo|narimanowka|pai aryk|pay aruk|pay-aruk|payariq|payariq shahri|payaruk|payaryk
city	Mandalgovi	45.7625	106.2708	MN	12339	Мандалгови	mandal gobi|mandalgovi|mandalgow|mandalgow'|мандалгови
city	G'oliblar Qishlog'i	40.4953	67.8759	UZ	12300	G’oliblar Qishlog’i	g oliblar|g'oliblar qishlog'i|gholiblar|goliblar qishlogi|imeni yuliusa fuchika|yuliusa fuchika
city	Temirlanovka	42.6000	69.2584	KZ	12245	Темирлановка	tamerlanovka|temirlan|temirlanovka|темирлановка|темірлан
city	Aghstafa	41.1189	45.4539	AZ	12200	Агстафа	aghstafa|akstafa|akstafal|aqstafa|агстафа
city	Qiziltepa	40.0331	64.8500	UZ	12200	Кызылтепа	kizil tepe|kizil-tepe|kiziltepe|kyzyl tepe|kyzyltepa|qiziltepa|кизилтепа|кизилтепе|кызыл дөбө|кызыл-дөбө|кызылдөбө|кызылтепа|кызылтөбе
city	Qalat	32.1058	66.9083	AF	12191	Калат	kalat|qalat|калат|калот
city	Qax	41.4183	46.9204	AZ	11992	Кахи	kah|kakhi|qakh|qax|ках|кахи|кох
city	Mu'minobod	38.1071	70.0321	TJ	11955	Mu'minobod	leningrad|leningradskiy|mu'minobod|muminabad|muminobod|mumynabad
city	Oqqo'rg'on	40.8775	69.0458	UZ	11900	Аккурга	akkurgan|oqqo rg on|oqqo'rg'on|oqqorgon|oqqurgon|аккурга|оккургон
city	Sakarcaege	37.6635	61.6601	TM	11891	Сакарджхаге	sagar chaga|sagar-chaga|sagarchaga|sakar chaga|sakar-chaga|sakarcaege|sakarchaga|сакарджхаге
city	Qabala	40.9814	47.8458	AZ	11867	Габала	gabala|kabala|kutkashen|kutkashin|qabala|габала|кабала
city	Aydarken	39.9432	71.3418	KG	11857	Хайдаркан	aidarken|aydarken|khaidarkan|khaydarkan|khaydarken|xaydarkon|айдаркен|хайдаркан
city	Shetpe	44.1392	52.1531	KZ	11836	Шетпе	shetpe|шетпе
city	Kuryk	43.1803	51.6812	KZ	11836	Ералиев	kuryk|quryq|yeraliyev|yeraliyevo|yeraly|ералиев|курык|кұрык
city	Balpyk Bi	44.9012	78.2293	KZ	11810	Балпык-Би	balpyk bi|kirovskiy|балпык би|балпык-би|балпыкби
city	Shubarkuduk	49.1439	56.4820	KZ	11733	Шубаркудук	chubar kuduk|shuba kuduk|shubarkuduk|shubarqudyq|шубаркудук|шұбаркұдык
city	Zhetybay	43.5893	52.1031	KZ	11731	Жетыбай	zhetibay|zhetybay|жетыбай|жетібай
city	Nisporeni	47.0802	28.1710	MD	11718	Ниспорены	nisiporeni|nisporeni|nisporeny|nisporyany|ниспорены
city	Shaydon	40.6699	70.3502	TJ	11705	Шайдон	asht|shaidan|shaydan|shaydon|шайдон
city	Astanababa	37.9021	65.1250	TM	11466	Астанабаба	astanababa|astanabava|астанабаба
city	Kazarman	41.4045	74.0283	KG	11191	Казарман	kazarman|казарман
city	Samukh	40.7649	46.4087	AZ	11100	Сафаралиев	sabarkend|sabir|sabira|safarabad|safaraliyeb|safaraliyev|samukh|samux|самух|сафаралиев
city	Moyynkum	44.2831	72.9437	KZ	10923	Мойынкум	moyynkum|moyynqum|мойынкум|мойынкұм|моюн кум|моюн-кум|моюнкум
city	Sholakkorgan	43.7645	69.1786	KZ	10836	Чулаккурган	chalak kurgan|chalak-kurgan|chalakkurgan|chulakkurgan|sholakkorgan|sholaqqkorghan|sholaqqorghan|tschulak kurgan|tschulak-kurgan|tschulakkurgan|чулаккурган|шолаккорган
city	Murghob	38.1702	73.9667	TJ	10815	Мургоб	margab|murgab|murghab|murghob|post pamirskiy|мургап|мургоб
city	Basarabeasca	46.3335	28.9616	MD	10809	Бессарабка	basarabeasca|basarabyaska|bessarabka|bessarabskaya|bessarabskiy|romaneshti|romanovka|romanovo|romynesht|romynesht'|басарабяска|бессарабка
city	Tyul'kubas	42.4858	70.2960	KZ	10802	Тюлькубас	tyul'kubas|tyulkubas|тюлькубас|түлкібас
city	Baetovo	41.2667	74.9570	KG	10682	Баетово	baetov|baetovo|bayetovo|durbel'jin|durbeljin|dyurbel'dzhin|dyurbel'jin|dyurbeldzhin|dyurbeljin|баетов|баетово|дюрбельджин
city	Zardob	40.2184	47.7121	AZ	10612	Зардоб	zardob|зардаб|зардоб
city	Dashkasan	40.5239	46.0819	AZ	10600	Дашкесан	dashkasan|dashkesan|dashkezan|verkhniy dashkesan|yukhary dashkesan|yukhary-dashkesan|yukharydashkesan|yuqori dashkesan|yuqori-dashkesan|yuqoridashkesan|дашкесан|жогаргы дәскесен|юкори дошкесан|юкори-дошкесан|юкоридошкесан|үстүнкү дашкесен|үстүнкү-дашкесен|үстүнкүдашкесен
city	Bereket (TM)	37.8364	58.9077	TM	10597	Берекет	bereket|берекет
city	Nishon Tumani	38.6940	65.6751	UZ	10558	Nishon Tumani	nishon district|nishon tumani|yangi nishan|yangi nishon|yangi-nishan|yangi-nishon|yanginishan|yanginishon
city	Yagtyyol	37.8034	62.0229	TM	10488	Yagtyyol	yagty yel|yagty-yel|yagtyyel|yagtyyol
city	Choyr	46.3611	108.3611	MN	10434	Чойр	choyr|sumbur|sumbur somon|sumbur sume|sumbur sumu|чойр
city	Lugovoy	42.9420	72.7610	KZ	10422	Луговой	lugovka|lugovoy|lugovoye|lugowaja|луговой
city	Avzikent	37.8033	69.2772	TJ	10373	Avzikent	avzikent|авзикент
city	Kemin	42.7861	75.6917	KG	10354	Быстровка	bostrorechenskoye|bystrorechenskoye|kemin|быстровка|кемин
city	Nijoni	39.9594	68.9242	TJ	10350	Ниджони	nidzhani|nidzhoni|nijoni|nizan|nizan'|nizany|nizhdani|ниджони
city	Qashar	53.3680	62.8684	KZ	10285	Качар	kachar|qashar|качар|кашар
city	Glodeni	47.7747	27.5175	MD	10146	Глодяны	gloden|gloden'|glodeni|glodyany|malyye glodyany|глодяны
city	Gobustan	40.5336	48.9282	AZ	10100	Мараза	gobustan|maraza|marazi|marazy|qobustan|кубустан|кубустон|кұбыстан|мараза
city	Tarinkot	32.6300	65.8781	AF	10000	Таринкот	tareen|tarin kowt|tarinkot|tirin|tirinkot|таринкот
city	Kegen	43.0145	79.2264	KZ	9993	Кеген	kegen|кеген
city	Belousovka	50.1329	82.5248	KZ	9948	Белоусовка	belousovka|belousovskoye|rud bylousovskiy|белоусовка
city	Abdurahmoni Jomi	37.9464	68.8088	TJ	9943	Abdurahmoni Jomi	abdurahmoni jomi|aral|kuibyshevabad|kuybishev|kuybishevsk|kuybyshevabad|kuybyshevsk|kuybyshevskiy|куйбишев
city	Briceni	48.3630	27.0785	MD	9900	Бричаны	briceni|brichany|brichen sat|brichen' sat|bricheni|bricheni sat|бричани|бричаны|бричены|бричень
city	Bulayevo	54.9060	70.4416	KZ	9886	Булаево	bulaev|bulayevo|булаев|булаево
city	Qarabalyq	53.7502	62.0584	KZ	9838	Комсомолец	karabalyk|komsomolets|qarabalyq|карабалык|комсомолец
city	Oytal	42.9057	73.2697	KZ	9821	Ойтал	oytal|ойтал
city	Korday	43.0388	74.7129	KZ	9821	Кордай	korday|кордай
city	Rezina	47.7486	28.9677	MD	9806	Резина	rezina|резина
city	Bagtyyarlyk	37.4121	60.4353	TM	9804	Багтыярлык	bagtyyarlyk|багтыярлык
city	Khodzha-Maston	38.7446	68.6270	TJ	9781	Khodzha-Maston	khodzha maston|khodzha-maston|khodzhamaston
city	Myrzakent	40.6634	68.5451	KZ	9752	Мырзакент	mirzakent|myrzakent|slavyanski|slavyanskiy|slavyanskoye|мырзакент
city	Aqadyr	48.2601	72.8585	KZ	9710	Агадырь	agadyr|agadyr'|aqadyr|агадырь|акадыр
city	Babaarap	38.0974	58.1083	TM	9681	Баба-Араб	babaarap|babarabkala|babarap|баба араб|баба-араб|бабаараб
city	Terenozek	45.0505	64.9826	KZ	9661	Теренозек	teren' uzyak|teren'-uzyak|teren'uzyak|teren-uzyak|terenozek|terenuzek|теренозек|тереңөзек
city	Borovskoy	53.7927	64.1827	KZ	9659	Боровской	borovo|borovoye|borovskoy|borovskoye|боровской
city	Masally	39.0353	48.6654	AZ	9604	Масаллы	masali|masalli|masally|massaly|масала|масаллы
city	Asyr Kakabayew	42.2817	58.7193	TM	9603	имени Ашыра Какабаева	ashyr kakabayev|asyr kakabayew|imeni ashyra kakabayeva|имени ашыра какабаева
city	Jabrayil	39.3992	47.0284	AZ	9600	Джебраил	cebrail|djebrail|dzhebrail|jabrayil|jebraiele|jebrail|jebrayil|джебраил
city	Kaindy	42.8247	73.6758	KG	9561	Каинды	kainda|kaindy|kayyngdy|molotovsk|molotovskiy|каинды
city	Tyuratam	45.6501	63.3116	KZ	9548	Торетам	tyuratam|торетам|төретам
city	Shayan	43.0340	69.3805	KZ	9536	Чаян	chayan|shayan|чаян|шаян
city	Dossor	47.5323	52.9709	KZ	9526	Доссор	bos sor|bos-sor|bossor|dossor|доссор
city	Donduseni	48.2427	27.6101	MD	9435	Дондушены	donduseni|dondushen|dondushen'|dondyushany|дондушены
city	Ocnita	48.3823	27.4386	MD	9325	Окница	ocnita|oknisa|oknitsa|окница
city	Hurmantgoekje	38.0725	58.0173	TM	9302	Хурмантгёкдже	hurmantgoekje|khurmangeokcha|хурмантгекдже
city	Saksaul'skiy	47.0815	61.1524	KZ	9296	Саксаульский	saksaul'skiy|saksaul'skoye|saksaulskaya|saksaulskiy|saksaulskoye|saksauly|саксаульский|сексеуiл
city	Irtyshsk	53.3336	75.4578	KZ	9216	Иртышск	ertis|irtysch|irtysh|irtyshsk|irtyshskoye|ертіс|иртышск
city	Goranboy	40.6103	46.7897	AZ	9200	Геранбой	geran'boy|geranboy|goranboy|kasum ismailov|kasum ismailovo|kasum izmaylovo|kasum-ismailov|kasum-ismailovo|kasum-izmaylovo|kasumismailov|kasumismailovo|kasumizmaylovo|qasym ismayylov|геранбой|геронбой
city	Qorovulbozor	39.5006	64.7936	UZ	9200	Караулбазар	karaulbazar|karaulpazar|qarovulbazar|qorovulbozor|qorowulbozor|караулбазар|коровулбозор
city	Magtymguly (TM)	37.8834	58.5157	TM	9173	имени Магтымгулы	magtymguly|magtymguly ad|magtymguly adyndaky|имени магтымгулы
city	Goekdepe (TM)	38.2345	57.9695	TM	9150	Гёктепе	goekdepe|гектепе
city	Shar	49.5872	81.0488	KZ	9087	Чарск	charsk|charskiy|shar|чарск|шар
city	Garadepe	38.0321	54.0343	TM	9016	Карадепе	garadepe|karadepe|карадепе
city	Qala i Naw	34.9873	63.1289	AF	9000	Кала-и-Нау	kala i naw|kala nao|kala-i naw|kalai naw|kalai-naw|kalainaw|kalayi nau|kalayi-nau|kalayinau|qal a-i-naw|qal ah-ye now|qal ahye now|qal ainaw|qal eh nau|qal eh-ye now|qal ehye now|qal'ai now|qal'eh now|qala e nau|qala i nau|qala i naw|qala nau|qala naw|qala-e-nau|qala-i-nau|qala-i-naw|qalaenau|qalaenaw|qalai now|qalainau|qalainaw|qaleh now|qula i nau|qula-i-nau|qulainau|shehr qaleh|shehr qeleh|кал'аи нау|кала и нау|кала-и-нау|калаи нау|калаинау
city	Terengkol	53.0665	76.1049	KZ	8931	Качиры	kachirski|kachirskiy|kachiry|kashir|qashyr|terengkol|terenkol|terenkol'|качиры|кашыр|теренколь|тереңкөл
city	Makhambet	47.6706	51.5860	KZ	8905	Махамбет	makhambet|yamanka|yamankhalinka|yamankhalinski|yamankhalinskiy|махамбет
city	Karaton	46.4368	53.4890	KZ	8905	Каратон	karatan|karaton|qaraton|каратон
city	Zhezkent	50.9311	81.3615	KZ	8896	Жезкент	zhezkent|жезкент
city	Sergeyevka	53.8814	67.4088	KZ	8845	Сергеевка	sergeev|sergeevka|sergeyevka|сергеев|сергеевка
city	Kurchum	48.5660	83.6615	KZ	8800	Курчум	kumashenkino|kumashkino|kurchum|курчум|күршім
city	G'ozg'on	40.5908	65.4947	UZ	8800	Газган	g ozg on|g'ozg'on|gazgan|gozgon|shakhi mardin|shakhi-mardin|shakhimardan|shakhimardin|shakhmardan|газган|гозгон
city	Eskiarab	40.3697	71.4186	UZ	8781	Эскиараб	eskiarab|эскиараб
city	Magas	43.2226	44.7726	RU	8771	Магас	magas|maqas|магас
city	Dusti	37.3481	68.6640	TJ	8700	Дусти	dusti|molotovabad|pyandzh|дусти
city	Garassyzlyk	37.3919	60.4349	TM	8673	Гарашсызлык	garassyzlyk|гарашсызлык
city	Yangala	38.1232	57.9471	TM	8657	Янгала	yak kala|yak-kala|yakkala|yangala|yankala|янгала
city	Koeytendag	37.5156	66.0135	TM	8654	Koeytendag	charshanga|charshangngy|charshangu|charshangy|koeytendag|koytendag|tscharschanga
city	Shubarshi	48.5802	57.1829	KZ	8651	Шубарши	shubarshi|шубарши
city	Leninskiy	52.2535	76.7821	KZ	8646	Атамекен	atameken|aul sed'moy|aul sedmoy|bayer|leninskiy|sed'moy aul|sedmoy aul|атамекен|ленинский
city	Naftalan	40.5082	46.8203	AZ	8600	Нафталан	naftalan|нафталан
city	Akkistau	47.2211	51.0063	KZ	8486	Аккыстау	akkistau|akkstau|akkystau|aqqystau|аккистау|аккыстау
city	Gharavuti	37.5670	68.4467	TJ	8474	Гаравути	garavuti|gharavuti|гаравути
city	Dusak	37.1952	60.0247	TM	8405	Dusak	dusak|duschak|dushak
city	Kalbajar	40.1098	46.0445	AZ	8400	Кельбаджар	kalbajar|kel'badzhar|kelbadshar|kelbadzhar|kelbajar|kerbakhiar|калбажар|кельбаджар
city	Fyodorov	53.6381	62.6965	KZ	8317	Фёдоровка	fedorovka|fedorovskiy|fyodorov|fyodorovka|федоровка
city	Kulundu	40.1063	69.6413	KG	8250	Кулунду	kulundu|кулунду
city	Anenii Noi	46.8779	29.2350	MD	8250	Новые Анены	aneni nouy|anenii noi|anenii noui|novo aneny|novo-aneny|novoaneny|novyye aneny|аненский ной|новые анены
city	Pakhtakoron	40.1571	68.7466	TJ	8220	Пахтакорон	pakhtakoron|paxtakoron|пахтакорон
city	Zhanibek	49.4228	46.8463	KZ	8212	Джаныбек	djanibek|djanybek|djiembet|dzhanibek|dzhanybek|janybek|zhanibek|джаныбек|жанибек|жәнібек
city	Qarqaraly	49.4124	75.4723	KZ	8195	Каркаралинск	karkaralinsk|qarqaraly|каркаралинск|каркаралы
city	Yaslyk	37.7801	58.8890	TM	8172	Яшлык	yashlyk|yaslyk|яшлык
city	Gazli	40.1311	63.4571	UZ	8100	Gazli	gazli
city	Qusmuryn	52.4514	64.6168	KZ	8049	Кушмурун	kushmura|kushmurun|qusmuryn|кушмурун|кұсмұрын
city	Dahbed	39.7644	66.9163	UZ	8044	Dahbed	dagbid|dagbit|dahbed|dakhbed|dakhbet|daxbet
city	Panj	37.2363	69.0991	TJ	8019	Пандж	baumanabad|kirovabad|kirowabad|panj|pyandzh|sarai|sarai kamar|sarai-kamar|saraikamar|saray kamar|saray komar|saray-kamar|saraykamar|пандж
city	Samarkandyk	39.9981	70.5459	KG	8015	Самаркандык	samarkandyk|самаркандык
city	Andarak	39.7685	69.4640	KG	8001	Андарак	andarak|андарак
city	Galkynys	39.2628	63.1843	TM	7932	Дянев	deinach|deinau|deynau|galkynys|дянев
city	Bokhtariyon	37.8818	68.7297	TJ	7900	Бохтариён	bokhtariyo|bokhtariyon|kuybishevskiy|kuybyshevsk|kuybyshevskiy|vakhsh|бохтариен
city	Garabogaz	41.5401	52.5734	TM	7877	Бекдаш	bek dafh|bek-dafh|bekdafh|bekdash|bik dafh|bik dash|bik-dafh|bik-dash|bikdafh|bikdash|garabogaz|karabogaz|бекдаш|гарабогаз
city	Pervomayka	43.3736	76.9400	KZ	7874	Первомайское	imeni pervaya maya|pervomayka|первомайка|первомайское
city	Martuk	50.7475	56.5061	KZ	7756	Мартук	martu|martuk|mortyq|мартук|мәртөк
city	Narynkol	42.7264	80.1749	KZ	7731	Нарынкол	narynkol|narynqol|нарынкол
city	Roghun	38.7826	69.8708	TJ	7731	Roghun	ragun|roghun|rogun
city	Bokurdak	38.7631	58.4927	TM	7726	Бокурдак	bokhurdok|bokurdak|бокурдак
city	Satlyk	37.6072	61.5939	TM	7725	Шатлык	satlyk|shatlyk|шатлык
city	Stefan Voda	46.5129	29.6622	MD	7700	Штефан-Водэ	shtefan vode|shtefan-vode|shtefanvode|stefan voda|suvorovo|суворово|штефан вода|штефан водэ|штефан-вода|штефан-водэ|штефанвода|штефанводэ
city	Mayqayyng	51.4598	75.8023	KZ	7695	Майкайн	maykain|maykainskiy|maykayn|mayqayyng|майкайн|майкайың
city	Kazalinsk	45.7626	62.1033	KZ	7686	Казалинск	kasalinsk|kazalinsk|qazaly|казалинск|казалы
city	Tuerkmenistan	38.1991	57.9499	TM	7666	Туркменистан	tuerkmenistan|туркменистан
city	Bayganin	48.6897	55.8751	KZ	7657	Байганин	bayganin|karaulkel'dy|karaulkeldy|байганин
city	Yardimli	38.9077	48.2405	AZ	7623	Ярдымлы	iardymly|yardimli|yardymly|йардимли|йардымлы|ярдымлы
city	Goekcaege	42.0170	59.8554	TM	7569	Goekcaege	goekcaege|gokchage
city	Zhibek Zholy	41.4759	69.3650	KZ	7537	Черняевка	chernyayevka|poltoratskoye|zhibek zholy|жибек жоли|жибек жолы|жібек жолы|черняевка
city	Zangilan	39.0837	46.6599	AZ	7483	Зангелан	zangelan|zangilak|zangilan|zengilan|зангелан|зангилан
city	Kyzyl-Bel'	40.0999	70.7405	KG	7481	Kyzyl-Bel’	kyzyl bel|kyzyl bel'|kyzyl-bel|kyzyl-bel'|kyzylbel|kyzylbel'|кызыл бел|кызыл бель|кызыл-бел|кызыл-бель|кызылбел|кызылбель
city	Sidqabad	35.0230	69.3511	AF	7407	Сидкабад	makhmudraki|sidkabad|sidqabad|sidqobod|сидкабад|сидкобод
city	Obigarm	38.7173	69.7088	TJ	7400	Обигарм	obigarm|обигарм
city	Mtskheta	41.8451	44.7188	GE	7380	Мцхета	msxeta|mtsheta|mtskhera|mtskheta|mtzkhet|mzcheta|мцхета
city	Tuerkmenbasy (TM)	40.0086	53.1125	TM	7334	Tuerkmenbasy (TM)	tuerkmenbasy
city	Osakarovka	50.5632	72.5728	KZ	7305	Осакаровка	osakarovka|oskarovka|осакаровка
city	Yeghegnadzor	39.7644	45.3327	AM	7300	Ехегнадзор	keshishkend|mikoyan|yeghegik|yeghegnadzor|yekhegnadzor|егегнадзор|ехегнадзор
city	Nyyazow	41.8393	60.1317	TM	7291	Nyyazow	nyyazow|shabat
city	Po'loti	39.0341	65.7292	UZ	7282	Po‘loti	bul'mas|bulmas|po loti|po'loti|poloti|pulaty|puloti
city	Kelejar	38.0986	58.0495	TM	7260	Келеджар	keladzhar|keledzhar|kelejar|keleyazhar|kelyazyar|келеджар
city	Bestobe	52.4980	73.0959	KZ	7189	Бестобе	bestobe|bestyube|бестобе|бестөбе
city	Tobol	52.6937	62.5914	KZ	7155	Тобол	tobol|tobyl|тобол|тобыл
city	Katran	39.8443	70.0147	KG	7149	Катран	katran|катран
city	Nura	50.2616	71.5480	KZ	7037	Нура	kiewskaja|kiyevka|kiyevskoye|nura|нура|нұра
city	Tasqala	51.1107	50.2945	KZ	6980	Таскала	kamenka|kamennyy|tasqala|каменка|таскала
city	Shortandy	51.6993	70.9913	KZ	6980	Шортанды	shartandy|shortandinskiy|shortandy|шортанды
city	Bakanas	44.8060	76.2746	KZ	6965	Баканас	bakanas|baqanas|баканас
city	Taezedurmus	37.9328	58.5855	TM	6945	Тязедурмуш	taezedurmus|тязедурмуш
city	Criuleni	47.2134	29.1585	MD	6932	Криуляны	criuleni|kriulen|kriulen'|kriuleni|kriulyany|krivleny|kriyleni|kryulyany|криуляны|крюлены
city	Qubadli	39.3444	46.5818	AZ	6890	Кубатлы	koubatly|kubatli|kubatlu|kubatly|qubadli|qubadly|кубадлы|кубатлы|кұбадлы
city	Zholymbet	51.7426	71.7097	KZ	6876	Жолымбет	dzhalambet|dzholonbet|dzhoronbet|zholymbet|жолымбет
city	Zhumysker	49.3333	49.4000	KZ	6834	Zhumysker	zhumysker
city	Sastobe	42.5533	69.9984	KZ	6827	Састобе	sas tyube|sas-tyube|sastobe|sastyube|sastyvbe|састобе|састөбе
city	Izboskan	41.0377	72.3366	UZ	6800	Избаскан	isbaskent|izbaskan|izbaskent|izboskan|madaniyat|избаскан
city	Kishkenekol'	53.6359	72.3408	KZ	6779	Kishkenekol’	kishkenekol|kishkenekol'|kyzl tau|kzyltu|kzyltuu|кзылту|кишкенеколь|кішкенекөл
city	Saparmurat Turkmenbashy	42.3799	58.8140	TM	6770	Saparmurat Turkmenbashy	saparmurat turkmenbashy
city	Akdas	40.0423	53.1268	TM	6750	Akdas	akdas
city	Tughyl	47.7250	84.2058	KZ	6696	Приозерный	priozernyy|tarbagatay|tug'il|tughyl|tugil|tugyl|приозерный|тугил|тугыл|тұгыл
city	Aksuat	48.7167	83.7000	KZ	6696	Aksuat	aksuat
city	Telenesti	47.5018	28.3648	MD	6633	Теленешты	telenesht' tyrg|telenesht'-tyrg|telenesht'tyrg|telenesht-tyrg|teleneshty|telenesti|tseleneshti tyrg|tseleneshti-tyrg|tseleneshtityrg|теленешты
city	Oguz	41.0713	47.4653	AZ	6600	Огуз	bartashen|o'guz|oguz|uguz|vartashin|гоууз|гуз|огуз|өгүз
city	Yasyldepe	37.8034	58.8437	TM	6563	Яшылдепе	yasyldepe|яшылдепе
city	Yzgant	38.1825	58.1134	TM	6547	Изгант	izgant|yzgant|изгант
city	Burabay	53.0838	70.3138	KZ	6500	Боровое	borovoye|burabay|kurort borovoye|боровое|бурабай
city	Oyyl	49.0725	54.6630	KZ	6472	Уил	oyyl|uil|uilskoe|ойыл|уил
city	Astrakhanka	51.5307	69.7969	KZ	6459	Астраханка	astrakhan|astrakhanka|astrakhanskiy|astrakhanskoye|астрахан|астраханка
city	Qabilanbek	41.4941	69.2765	KZ	6447	Qabilanbek	qabilanbek|qaplanbek|кабыланбек|капланбек
city	Oguzhan	37.3182	61.0862	TM	6430	Огужан	gulanly|kulanly|oguzhan|огужан
city	Daroot-Korgon	39.5527	72.2052	KG	6421	Дароот-Коргон	daraut korgan|daraut korgon|daraut kurgan|daraut-korgan|daraut-korgon|daraut-kurgan|darautkorgan|darautkorgon|darautkurgan|daroot korgan|daroot korgon|daroot-korgan|daroot-korgon|darootkorgan|darootkorgon|дароот коргон|дароот-коргон|дарооткоргон
city	Vahdat (TJ)	39.2197	71.1916	TJ	6400	Джиргатол	dzhergatol|dzhirgatal|dzhirgatal'|dzhirgital|dzhirgital'|jirgatal|jirgatal'|jirgatol|jirghatol|vahdat|джиргатол
city	Kyzyl-Jol	40.0416	70.8121	KG	6378	Кызыл-Джол	kyzyl dzhol|kyzyl jol|kyzyl zhol|kyzyl-dzhol|kyzyl-jol|kyzyl-zhol|kyzyldzhol|kyzyljol|kyzylzhol|кызыл джол|кызыл жол|кызыл-джол|кызыл-жол|кызылджол|кызылжол
city	Chorbogh	39.4262	67.7602	TJ	6357	Чорбог	charbak|chorbog|chorbogh|chorbok|чорбог
city	Khalmion	40.2122	71.6327	KG	6274	Халмион	halmion|kalmion|khalmion|xalmion|халмион
city	Zhympity	50.2565	52.5971	KZ	6262	Джамбейты	dzhambeita|dzhambeyta|dzhambeytinskaya stavka|dzhambeyty|zhympity|джамбейты|жымпиты
city	Shyngyrlau	51.0996	54.0841	KZ	6218	Чингирлау	chingarlau|chingirlau|shyngyrlau|чингарлау|чингирлау|шынгырлау|шыңгырлау
city	Miyaly	48.8855	53.7917	KZ	6213	Миялы	miyala|miyaly|миялы
city	Soldanesti	47.8162	28.7984	MD	6160	Шолданешты	chernenko|sholdanesht|sholdanesht'|sholdaneshti|sholdaneshty|sholdenesht|sholdenesht'|soldaneshti|soldanesti|солданешты|шолданешты
city	Balkashino	52.5178	68.7516	KZ	6147	Балкашино	balkashino|balkashinskoye|балкашино
city	Ust'-Talovka	50.5506	81.8485	KZ	6122	Усть-Таловка	ust' talovka|ust'-talovka|ust'talovka|ust-talovka|усть таловка|усть-таловка|устьталовка
city	Tavildara	38.6953	70.4842	TJ	6071	Тавилдара	tavil' dara|tavil'-dara|tavil'dara|tavil-dara|tavildara|tovil' dora|tovil'-dora|tovil'dora|tovil-dora|tovildara|тавилдара
city	Novoishimskiy	53.1981	66.7694	KZ	6062	Новоишимский	novoishimskiy|новоишимский
city	Zavodskoy	52.4703	72.0151	KZ	6043	Заводской	zavodskoy|заводской
city	Novaya Bukhtarma	49.6287	83.5210	KZ	6026	Новая Бухтарма	novaya bukhtarma|zhanga buqtyrma|жаңа бұктырма|новая бухтарма
city	Arcman	38.5435	57.1571	TM	6014	Арчман	archman|arcman|арчман
city	Chapayev	50.1889	51.1698	KZ	6000	Чапаев	chapaev|chapayev|chapayevo|lbishchensk|lbishchenski|lbishchenskoye|чапаев
city	Konsoy	40.4915	69.7024	TJ	6000	Консой	kaindisoy|kansai|kansay|konsoy|svints|консой
city	Orzu	37.5582	68.8195	TJ	5988	Орзу	orzu|орзу
city	Zhangaqala	49.2153	50.2901	KZ	5954	Джангала	dzhangala|kisik kamishen|kisik-kamishen|kisikkamishen|kisyk kamysh|kisyk kamyshskiy|kisyk-kamysh|kisyk-kamyshskiy|kisykkamys|kisykkamysh|kisykkamyshskiy|kysykkamys|kyysykkamys|zhangala|zhangaqala|джангала|жангала|жаңакала
city	Borodulikha	50.7184	80.9295	KZ	5931	Бородулиха	borodulikha|бородулиха
city	Hazratishoh	41.3946	71.7890	UZ	5900	Hazratishoh	hazratishoh|khazratsho|khazret sha|khazret-sha|khazretsha|xazratisho|xazratishoh
city	Sarikhosor	38.5385	69.8308	TJ	5894	Сарихосор	sarikhosor|sary khasor|sary-khasor|sarykhasor|sarykhosor|сарихосор
city	Sosnovka	42.6371	73.8961	KG	5885	Сосновка	sosnovka|сосновка
city	Khojaly	39.9136	46.7921	AZ	5810	Ходжалы	ay khodzhaly|ay-khodzhaly|aykhodzhaly|hojali|khodgalou|khodzhalinskaya|khodzhalv|khodzhaly|khojaly|khojaly district|khozhali|khozhalinskaya|ходжалинская|ходжалинский район|ходжалы|хожалы
city	Smirnovo	54.5148	69.4273	KZ	5742	Смирново	smirnovo|smirnovskiy|смирново
city	Bayanaul	50.7930	75.7012	KZ	5700	Баянаул	bayan aul'skoye|bayan aulskaya|bayan-aul'skoye|bayan-aulskaya|bayan-aulskoye|bayanaul|bayanaul'skoye|bayanaulskaya|баянаул|баянауыл
city	Badamsha	50.5618	58.2772	KZ	5668	Бадамша	badamsha|badamshy|batamshinskiy|бадамша|бадамшы|батамшинский
city	Asubulak	49.5403	82.9947	KZ	5644	Асубулак	asubulak|асубулак|асубұлак
city	Ashchysay	43.5537	68.8979	KZ	5635	Ащисай	achi sai|achi-sai|achisai|achisay|achisayskiy|ashchysay|atschissa|ачисай|ащисай|ащысай
city	Shantobe	52.4538	68.1748	KZ	5626	Шантобе	shantobe|shantyube|шантобе|шаңтөбе
city	Ak-Dzhar	41.1742	75.7891	KG	5559	Ак-Джар	ak dzhar|ak jar|ak-dzhar|ak-jar|akdzhar|akjar|ак джар|ак-джар|акджар
city	Karabekaul	38.4846	64.1515	TM	5509	Карабекаул	garabekewul|karabekaul|карабекаул
city	Jilikul	37.4917	68.5311	TJ	5434	Dzhilikul’	dzhil'kul'|dzhilikol|dzhilikul|dzhilikul'|dzhilkul|jilikul
city	Bishkul	54.7776	69.0995	KZ	5423	Бишкуль	bishkul|бишкуль
city	Kalkaman	51.9535	76.0272	KZ	5415	Калкаман	kalkamak|kalkaman|kol' koman|kol'-koman|kol'koman|kol-koman|qalqaman|калкаман
city	Shahrinav	38.5709	68.3350	TJ	5385	Шахринав	cheptura|schachrinau|shahr e now|shahr-e now|shahre now|shahrinav|shakhrinau|shakhrinav|shakhrinay|шахринав
city	Akgonur	38.0907	58.0609	TM	5375	Акгонгур	akgonur|акгонгур
city	Novobod	39.0108	70.1508	TJ	5352	Навобод	navabad|novabad|novobod|nusratobod|nusstatobad|shul'mak|shulmak|навобод
city	Terekti	51.2221	51.9573	KZ	5338	Теректы	fedorovka|fyodorovka|terekti|terekty|теректы|теректі|федоровка
city	Panji Poyon	37.1944	68.5772	TJ	5303	Панджи Поён	kizyl kala|kizyl-kala|kizylkala|nizhni pyandzh|nizhniy pandzh|nizhniy pyandza|nizhniy pyandzh|nizhny panj|panji poyon|qizil qala|панджи поен
city	Torghay	49.6307	63.4903	KZ	5277	Тургай	torgay|torghay|turgai|turgaj|turgay|торгай|тургай
city	Karaaul	48.9451	79.2550	KZ	5261	Карааул	abay|karaaul|karaul|карааул|караауыл|караул|карауыл
city	Boz-Beshik	42.4325	77.9515	KG	5237	Боз-Бешик	basbeshik|bos beshik|bos-beshik|bosbeshik|boz beshik|boz-beshik|bozbeshik|peschanoye|боз бешик|боз-бешик|бозбешик
city	Ulken Naryn	49.2124	84.5076	KZ	5236	Bol’shenarymskoye	bol'shenarym|bol'shenarymskoe|bol'shenarymskoye|bol'shoy narymskoye|bol'shoye narymskoye|bolshenarym|bolshenarymskoe|bolshenarymskoye|bolshoy narymskoye|bolshoye narymskoye|ulken naryn|большенарымское|улкен нарын
city	Zhelezinka	53.5388	75.3133	KZ	5225	Железинка	zhelezinka|zhelezinskaya|zheleznenka|железинка
city	Fort-Shevchenko	44.5065	50.2639	KZ	5213	Форт-Шевченко	fort aleksandrovsk|fort aleksandrovskiy|fort schewtschenko|fort shevchenko|fort uritskogo|fort-schewtschenko|fort-shevchenko|fortschewtschenko|fortshevchenko|форт шевченко|форт-шевченко|фортшевченко
city	Serhetabat	35.2799	62.3438	TM	5200	Серхетабат	gushgy|kushk post|kushka|kushkinskiy post|serhetabat|серхетабат
city	Taeze eyyam	38.1725	58.0470	TM	5196	Тазе эйям	taeze eyyam|тазе эйям
city	Novodolinskiy	49.7065	72.7081	KZ	5167	Новодолинский	novodolinskiy|новодолинский
city	Kokpekty	48.7500	82.4000	KZ	5165	Kokpekty	kokpekty|көкпекті
city	Shohimardon	39.9832	71.8051	UZ	5100	Шахимардан	khamzaabad|kurort khamza abad|kurort khamza-abad|kurort khamzaabad|kurort shakhimardan|shahimardan|shakhimardan|shakimardan|shaymardan|shohimardon|шахимардан|шахімардан|шохимардон
city	Xorgos	44.2132	80.2061	KZ	5081	Хоргос	atameken|pedzhim|pendzhim|penjim|pidzhim|verkhniy penzhim|атамекен|пенджим
city	Cace	36.7559	60.4719	TM	5067	Чаача	akhcha tepe|akhcha-tepe|akhchadepe|akhchatepe|cace|чаача
city	Zhaksy	51.9106	67.3166	KZ	5001	Жаксы	dzhaksy|zhaksy|zhaqsy|жаксы
city	Cocieri	47.3017	29.1176	MD	4151	Кочиеры	cocieri|kochiyery|kokieri|kucheyer|kuchiyer|kuchiyery|кокиеры|кочиеры
city	Cantemir	46.2775	28.2005	MD	3829	Кантемир	cantemir|kantemir|qantemir|кантемир|кантемір
city	Khojavend	39.7950	47.1117	AZ	3700	Ходжавенд	khojavend|mardouni|marduni|martouni|martuni|novyy karanlug|yangi karanliq|yeni karanlig|жаңа каранлык|жаңы каранлык|нави каронлуг|ходжавенд
city	Lacin	39.6374	46.5498	AZ	2300	Лачин	berdzor|lachin|lacin|лачин|лачын
city	Sharan	33.1757	68.7305	AF	2200	Шаран	sharan|sharana|шаран
city	Ambrolauri	42.5232	43.1498	GE	1952	Амбролаури	ambralauri|ambrolauri|амбралауры|амбролаури|амбролаурі
city	Maydanshakhr	34.3956	68.8662	AF	1600	Майданшахр	maidan shar|maydanshakhr|майданшахр
city	Khizi	40.9085	49.0748	AZ	1600	Хызы	khizi|khizy|khyzy|xizi|хизи|хизі|хызы
city	Parun	35.4206	70.9226	AF	1000	Парун	parun|poruns|prasungul|puruns|парун
city	Amir Temur	41.0194	68.9408	UZ	0	Амир Тимур	amir temur|amir timur|emir timur|eski tashkent|eski toshkent|eski-tashkent|eskitashkent|iski tashkent|iski-tashkent|iskitashkent|амир тимур|амири тамура|әмір тимур
alias	Artashat						ararat|ararat province|ararati marz|develi|арарат|араратская|араратская область|марз арарат
alias	Kapan						syunik|syunik province|марз сюнік|сюник|сюникская|сюникская область|сюнік
alias	Yeghegnadzor						vayots dzor|vayots dzor province|vayots' dzor|вайоц дзор|вайоц-дзор|вайоцдзор|вайоцдзорская|вайоцдзорская область
alias	Yerevan						erivan|gorod yerevan|k'aghak' yerevan|kaghak yerevan|yerevan|ереван|ерэван
alias	Ashtarak						aragatsotn|aragatsotn province|aragatzotn|арагатсон|арагацотнская|арагацотнская область|марз арагацотн
alias	Gavar						geghark'unik'|geghark'unik'i marz|gegharkunik|gegharkunik province|gegharkuniki marz|гегаркуник|гегаркуникская|гегаркуникская область|гехаркуникская|гехаркуникская область|марз гегаркунік
alias	Hrazdan						kotayk|kotayk province|kotayk'|kotayk'i marz|kotayki marz|yelkovan|котайк|котайкская|котайкская область|марз катайк
alias	Vanadzor						lori|lori province|lorri|lorru marz|лори|лорийская|лорийская область
alias	Gyumri						shirak|shirak province|shirak viloyati|shiraki marz|марз шырак|ширак|ширакская|ширакская область
alias	Ijevan						taush|tavush|tavush province|tavush viloyati|tavushi marz|марз тавуш|тавуш|тавушская|тавушская область
alias	Beylagan						beylagan rayonu|beylaqan|zhdanov rayonu|zhdanovskiy rayon
alias	Zangilan						zangelanskiy rayon|zangilan district|zangilan tumani|zengilan rayonu|зангеланский район|зангеланський район|зангилан ауданы|зангилан районунун|нохияи зангилан
alias	Yardimli						vergyaduzskiy rayon|yardimli district|yardymlinskiy rayon|yardymly rayonu|йардымлы районунун|ярдимлинський район|ярдымлинский район|ярдымлы ауданы
alias	Shusha						shusha|shusha rayon|shusha rayonu|shushinskiy rayon|шуша
alias	Salyan						sal'yanskiy rayon|salyan|salyan district|salyan rayonu|salyan tumani|salyanskiy rayon|нохияи салян|сальянский район|сальянскі раен|сальянський район|салян ауданы|салян районунун
alias	Sabirabad						sabirabad|sabirabad district|sabirabad rayonu|sabirabad tumani|sabirabadskiy rayon|нохияи собиробод|сабирабад районунун|сабирабадский район|сабирабат ауданы|сабірабадський район
alias	Saatli						saatli|saatlinskiy rayon|saatly rayonu
alias	Pushkino (AZ)						belyasuvarskiy rayon|bilasuvar|bilasuvar district|bilasuvar rayon|bilasuvar tumani|bilesuvar rayonu|pushkin rayonu|pushkinskiy rayon|биласувар ауданы|биласувар районунун|билясуварский район|білясуварський район|нохияи биласувар
alias	Neftcala						neftcala|neftechalinskiy rayon
alias	Naxcivan						nakhchivan|nakhchivan autonomous|nakhchivan autonomous republic|nakhchivon assr|асср и нахчивон|асср-и нахчивон|ассри нахчивон|нахичеванская автономная|нахичеванская автономная республика|нахичевань|нахчыван акср|нахчыван асср|нахічеванська автономна республіка|нахічевань
alias	Masally						masalli|masallinskiy rayon|masally|masally rayonu|масалли|масаллинский район|масаллли|масаллінський район|нохияи масалли
alias	Lerik						lerik|lerik district|lerik rayonu|lerik tumani|lerikskiy rayon|zuvandinskiy rayon|zuvandskiy rayon|лерик ауданы|лерик районунун|лерикский район|лерікський район|нохияи лерик
alias	Lankaran						lankaran|lenkoranskiy rayon
alias	Lacin						lachin|lachin rayon|lachinskiy rayon|lachyn rayonu
alias	Qubadli						kubatlinskiy rayon|qubadli|qubadly rayonu
alias	Imishli						imishli rayonu|imishlinskiy rayon|imisli|karadonlinskiy rayon
alias	Fuzuli						fizulinskiy rayon|fuzuli district|fuzuliy tumani|karyaginskiy rayon|qacar|физулинский район|фузули ауданы|фузули районунун|фюзулінський район
alias	Jabrayil						dzhebrail'skiy rayon|dzhebrailskiy rayon|jabrayil|jabrayil district|jabrayil tumani|джабраил|джебраильский район
alias	Jalilabad						astrakhan bazarskiy rayon|astrakhan-bazarskiy rayon|astrakhanbazarskiy rayon|celilabad rayonu|dzhalilabadskiy rayon|jalilabad|jalilabad district|jalilabad rayon|jalilabad tumani|джалилабадский район|джалилабат|джалілабадський район
alias	Astara						astara|astara district|astara rayonu|astarinskiy rayon|астара|астаринский район|астаринський район|нохияи осторо
alias	Khojaly						askeranskiy rayon|khojaly|khojaly rayon|stepanakert rayonu|stepanakertskiy rayon
alias	Aghjabadi						agdzhabedinskiy rayon|aghjabadi rayon
alias	Aghdam						agdam|agdamskiy rayon|aghdam rayonu
alias	Sirvan						shirvan|ширван
alias	Shusha						shusha|shusha city|shusha shaxri|шахри шуша|шуша|шуша каласы|шуша шахры
alias	Tartar						tartar district|tartar tumani|terter rayonu|нохияи тертер|тартар ауданы|тартар районунун|тертерский район|тертерський район
alias	Khojavend						hocavend rayonu|khojavend|khojavend district|хаджавендскі раен|ходжавендский район|ходжавендський район|хожавенд
alias	Zardob						zardab|zardobskiy rayon|зардаб|зардоб|зардобский район
alias	Zaqatala						zakatal'skiy rayon|zakatala rayonu|zakatalskiy rayon|zaqatala|zaqatala district|zaqatala rayonu|zaqatala tumani|загатальський район|закатала ауданы|закаталы районунун|закатальский район|нохияи загатала
alias	Yevlakh						yevlakh rayonu|yevlakhskiy rayon|yevlax|yevlax rayonu
alias	Oguz						oguz|vartashen rayonu|vartashenskiy rayon
alias	Ujar						ucar|ucar rayonu|udzharskiy rayon|ujar rayonu
alias	Tovuz						tauzskiy rayon|tovuz|tovuz district|tovuz rayonu|tuvuz tumani|нохияи товуз|тивиз районунун|товузский район|товузький район|тівіз ауданы
alias	Shamakhi						samaxi|shamakhy rayonu|shemakhinskiy rayon
alias	Sheki						nukhinskiy rayon|shaki|shekinskiy rayon|шаки|шеки
alias	Shamkhir						shamkhor rayonu|shamkhorskiy rayon|shamkir rayon
alias	Kyurdarmir						kordamir tumani|kurdamir district|kyurdamirskiy rayon|кордамир районунун|кюрдамирский район|кюрдамирський район|кұрдамір ауданы|нохияи курдамир
alias	Qabala						kabala rayonu|kutkashenskiy rayon|qabala district|qabala tumani|qutqashen rayonu|габалинский район|габалинський район|кабала ауданы|кабала районунун|нохияи кабала
alias	Qusar						gil'skiy rayon|gilskiy rayon|kusar rayonu|kusarskiy rayon|qusar|qusar district|qusar rayonu|qusar tumani|гусарский район|гусарський район|кусар районунун|кұсар ауданы|нохияи кусор
alias	Quba						kubinskiy rayon|quba|quba rayonu
alias	Goygol						goygol rayon|khanlar rayonu|khanlarskiy rayon|narimanovskiy rayon
alias	Xacmaz						khachmasskiy rayon|khachmaz rayonu|xacmaz
alias	Kalbajar						kalbajar|kalbajar district|kalbajar tumani|kel'badzharskiy rayon|kelbadzharskiy rayon|калбаджар|кельбаджарский район|кельбаджарський район
alias	Gazakh						kazakhskiy rayon|qazakh rayonu|qazax|qazax rayonu
alias	Goranboy						goranboy|goranboy district|goranboy rayonu|kasum ismailovskiy rayon|kasum-ismailovskiy rayon|kasumismailovskiy rayon|qasym ismayylov rayonu|qoranboy district|геранбойский район|геранбойскі раен|геранбойський район|нохияи горанбой
alias	Qax						kakhskiy rayon|qakh rayonu|qax rayonu
alias	Ismayilli						ismaillinskiy rayon|ismayilli district|ismayylly rayonu|исмаиллинский район
alias	Goeycay						geokchayskiy rayon|goeycay
alias	Divichibazar						shabran|shabran district|shabran rayon|нохияи шаброн|шабранский район|шабранський район
alias	Dashkasan						dashkasan rayon|dashkesanskiy rayon|dastafyurskiy rayon
alias	Belokany						balakan district|balaken rayonu|belokanskiy rayon|балакенский район|балакенський район|нохияи балакен
alias	Barda						barda|barda district|bardinskiy rayon|berde rayonu|бардинский район|бардинський район|нохияи барда
alias	Boku						baki|baku sahari|gorod baku|баку
alias	Khirdalan						abseron|absheron rayonu|apsheronskiy rayon|апшеронский район
alias	Aghsu						aghsu rayonu|agsu district|akhsuinskiy rayon|агсу|агсуський район|ахсуйский район
alias	Agdas						agdas|agdashskiy rayon|aghdash rayonu
alias	Gadabay						gadabay district|gedebey rayonu|kedabekskiy rayon|кедабекский район|кедабекський район|нохияи гадабей
alias	Aghstafa						agstafa
alias	Ganja						ganja|ganja city|гянджа
alias	Mingachevir						mingacevir|mingacevir city|mingacevir sahari|шахри mingacevir
alias	Naftalan						naftalan
alias	Gobustan						qobustan|qobustan rayonu
alias	Samukh						samux|samux rayonu
alias	Sheki						shaki|shaki city|шахри shaki
alias	Siyazan						siazan rayon
alias	Sumgayit						sumqayit|sumqayit sahari|сумгаит
alias	Khizi						xizi
alias	Yevlakh						avlakh|evlakh|jewlach|yevlax|yevlax city|евлах|шахри yevlax
alias	Haciqabul						haciqabul
alias	Vitebsk						vitebsk|vitebsk oblast|vitebsk region|vitebsk viloyati|vitebskaya|vitebskaya '|vitebskaya oblast|vitebskaya oblast'|vitsyebskaya voblasts|vitsyebskaya voblasts'|вилояти витебск|витебск|витебск облусу|витебская|витебская область|вітебська|вітебська область|віцебская вобласць
alias	Mahilyow						mahilyowskaya voblasts|mahilyowskaya voblasts'|mogilev|mogilev region|магілеуская вобласць|могилев|могилевская|могилевская oбласть|могилевская область
alias	Minsk						minsk|minsk oblast|minsk region|minsk viloyati|minskaya|minskaya '|minskaya oblast|minskaya oblast'|minskaya voblasts|minskaya voblasts'|вилояти минск|минск|минск облысы|минская|минская область|мінская вобласць|мінська|мінська область
alias	Minsk						gorod geroy minsk|gorod minsk|gorod-geroy minsk|gorodgeroy minsk|horad minsk|minsk|minsk city|горад мінск|минск|мінск|мінськ
alias	Hrodna						grodnenskaya|grodnenskaya '|grodnenskaya oblast|grodnenskaya oblast'|grodno|grodnyenskaya|grodnyenskaya oblast|hrodzyenskaya voblasts|hrodzyenskaya voblasts'|qrodno|гродзенская вобласць|гродненская|гродненская oбласть|гродненская область
alias	Gomel						gomel|gomel oblast|gomel viloyati|gomelskaya|gomelskaya oblast|homyel voblasc|homyel' voblasc'|homyelskaya voblasts|вилояти гомель|гомель|гомельская|гомельская oбласть|гомельская вобластсь|гомельская вобласць|гомельская область
alias	Brest						brest|brest oblast|brestskaya|brestskaya '|brestskaya oblast|brestskaya oblast'|brestskaya voblasts|brestskaya voblasts'|byeras'tseyskaya voblasts'|byerastseyskaya voblasts|брест|брестская|брестская oбласть|брестская область|брэстская вобластсь|брэсцкая вобласць
alias	Tbilisi						gorod tbilisi|t'bilisi|tbilisi|tiflis|тбилиси|тбілісі|тифлис
alias	Batumi						acara|achara|adjara|ajariya|autonomous adjara|автономная аджария|автономная республика аджария|аджария|аджарыя|аджарія|ажария
alias	Rustavi						kvemo kartli|kvemo-kartli|kvemokartli|квема картлі|квемо картли|квемо картлі|квемо-картли|квемокартли|төмен картли|төмөн картли
alias	Telavi						kaheti|kakheti|kaxeti|кахети|кахетия|кахетыя|кахеті
alias	Ozurgeti						guria|quriya|гурия|гурыя
alias	Kutaisi						i mereti|imereti|imeretiya|имерети|имеретия|имеретия патшалыгы|імереті|імерэція
alias	Gori						shida kartli|shida-kartli|shidakartli|орта картли|орто картли|шида картли|шида картлі|шида-картли|шида-картлі|шидакартли|шидакартлі|шыда картлі
alias	Mtskheta						mtsheta mtianeti|mtsheta-mtianeti|mtshetamtianeti|mtskheta mtianeti|mtskheta-mtianeti|mtskhetamtianeti|mtsxeta mtianeti|mtsxeta-mtianeti|mtsxetamtianeti|мцхета мтиане|мцхета мтианети|мцхета мтыянеці|мцхета мтіанеті|мцхета-мтиане|мцхета-мтианети|мцхета-мтыянеці|мцхета-мтіанеті|мцхетамтиане|мцхетамтианети|мцхетамтыянеці|мцхетамтіанеті
alias	Zugdidi						samegrelo yuqori svanetiya|samegrelo zemo svaneti|samegrelo-yuqori svanetiya|samegrelo-zemo svaneti|samegreloyuqori svanetiya|samegrelozemo svaneti|самегрело земо сванети|самегрело земо-сванети|самегрело земосванети|самегрэла зема сванеці|самегрэла-зема сванеці|самегрэлазема сванеці
alias	Akhaltsikhe						samtshe cavaheti|samtshe-cavaheti|samtshecavaheti|samtskhe javakheti|samtskhe-javakheti|samtskhejavakheti|самцхе джавахети|самцхе джавахеті|самцхе жавахет|самцхе жавахети|самцхе-джавахети|самцхе-джавахеті|самцхе-жавахет|самцхе-жавахети|самцхеджавахети|самцхеджавахеті|самцхежавахет|самцхежавахети|самцхэ джавахеты|самцхэ-джавахеты|самцхэджавахеты
alias	Sokhumi						abasia|abhazya|abkhasia|abkhazia|abkhaziya|abkhazskaya assr|abxaziya|ap'khazet'is avtonomiuri|ap'khazet'is avtonomiuri respublika|apkhazetis avtonomiuri|apkhazetis avtonomiuri respublika|абхазия|абхазія
alias	Osh						o'sh|osh region|oshskaya|oshskaya '|oshskaya oblast|oshskaya oblast'|ош облусу|ош облысы|ошская|ошская вобласць|ошская область|ошська|ошська область
alias	Batken						batken|batken i li|batken oblasty|batken oblusu|batkenskaya|batkenskaya '|batkenskaya oblast|batkenskaya oblast'|botken|баткен|баткен облусу|баткен облысы|баткенская|баткенская вобласць|баткенская область|баткенська|баткенська область|бодканд|вилояти бодканд
alias	Talas						talas|talas i li|talas oblasty|talas oblusu|talas region|talasskaya|talasskaya '|talasskaya oblast|talasskaya oblast'|вилояти талас|талас|талас облусу|талас облысы|талаская вобласць|таласская|таласская область|таласька|таласька область
alias	Naryn						naryn|naryn oblasty|naryn oblusu|naryn region|narynskaya|narynskaya '|narynskaya oblast|narynskaya oblast'|norin|вилояти нарин|нарин|наринська|наринська область|нарын|нарын облусу|нарын облысы|нарынская|нарынская вобласць|нарынская область
alias	Balykchy						issiq ko'l|issiq-ko'l|issiq-kol|issiq-kul|issiqko'l|issyk kul|issyk kul region|issyk kul'skaya '|issyk kul'skaya oblast'|issyk-kul|issyk-kul region|issyk-kul'skaya '|issyk-kul'skaya oblast'|issyk-kulskaya|issyk-kulskaya oblast|issykkul|issykkul region|issykkul'skaya '|issykkul'skaya oblast'|вилояти иссик кул|вилояти иссик-кул|вилояти иссиккул|иссик кул|иссик-кул|иссиккул|иссык кульская|иссык кульская область|иссык-кульская|иссык-кульская область|иссыккульская|иссыккульская область|ыстыккөл|ыстыккөл облысы|ысык көл|ысык көл облусу|ысык-көл|ысык-көл облусу|ысыккөл|ысыккөл облусу|іссик кульська|іссик кульська область|іссик-кульська|іссик-кульська область|іссиккульська|іссиккульська область|ісык кульская вобласць|ісык-кульская вобласць|ісыккульская вобласць
alias	Bishkek						bishkek|bishkek shaary|frunze|gorod bishkek|gorod frunze|бишкек|бишкек шаары|бішкек|город бишкек|душанбе|фрунзе
alias	Jalal-Abad						celal-abad i li|celalabad i li|dzhalal abadskaya '|dzhalal abadskaya oblast'|dzhalal-abadskaya|dzhalal-abadskaya '|dzhalal-abadskaya oblast|dzhalal-abadskaya oblast'|dzhalalabadskaya '|dzhalalabadskaya oblast'|jalal abad|jalal abad oblasty|jalal abad oblusu|jalal abad region|jalal-abad|jalal-abad oblasty|jalal-abad oblusu|jalal-abad region|jalalabad|jalalabad oblasty|jalalabad oblusu|jalalabad region|jalolobod|джалал абадская|джалал абадская вобласць|джалал абадская область|джалал абадська|джалал абадська область|джалал-абадская|джалал-абадская вобласць|джалал-абадская область|джалал-абадська|джалал-абадська область|джалалабадская|джалалабадская вобласць|джалалабадская область|джалалабадська|джалалабадська область|жалал абад|жалал абад облусу|жалал-абад|жалал-абад облусу|жалалабад|жалалабад облусу|жалалабат|жалалабат облысы
alias	Tokmok						chuy|chuy region|chuyskaya|chuyskaya '|chuyskaya oblast|chuyskaya oblast'|вилояти чуй|чуйская|чуйская вобласць|чуйская область|чуйська|чуйська область|чүй облусу|шу облысы
alias	Osh						osh city
alias	Oral						batys qazaqstan|batys qazaqstan oblysy|batys qozog'iston|batys qozogiston|ural'skaya '|ural'skaya oblast'|uralskaya|uralskaya oblast|west kazakhstan|zapadno kazakhstanskaya '|zapadno kazakhstanskaya oblast'|zapadno-kazakhstanskaya|zapadno-kazakhstanskaya '|zapadno-kazakhstanskaya oblast|zapadno-kazakhstanskaya oblast'|zapadnokazakhstanskaya '|zapadnokazakhstanskaya oblast'|батыс казакстан|батыс казакстан облысы|западно казахстанская|западно казахстанская область|западно-казахстанская|западно-казахстанская область|западноказахстанская|западноказахстанская область
alias	Aqtau						mang'itau|mangistauskaya|mangistauskaya '|mangistauskaya oblast|mangistauskaya oblast'|mangitau|mangyshlak|mangyshlak '|mangyshlak oblast|mangyshlak oblast'|mangyshlakskaya|mangyshlakskaya '|mangyshlakskaya oblast|mangyshlakskaya oblast'|mangystau|мангистау|мангистауская|мангистауская область|мангитау|маңгыстау|маңгыстау облысы
alias	Atyrau						atyrau|atyrau oblisi|atyraw|atyraw oblisi|атирау облиси|атырау|атырау облисы|атырау облысы|атырауская|атырауская область
alias	Aqtobe						aktobe|aktyubinsk|aktyubinsk oblast|aktyubinskaya|aktyubinskaya '|aktyubinskaya oblast|aktyubinskaya oblast'|aqto'be|aqtobe|aqtube|актюбинская|актюбинская область|актөбе|актөбе облысы
alias	Oskemen						east kazakhstan|sharqiy qozog'iston|sharqiy qozogiston|shigis qazaqstan|shyghys qazaqstan|shyghys qazaqstan oblysy|vostochno kazakhstanskaya '|vostochno kazakhstanskaya oblast'|vostochno-kazakhstanskaya|vostochno-kazakhstanskaya '|vostochno-kazakhstanskaya oblast|vostochno-kazakhstanskaya oblast'|vostochnokazakhstanskaya '|vostochnokazakhstanskaya oblast'|восточно казахстанская|восточно казахстанская область|восточно-казахстанская|восточно-казахстанская область|восточноказахстанская|восточноказахстанская область|чыгыш казакстан|чыгыш казакстан облусу|шыгыс казакстан|шыгыс казакстан облысы
alias	Kokshetau						akmola|akmolinskaya|akmolinskaya '|akmolinskaya oblast|akmolinskaya oblast'|aqmola|aqmola oblysy|tselinogradskaya|tselinogradskaya '|tselinogradskaya oblast|tselinogradskaya oblast'|акмола|акмола облысы|акмолинская|акмолинская область
alias	Petropavl						north kazakhstan|severo kazakhstanskaya '|severo kazakhstanskaya oblast'|severo-kazakhstanskaya|severo-kazakhstanskaya '|severo-kazakhstanskaya oblast|severo-kazakhstanskaya oblast'|severokazakhstanskaya '|severokazakhstanskaya oblast'|shimoliy qozog'iston|shimoliy qozogiston|северо казахстанская|северо казахстанская область|северо-казахстанская|северо-казахстанская область|североказахстанская|североказахстанская область|солтүстік казакстан|солтүстік казакстан облысы|түндүк казакстан
alias	Pavlodar						pavlodar|pavlodar eyaleti|pavlodar oblysy|pavlodar region|pavlodar viloyati|pavlodarskaya|pavlodarskaya '|pavlodarskaya oblast|pavlodarskaya oblast'|вилояти павлодар|павлодар|павлодар областы|павлодар облысы|павлодарская|павлодарская область|павлодарська|павлодарська область|пауладарская вобласць
alias	Qyzylorda						kyzl orda '|kyzl orda oblast'|kyzl-orda|kyzl-orda '|kyzl-orda oblast|kyzl-orda oblast'|kyzlorda '|kyzlorda oblast'|kyzylorda|kyzylordinskaya|kyzylordinskaya '|kyzylordinskaya oblast|kyzylordinskaya oblast'|kzyl ordinskaya '|kzyl ordinskaya oblast'|kzyl-ordinskaya|kzyl-ordinskaya '|kzyl-ordinskaya oblast|kzyl-ordinskaya oblast'|kzylordinskaya '|kzylordinskaya oblast'|qizilorda|qyzylorda|qyzylorda oblysy|кизилорда|кызылорда|кызылорда облысы|кызылординская|кызылординская область
alias	Qostanay						kostanay|kostanayskaya|kostanayskaya '|kostanayskaya oblast|kostanayskaya oblast'|kustanayskaya|kustanayskaya '|kustanayskaya oblast|kustanayskaya oblast'|qostanay|qostanay oblysy|костанай|костанай облысы|костанайская|костанайская область
alias	Qaraganda						karaganda|karaganda '|karaganda oblast|karaganda oblast'|karaganda region|karagandinskaya|karagandinskaya '|karagandinskaya oblast|karagandinskaya oblast'|qarag'andi|qarag'andi viloyati|qaragandi|qaragandi viloyati|qaraghandy|qaraghandy oblysy|карагандзінская вобласць|карагандинская|карагандинская область|карагандинська|карагандинська область|караганды|караганды облусу|караганды облысы
alias	Taraz						dzhambul|dzhambul '|dzhambul oblast|dzhambul oblast'|dzhambulskaya|dzhambulskaya '|dzhambulskaya oblast|dzhambulskaya oblast'|jambul|zhambil|zhambyl|zhambyl oblysy|zhambylskaya|zhambylskaya '|zhambylskaya oblast|zhambylskaya oblast'|жамбил|жамбыл|жамбыл облысы|жамбылская|жамбылская область
alias	Turkiston						turkistan|turkistan oblast|turkiston|туркестан|туркестанская|туркестанская область|туркистон|түркстан|түркстан облусу|түркістан|түркістан облысы
alias	Almaty						almata|almaty|almota|verny|алматы
alias	Almaty						almata|almata oblisi|almatinskaya|almatinskaya '|almatinskaya oblast|almatinskaya oblast'|almaty|almaty oblysy|almaty region|almota|almota oblisi|алматинская|алматинская область|алматы|алматы облысы
alias	Shymkent						shimkent|shymkent|шимкент|шымкент
alias	Baikonur						baikonur|baykonur|baykonyr|bayqongyr|bayqongyr qalasy|gorod baykonyr|байконур|байкоңыр|байкоңыр каласы|байкунур|город байконыр
alias	Astana						astana|астана
alias	Semey						abai|abai region|abay|abay region|абай|абай region|абай облысы|абайская|абайская область|вилояти абай
alias	Taldykorgan						jetisu|jetisu region|zhetysu|zhetysu region|вилояти жетісу|жети суу|жети суу облусу|жети-суу|жети-суу облусу|жетисуу|жетисуу облусу|жетысуская|жетысуская область|жетісу|жетісу облысы
alias	Zhezqazghan						ulytau|ulytau region|вилояти улитау|улитау|улытауская|улытауская область|ұлытау|ұлытау region|ұлытау облысы
alias	Edinet						edinet rayoni|edinet rayonu|raionul edinet|yedinitskiy rayon|единецкий район|рахони эдинец|эдинец ауданы|эдинец району
alias	Ungheni						raionul ungheni|ungenskiy rayon|ungheni|unqeni|унгени|унгенский район|унгенський район
alias	Telenesti						teleneshti|teleneshtskiy rayon|telenesti|теленешти|теленештский район|теленештський район|телуништи|целянешцкі раен
alias	Taraclia						raionul taraclia|taraclia|taraclia district|taraclia ili|taraklia|tarakliyskiy rayon|тараклийский район|таракля|тараклійскі раен|тараклійський район
alias	Stefan Voda						stefan voda|stefan-voda|stefanvoda|suvorovskiy rayon|стефан вода|стефан-вода|стефанвода|суворовский район
alias	Straseni						straseni|strasheni|strashenskiy rayon|страшенский район|страшенський район|страшены|страшон|страшэнскі раен
alias	Soroca						raionul soroca|soroca|soroca district|soroka rayoni|soroka rayonu|sorokskiy rayon|suryaka|suryaka ili|рахони сорока|сорока ауданы|сорока району|сорокский район|сороцький район
alias	Riscani						riscani|riskani|ryshkanskiy rayon|рискани|ришканський район|рышканский район|рышканскі раен
alias	Rezina						raionul rezina|rezina|rezina district|rezina ili|rezinskiy rayon|резина|резинский район|резинський район
alias	Orhei						orgeyevskiy rayon|orhei|orhei district|orhey|raionul orhei|оргеевский район|орхей
alias	Ocnita						oknitsa rayoni|oknitsa rayonu|oknitskiy rayon|raionul ocnita|окница ауданы|окница району|окницкий район|рахони окница
alias	Anenii Noi						anenii noi|anenii noi district|anenii noi ili|anenii noy|bul'bokskiy rayon|bulbokskiy rayon|novoanenskiy rayon|novoannen rayonu|raionul anenii noi|анений ной|аненій нойський район|аненій-нойський район|аненійнойський район|новоаненский район
alias	Nisporeni						nisporeni|nisporeni district|nisporeni ili|nisporenskiy rayon|raionul nisporeni|нисporeni|ниспорени|ниспоренский район|ніспоренський район
alias	Leova						leova|leova district|leova ili|leovskiy rayon|леова|леовский район|леовський район
alias	Singerei						lazovskiy rayon|sincierey|sindzhirey|singerei|synzhereyskiy rayon|синджерей|синжерейський район|сынжарэйскі раен|сынжерейский район
alias	Criuleni						criuleni|criuleni district|criuleni ili|kriuleni|kriulyanskiy rayon|raionul criuleni|криулени|криулянский район|кріуленський район
alias	Ialoveni						ialoveni|ialoveni district|ialoveni ili|raionul ialoveni|yaloveni|yalovenni|яловени|яловенский район|яловенський район
alias	Chisinau						chishinau shahar|chisinau municipality|кишинау шаары|кишинев|кишинен|кишинәу каласы|шахри кишинен
alias	Causeni						causeni|kaushanskiy rayon
alias	Cantemir						cantemir|cantemir district|kandemir|kantemir|kantemir rayonu|kantemirskiy rayon|raionul cantemir|кантемир|кантемирский район|кантемірський район
alias	Calarasi						calarasi|kalarashskiy rayon
alias	Cahul						cahul|kagul'skiy rayon|kagulskiy rayon|kahul|kartal|kartal ili|raionul cahul|кагульский район|кагульський район|кахул|кахульскі раен
alias	Glodeni						glodeni|glodeni district|glodeni ili|glodyanskiy rayon|raionul glodeni|глодени|глоденський район|глодянский район
alias	Floresti						floreshtskiy rayon|floresti|нохияи флорешти|фларэшцкі раен|флорешти|флорештский район|флорештський район
alias	Falesti						falesti|фалешти|фалештский район|фалештський район
alias	Cocieri						dubasari district|dubasari rayoni|dubasari rayonu|dubossarskiy rayon|дубасары району|дубесарський район|дубоссарский район|дубәсәры ауданы
alias	Drochia						drochia|drokiya|drokiyevskiy rayon|raionul drochia|дрокиевский район|дрокия
alias	Donduseni						donduseni|dondyushanskiy rayon|дандзюшанскі раен|дондусени|дондушени|дондушенський район|дондюшанский район
alias	Cimislia						chimishliyskiy rayon|cimislia|цимишлия|чимишлийский район|чимішлійський район
alias	Briceni						briceni|briceni district|briceni ili|brichanskiy rayon|lipkanskiy rayon|raionul briceni|бричанский район|бричанський район|бричени|брычанскі раен|нохияи бричан
alias	Basarabeasca						basarabeasca|basarabeasca district|besarabka|besarabka ili|bessarabskiy rayon|raionul basarabeasca|басарабиаска|бессарабский район|бессарабський район
alias	Hincesti						hincesti|гинчештський район|хынчешти|хынчештский район|хынчешты|хынчэшцкі раен
alias	Soldanesti						sholdaneshtskiy rayon|soldanesti|солданешти|солдэнешты|шолданештский район|шолданештський район
alias	Tiraspol						transnistiya|transnistria|приднестровья|придністров'я|придністровя|трансництрия|трансністрия
alias	Comrat						gagauzia|gagauziya|gagauzystan|gagavuzya|qaqauziya|гагаузия|гагаузія|гәгәузия
alias	Bender						bender|bender municipality|bender shahar|bender shahar okrugi|bendery|tighina|бендер калалык округі|бендер шаардык округу|бендеры|нохияи бендер|нохияи шахри бендер
alias	Balti						balti
alias	Yaroslavl						jaroslavl|yaroslavl|yaroslavl oblast|yaroslavl viloyati|yaroslavl'|yaroslavl' oblast|yaroslavskaya|yaroslavskaya '|yaroslavskaya oblast|yaroslavskaya oblast'|вилояти ярославл|яраслауская вобласць|ярославл|ярославль|ярославль область|ярославль облысы|ярославская|ярославская область|ярославська|ярославська область
alias	Voronej						voronej|voronej viloyati|voronezh|voronezh oblast|voronezhskaya|voronezhskaya '|voronezhskaya oblast|voronezhskaya oblast'|voronezj|варонежская вобласць|вилояти воронеж|воронеж|воронеж областы|воронежская|воронежская область|воронезька|воронезька область|вронеж|вронеж облысы
alias	Vologda						vologda|vologda oblast|vologda viloyati|vologodskaya|vologodskaya '|vologodskaya oblast|vologodskaya oblast'|валагодская вобласць|вилояти вологда|вологда|вологда областы|вологда облысы|вологодская|вологодская область|вологодська|вологодська область
alias	Volgograd						volgograd|volgograd oblast|volgograd viloyati|volgogradskaya|volgogradskaya '|volgogradskaya oblast|volgogradskaya oblast'|валгаградская вобласць|вилояти волгоград|волгоград|волгоград областы|волгоград облысы|волгоградская|волгоградская область|волгоградська|волгоградська область
alias	Ulyanovsk						ul'yanovsk|ul'yanovsk oblast|ul'yanovskaya '|ul'yanovskaya oblast'|uljanovsk|ulyanov|ulyanov viloyati|ulyanovsk|ulyanovsk oblast|ulyanovskaya|ulyanovskaya oblast|вилояти уляновск|ульянауская вобласць|ульяновск|ульяновск область|ульяновск облысы|ульяновская|ульяновская область|ульяновська|ульяновська область|уляновск
alias	Ijevsk						udmurtia|udmurtiya|udmurtiya republic|udmurtiya respublikasi|udmurtskaya|udmurtskaya assr|udmurtskaya respublika|республика удмуртия|удмуртия|удмуртия республикасы|удмуртская|удмуртская республика
alias	Tver						kalinin|kalinin oblast|kalininskaya|kalininskaya '|kalininskaya oblast|kalininskaya oblast'|tver|tver oblast|tver viloyati|tver'|tver' oblast|tverskaya|tverskaya '|tverskaya oblast|tverskaya oblast'|вилояти тверь|тверская|тверская область|тверська|тверська область|тверь|тверь область|тверь облысы|цвярская вобласць
alias	Tula						tul'skaya '|tul'skaya oblast'|tula|tula oblast|tula viloyati|tulskaya|tulskaya oblast|вилояти тула|тула|тула область|тула облысы|тульская|тульская вобласць|тульская область|тульська|тульська область
alias	Qozon						respublika tatarstan|tataristan|tataristan cumhuriyeti|tatarskaya assr|tatarstan|tatarstan republic|tatarstan respublikasi|республика татарстан|татарстан|татарстан республикасы
alias	Tambov						tambov|tambov oblast|tambov viloyati|tambovskaya|tambovskaya '|tambovskaya oblast|tambovskaya oblast'|вилояти тамбов|тамбов|тамбов область|тамбов облысы|тамбовская|тамбовская область|тамбовська|тамбовська область|тамбоуская вобласць
alias	Stavropol						stavropol|stavropol krai|stavropol kray|stavropol o'lkasi|stavropol olkasi|stavropol ulkasi|stavropol'|stavropol' kray|stavropol'skiy|stavropol'skiy kray|stavropol'ya|stavropolskiy|stavropolskiy kray|stavropolsky|stavropolsky kray|stavropolya|краи ставрополь|ставропол|ставропол край|ставрополь өлкесі|ставрополье|ставропольский|ставропольский край|ставропольський|ставропольський край|стаурапольскі|стаурапольскі край
alias	Smolensk						smolensk|smolensk oblast|smolensk viloyati|smolenskaya|smolenskaya '|smolenskaya oblast|smolenskaya oblast'|вилояти смоленск|смаленская вобласць|смоленск|смоленск область|смоленск облысы|смоленская|смоленская область|смоленська|смоленська область
alias	Saratov						saratov|saratov oblast|saratov viloyati|saratovskaya|saratovskaya oblast|вилояти саратов|саратауская вобласць|саратов|саратов область|саратов облысы|саратовская|саратовская область|саратовська|саратовська область
alias	Samara						kuybyshev|kuybyshev oblast|kuybyshevskaya|kuybyshevskaya '|kuybyshevskaya oblast|kuybyshevskaya oblast'|samara|samara oblast|samara viloyati|samarskaya|samarskaya '|samarskaya oblast|samarskaya oblast'|вилояти самара|самара|самара область|самара облысы|самарская|самарская вобласць|самарская область|самарська|самарська область
alias	Ryazan						riazan|riazan oblast|rjazan|ryazan|ryazan oblast|ryazan viloyati|ryazan'|ryazan' oblast|ryazanskaya|ryazanskaya '|ryazanskaya oblast|ryazanskaya oblast'|вилояти рязан|разанская вобласць|рязан|рязанская|рязанская область|рязанська|рязанська область|рязань|рязань область|рязань облысы
alias	Rostov-na-Donu						rostov|rostov oblast|rostov viloyati|rostovskaya|rostovskaya '|rostovskaya oblast|rostovskaya oblast'|rostow oblasty|вилояти ростов|растоуская вобласць|ростов|ростов область|ростов облысы|ростовская|ростовская область|ростовська|ростовська область
alias	Pskov						pskov|pskov oblast|pskov viloyati|pskovskaya|pskovskaya '|pskovskaya oblast|pskovskaya oblast'|вилояти псков|псков|псков областы|псков облысы|псковская|псковская область|псковська|псковська область|пскоуская вобласць
alias	Perm						molotov|molotov oblast|molotovskaya|molotovskaya '|molotovskaya oblast|molotovskaya oblast'|perm|perm krai|permskiy|permskiy o'lkasi|permskiy olkasi|permskiy ulkasi|permsky|permsky kray|краи пермь|пермский|пермский край|пермскі|пермскі край|пермський|пермський край|пермь|пермь край
alias	Penza						penza|penza oblast|penza viloyati|penzenskaya|penzenskaya '|penzenskaya oblast|penzenskaya oblast'|вилояти пенза|пенза|пенза область|пенза облысы|пензенская|пензенская вобласць|пензенская область|пензенська|пензенська область
alias	Oryol						orel|orel oblast|orjol|orlovshchina|orlovskaya|orlovskaya '|orlovskaya oblast|orlovskaya oblast'|oryol|oryol oblast|oryol viloyati|арлоуская вобласць|вилояти орел|орел|орел область|орел облысы|орловская|орловская область|орловська|орловська область|орловщина
alias	Orenburg						chkalov|chkalov oblast|chkalovskaya|chkalovskaya '|chkalovskaya oblast|chkalovskaya oblast'|orenburg|orenburg oblast|orenburgskaya|orenburgskaya '|orenburgskaya oblast|orenburgskaya oblast'|вилояти оренбург|оренбург|оренбургская|оренбургская область|орынбор|орынбор область|орынбор облысы
alias	Velikiy Novgorod						novgorod|novgorod oblast|novgorod viloyati|novgorodskaya|novgorodskaya '|novgorodskaya oblast|novgorodskaya oblast'|вилояти новгород|наугародская вобласць|новгород|новгород область|новгород облысы|новгородская|новгородская область|новгородська|новгородська область
alias	Vladikavkaz						kuzey osetya alanya|kuzey osetya-alanya|kuzey osetyaalanya|north ossetia|north ossetia alania|north ossetia-alania|north ossetiaalania|respublika severnaya osetiya|respublika severnaya osetiya-alaniya|respublika severnaya osetiyaalaniya|severnaya osetiya|severnaya osetiya alaniya|severnaya osetiya-alaniya|severnaya osetiyaalaniya|severo osetinskaya assr|severo-osetinskaya assr|severoosetinskaya assr|shimoliy osetiya alaniya|осетияи шимоли алания|осетияи шимоли-алания|осетияи шимолиалания|пауночная асеція аланія|північна осетія аланія|республика северная осетия|республика северная осетия-алания|республика северная осетияалания|северная осетия|северная осетия алания|северная осетия-алания|северная осетияалания|солтүстік осетия|түндүк осетия
alias	Nar'yan-Mar						nenets|nenets autonomous|nenets autonomous okrug|nenetsia|nenetskii natsional'nyi|nenetskii natsional'nyi okrug|nenetskii natsionalnyi|nenetskii natsionalnyi okrug|nenetskiy avtonomnyy|nenetskiy avtonomnyy okrug|nenetskiy natsional'nyy|nenetskiy natsional'nyy okrug|nenetskiy natsionalnyy|nenetskiy natsionalnyy okrug|nenetslar|nenetslar muxtor okrugi|ненец автономия округу|ненец округі|ненецкая аутаномная акруга|ненецкий|ненецкий автономный округ|ненецкий ао|ненецький автономний|ненецький автономний округ|округи худудии ненец
alias	Murmansk						murmansk|murmansk oblast|murmansk viloyati|murmanskaya|murmanskaya '|murmanskaya oblast|murmanskaya oblast'|вилояти мурманск|кольский|кольский край|мурмания|мурманск|мурманск область|мурманск облысы|мурманская|мурманская вобласць|мурманская область|мурманский|мурманский край|мурманский регион|мурманська|мурманська область|мурманчания|мурманщина|подмурманье
alias	Moskva						moscow|moskva|маскөө|москва|мәскеу
alias	Moskva						moscow|moscow oblast|moskovskaya|moskovskaya oblast|moskva|moskva oblasti|podmoskovye|вилояти маскав|маскав|маскоуская вобласць|москва областы|московская|московская область|московська|московська область|мәскеу|мәскеу облысы|подмосковье
alias	Saransk						jumhuриби мордовия|mordovia|mordoviya|mordoviya republic|mordovya|mordvinia|mordzin|respublika mordoviya|мардовія|мордовия|мордовская|мордовская республика|мордовія|республика мордовия
alias	Yoshkar-Ola						jumhuриби марий эл|jumhuриби марий-эл|jumhuриби марийэл|mari el|mariy el|mariy el republic|mariy-el|mariy-el republic|mariyel|mariyel republic|respublika mariy el|respublika mariy-el|respublika mariyel|марий эл|марий эл республикасы|марий-эл|марийэл|марый эл|марій ел|республика марий эл|республика марий-эл|республика марийэл
alias	Lipetsk						lipetsk|lipetsk oblast|lipetsk viloyati|lipetskaya|lipetskaya '|lipetskaya oblast|lipetskaya oblast'|вилояти липецк|липецк|липецк облысы|липецкая|липецкая область|липецкий областы|липецька|липецька область|ліпецкая вобласць
alias	Sankt-Peterburg						leningrad|leningrad eyaleti|leningrad oblast|leningrad viloyati|leningradskaya|leningradskaya '|leningradskaya oblast|leningradskaya oblast'|вилояти ленинград|ленинград|ленинград облусу|ленинград облысы|ленинградская|ленинградская область|ленінградская вобласць|ленінградська|ленінградська область
alias	Sankt-Peterburg						gorod geroy leningrad|gorod-geroy leningrad|gorodgeroy leningrad|saint petersburg|sankt peterburg|sankt peterburq|sankt-peterburg|sankt-peterburq|sanktpeterburg|sanktpeterburq|st -petersburg|st petersburg|санкт петербург|санкт-петербург|санктпетербург
alias	Kursk						kursk|kursk oblast|kursk viloyati|kurskaya|kurskaya '|kurskaya oblast|kurskaya oblast'|вилояти курск|курск|курск облусу|курск облысы|курская|курская вобласць|курская область|курська|курська область
alias	Krasnodar						krasnodar|krasnodar krai|krasnodar kray|krasnodar o'lkasi|krasnodar olkasi|krasnodar ulkasi|krasnodarskiy|krasnodarskiy kray|краснадарскі|краснадарскі край|краснодар|краснодар край|краснодар крайы|краснодарский|краснодарский край|краснодарський|краснодарський край
alias	Kostroma						kostroma|kostroma oblast|kostroma viloyati|kostromska|kostromska '|kostromska oblast|kostromska oblast'|kostromskaya|kostromskaya '|kostromskaya oblast|kostromskaya oblast'|вилояти кострома|кастрамская вобласць|кострома|кострома облусу|кострома облысы|костромская|костромская область|костромська|костромська область
alias	Syktyvkar						komi|komi assr|komi cumhuriyeti|komi republic|respublika komi|коми|коми республикасы|республика коми|республіка комі|рэспубліка комі
alias	Kirov						kirov oblast|kirov viloyati|kirovskaya|kirovskaya '|kirovskaya oblast|kirovskaya oblast'|вилояти киров|киров облусу|киров облысы|кировская|кировская область|кірауская вобласць|кіровська|кіровська область
alias	Petrozavodsk						karel'skaya assr|karelia|karelian assr|kareliya|kareliya republic|kareliya respublikasi|karelskaya assr|karelya cumhuriyeti|republic of karelia|respublika kareliya|карелия|карелия республикасы|карельская|карельская республика|карелія|карилия|карьяла|карэлія|республика карелия|республіка карелія|рэспубліка карэлія
alias	Cherkessk						jumhuриби карачай черкез|jumhuриби карачай-черкез|jumhuриби карачайчеркез|karachay cherkessia|karachay-cherkessia|karachaycherkessia|karachayevo cherkesiya|karachayevo cherkesiya republic|karachayevo cherkesskaya|karachayevo cherkesskaya ao|karachayevo cherkesskaya respublika|karachayevo-cherkesiya|karachayevo-cherkesiya republic|karachayevo-cherkesskaya|karachayevo-cherkesskaya ao|karachayevo-cherkesskaya avtonomnaya|karachayevo-cherkesskaya avtonomnaya '|karachayevo-cherkesskaya avtonomnaya oblast|karachayevo-cherkesskaya avtonomnaya oblast'|karachayevo-cherkesskaya respublika|karachayevocherkesiya|karachayevocherkesiya republic|karachayevocherkesskaya|karachayevocherkesskaya ao|karachayevocherkesskaya avtonomnaya '|karachayevocherkesskaya avtonomnaya oblast'|karachayevocherkesskaya respublika|qorachoy cherkasiya|qorachoy-cherkasiya|qorachoycherkasiya|карачаева чаркесія|карачаева-чаркесія|карачаевачаркесія|карачаево черкесия|карачаево черкессия|карачаево черкесская|карачаево черкесская республика|карачаево-черкесия|карачаево-черкессия|карачаево-черкесская|карачаево-черкесская республика|карачаевочеркесия|карачаевочеркессия|карачаевочеркесская|карачаевочеркесская республика|карачай черкисия|карачай-черкисия|карачайчеркисия|карашай черкесия|карашай-черкесия|карашайчеркесия|республика карачаево черкессия|республика карачаево-черкессия|республика карачаевочеркессия
alias	Kaluga						kaluga|kaluga oblast|kaluga oblasti|kaluzhskaya|kaluzhskaya '|kaluzhskaya oblast|kaluzhskaya oblast'|вилояти калуга|калуга|калуга облусу|калуга облысы|калужская|калужская вобласць|калужская область|калузька|калузька область
alias	Elista						kalmukya|kalmyk assr|kalmyk autonomous|kalmyk autonomous oblast|kalmykia|kalmykiya|kalmykiya republic|kalmytskaya assr|qalmog'iston|qalmogiston|respublika kalmykiya|калмакстан|калмикистон|калмикія|калмыкия|калмыкія|республика калмыкия
alias	Kaliningrad						kaliningrad|kaliningrad oblast|kaliningrad viloyati|kaliningradskaya|kaliningradskaya '|kaliningradskaya oblast|kaliningradskaya oblast'|вилояти калининград|калининград|калининград облусу|калининград облысы|калининградская|калининградская область|калінінградская вобласць|калінінградська|калінінградська область
alias	Nalchik						jumhuриби кабардино балкар|jumhuриби кабардино-балкар|jumhuриби кабардинобалкар|kabarda balkariya|kabarda-balkariya|kabardabalkariya|kabardin balkariya|kabardin-balkariya|kabardinbalkariya|kabardino balkaria|kabardino balkarian assr|kabardino balkariya|kabardino balkariya republic|kabardino balkarskaya|kabardino balkarskaya assr|kabardino balkarskaya respublika|kabardino balkarya|kabardino-balkaria|kabardino-balkarian assr|kabardino-balkariya|kabardino-balkariya republic|kabardino-balkarskaya|kabardino-balkarskaya assr|kabardino-balkarskaya respublika|kabardino-balkarya|kabardinobalkaria|kabardinobalkarian assr|kabardinobalkariya|kabardinobalkariya republic|kabardinobalkarskaya|kabardinobalkarskaya assr|kabardinobalkarskaya respublika|kabardinobalkarya|кабарда балкария|кабарда-балкария|кабардабалкария|кабардзіна балкарыя|кабардзіна-балкарыя|кабардзінабалкарыя|кабардино балкария|кабардино балкарская|кабардино балкарская республика|кабардино балкарія|кабардино-балкария|кабардино-балкарская|кабардино-балкарская республика|кабардино-балкарія|кабардинобалкария|кабардинобалкарская|кабардинобалкарская республика|кабардинобалкарія|республика кабардино балкария|республика кабардино-балкария|республика кабардинобалкария
alias	Ivanovo						ivanovo|ivanovo oblast|ivanovo viloyati|ivanovskaya|ivanovskaya '|ivanovskaya oblast|ivanovskaya oblast'|вилояти иванов|иванов|иванов облусу|иванов облысы|ивановская|ивановская область|іванауская вобласць|івановська|івановська область
alias	Magas						chechen ingush assr|chechen-ingush assr|checheningush assr|checheno ingushetia|checheno ingushskaya assr|checheno-ingushetia|checheno-ingushskaya assr|chechenoingushetia|chechenoingushskaya assr|ingushetia|ingushetiya|ingushetiya republic|ingushetiya respublikasi|ingushkaya|ingushkaya respublika|jumhuриби ингушетия|respublika ingushetiya|ингушетия|ингушетия республикасы|ингушская|ингушская республика|республика ингушетия
alias	Nijniy Novgorod						nijegorod|nijegorod viloyati|nizhegorodskaya|nizhegorodskaya '|nizhegorodskaya oblast|nizhegorodskaya oblast'|nizhny novgorod|nizhny novgorod oblast|nizjnij novgorod|вилояти нижегород|нижегород|нижегородская|нижегородская область|нижегородской|нижньогородська|нижньогородська область|ніжагародская вобласць|төменгі новгород|төменгі новгород облысы|төмөнкү новгород|төмөнкү новгород облусу
alias	Maxachqala						dagestan|dagestan republic|dagestanskaya assr|dagystan|dog'iston|dogiston|respublika dagestan|дагестан|дагстан|дагыстан|догистон|республика дагестан
alias	Cheboksari						chavash respubliki|chuvash|chuvash republic|chuvashia|chuvashiya|chuvashiya republic|chuvashskaya|chuvashskaya assr|chuvashskaya respublika|jumhuриби чуваш|республика чувашия|чуваська республіка|чувашия|чувашская|чувашская республика|чувашстан|чувашыя
alias	Grozny						chechen|chechen ingush assr|chechen republic|chechen-ingush assr|chechenia|checheningush assr|checheniston|checheno ingushetia|checheno ingushskaya assr|checheno-ingushetia|checheno-ingushskaya assr|chechenoingushetia|chechenoingushskaya assr|chechenskaya|chechenskaya respublika|chechnya|chechnya republic|чачня|чеченистон|чеченская|чеченская республика|чеченстан|чечня|шешенстан
alias	Bryansk						brjansk|bryansk|bryansk oblast|bryansk viloyati|bryanskaya|bryanskaya '|bryanskaya oblast|bryanskaya oblast'|бранская вобласць|брянск|брянская|брянская область|брянськ|брянськ облусу|брянськ облысы|брянська|брянська область|вилояти брянск
alias	Belgorod						belgorod|belgorod oblast|belgorod viloyati|belgorodskaya|belgorodskaya '|belgorodskaya oblast|belgorodskaya oblast'|белгародская вобласць|белгород|белгород областы|белгород облысы|белгородская|белгородская область|вилояти белгород
alias	Ufa						bashkirskaya assr|bashkortostan|bashkortostan republic|baskhir|boshqirdiston|respublika bashkortostan|башкартастан|башкортостан|башкұртстан|республика башкортостан
alias	Astraxan						astrakhan|astrakhan oblast|astrakhan'|astrakhan' oblast|astrakhanskaya|astrakhanskaya '|astrakhanskaya oblast|astrakhanskaya oblast'|astraxan|astraxan viloyati|астрахан|астрахан областы|астрахан облысы|астраханская|астраханская вобласць|астраханская область|астраханська|астраханська область|вилояти астрахан
alias	Arkhangel'sk						arkhangel'sk|arkhangel'sk oblast|arkhangel'skaya '|arkhangel'skaya oblast'|arkhangelsk|arkhangelsk oblast|arkhangelskaya|arkhangelskaya oblast|arxangel|arxangel viloyati|архангелск|архангельск|архангельск облысы|архангельская|архангельская вобласць|архангельская область|архангельська|архангельська область|вилояти архангелск
alias	Maykop						adigeya|adygea|adygey autonomous|adygey autonomous oblast|adygeya|adygeya republic|adygeyskaya ao|adygeyskaya avtonomnaya|adygeyskaya avtonomnaya '|adygeyskaya avtonomnaya oblast|adygeyskaya avtonomnaya oblast'|respublika adygeya|адигейхо|адигея|адыгея|адыгэ республикасы|республика адыгея
alias	Vladimir						vladimir|vladimir oblast|vladimir viloyati|vladimirskaya|vladimirskaya '|vladimirskaya oblast|vladimirskaya oblast'|вилояти владимир|владимир|владимир областы|владимир облысы|владимирская|владимирская область|владимирська|владимирська область|уладзімірская вобласць
alias	Salekhard						yamal nenetslari|yamalia|yamalo nenets|yamalo nenets autonomous|yamalo nenetskiy avtonomnyy|yamalo nenetskiy natsional'nyy|yamalo-nenets|yamalo-nenets autonomous|yamalo-nenets autonomous okrug|yamalo-nenetskiy avtonomnyy|yamalo-nenetskiy avtonomnyy okrug|yamalo-nenetskiy natsional'nyy|yamalo-nenetskiy natsional'nyy okrug|yamalo-nenetskiy natsionalnyy|yamalo-nenetskiy natsionalnyy okrug|yamalonenets|yamalonenets autonomous|yamalonenets autonomous okrug|yamalonenetskiy avtonomnyy|yamalonenetskiy avtonomnyy okrug|yamalonenetskiy natsional'nyy|yamalonenetskiy natsional'nyy okrug|ямал-ненец автономиялуу округу|ямала-ненецкая аутаномная акруга|ямаланенецкая аутаномная акруга|ямалненец автономиялуу округу|ямало ненец|ямало ненецкий|ямало ненецкий ао|ямало ненецький автономний|ямало-ненец|ямало-ненецкий|ямало-ненецкий автономный округ|ямало-ненецкий ао|ямало-ненецький автономний|ямало-ненецький автономний округ|ямалоненец|ямалоненецкий|ямалоненецкий автономный округ|ямалоненецкий ао|ямалоненецький автономний|ямалоненецький автономний округ|ямалы ненец|ямалы-ненец|ямалыненец
alias	Tyumen						tyumen|tyumen oblast|tyumen viloyati|tyumen'|tyumen' oblast|tyumenskaya|tyumenskaya '|tyumenskaya oblast|tyumenskaya oblast'|вилояти тюмен|тюмен|тюменская|тюменская область|тюменська|тюменська область|тюмень|тюмень областы|түмен|түмен облысы|цюменская вобласць
alias	Kyzyl						republic of tyva|respublika tyva|tiva|tuva|tuva cumhuriyeti|tuwa respublikasy|tyva|tyva republic|республика тува|республика тыва|тива|тува|тыва|тыва республикасы|тыуа
alias	Tomsk						tomsk|tomsk '|tomsk oblast|tomsk oblast'|tomsk viloyati|tomskaya|tomskaya '|tomskaya oblast|tomskaya oblast'|вилояти томск|томск|томск областы|томск облысы|томская|томская область
alias	Yekaterinburg						sverdlovsk|sverdlovsk oblast|sverdlovsk viloyati|sverdlovskaya|sverdlovskaya '|sverdlovskaya oblast|sverdlovskaya oblast'|вилояти свердловск|свердлов|свердлов облусу|свердловск|свердловск облысы|свердловская|свердловская область|свердловська|свердловська область|свярдлоуская вобласць
alias	Omsk						omsk|omsk oblast|omsk viloyati|omskaya|omskaya '|omskaya oblast|omskaya oblast'|вилояти омск|омбы|омбы облысы|омск|омская|омская вобласць|омская область|омська|омська область|омь областы
alias	Novosibirsk						novosibirsk|novosibirsk oblast|novosibirsk viloyati|novosibirskaya|novosibirskaya '|novosibirskaya oblast|novosibirskaya oblast'|вилояти новосибирск|новасібірская вобласць|новосибирск|новосибирск областы|новосибирская|новосибирская область|новосибірська|новосибірська область|новосібір|новосібір облысы
alias	Kurgan						ko'rgan|ko'rgan viloyati|korgan|korgan viloyati|kurgan|kurgan oblast|kurgan viloyati|kurganskaya|kurganskaya '|kurganskaya oblast|kurganskaya oblast'|вилояти курган|корган|корган облысы|курган|курган областы|курганская|курганская вобласць|курганская область|курганська|курганська область
alias	Krasnoyarsk						krasnoyarsk|krasnoyarsk krai|krasnoyarsk kray|krasnoyarsk krayi|krasnoyarskiy|krasnoyarskiy kray|краи красноярск|красноярск крайы|красноярский|красноярский край
alias	Khanty-Mansiysk						khantia mansia|khantia-mansia|khantiamansia|khanty mansi national|khanty mansi yugra|khanty mansia|khanty mansiisk national|khanty mansiyskiy avtonomnyy|khanty mansiyskiy natsional'nyy|khanty-mansi national|khanty-mansi national okrug|khanty-mansi-yugra|khanty-mansia|khanty-mansiisk national|khanty-mansiisk national okrug|khanty-mansiyskiy avtonomnyy|khanty-mansiyskiy avtonomnyy -yugra|khanty-mansiyskiy avtonomnyy okrug|khanty-mansiyskiy avtonomnyy okrug-yugra|khanty-mansiyskiy natsional'nyy|khanty-mansiyskiy natsional'nyy okrug|khanty-mansiyskiy natsionalnyy|khanty-mansiyskiy natsionalnyy okrug|khantymansi national|khantymansi national okrug|khantymansia|khantymansiisk national|khantymansiisk national okrug|khantymansiyskiy avtonomnyy|khantymansiyskiy avtonomnyy okrug|khantymansiyskiy avtonomnyy okrugyugra|khantymansiyskiy avtonomnyy yugra|khantymansiyskiy natsional'nyy|khantymansiyskiy natsional'nyy okrug|khantymansiyugra|ostyako vogul'skiy national'nyy|ostyako-vogul'skiy national'nyy|ostyako-vogul'skiy national'nyy okrug|ostyako-vogulskiy nationalnyy|ostyako-vogulskiy nationalnyy okrug|ostyakovogul'skiy national'nyy|ostyakovogul'skiy national'nyy okrug|xanty mansi|xanty-mansi|xantymansi|ханти мансия|ханти-мансия|хантимансия|ханты мансий|ханты мансийский|ханты мансийский ао|ханты мансийский югра|ханты-мансий|ханты-мансийский|ханты-мансийский автономный округ|ханты-мансийский ао|ханты-мансийский югра|хантымансий|хантымансийский|хантымансийский автономный округ|хантымансийский ао|хантымансийский югра
alias	Abakan						hakasya|khakas|khakas '|khakas oblast|khakas oblast'|khakasiya|khakasiya republic|khakass avtonomnaya|khakass avtonomnaya '|khakass avtonomnaya oblast|khakass avtonomnaya oblast'|khakassia|khakassk autonomous|khakassk autonomous region|khakasskaya ao|khakasskaya avtonomnaya|khakasskaya avtonomnaya '|khakasskaya avtonomnaya oblast|khakasskaya avtonomnaya oblast'|respublika khakasiya|xakasiya|республика хакасия|хакас республикасы|хакасия|хакасская|хакасская республика|хакасія
alias	Kemerovo						kemerovo|kemerovo '|kemerovo -kuzbass|kemerovo kuzbass|kemerovo oblast|kemerovo oblast kuzbass|kemerovo oblast'|kemerovo oblast-kuzbass|kemerovo oblastkuzbass|kemerovskaya|kemerovskaya '|kemerovskaya ' kuzbass|kemerovskaya '-kuzbass|kemerovskaya 'kuzbass|kemerovskaya -kuzbass|kemerovskaya oblast|kemerovskaya oblast'|kemerovskaya oblast' kuzbass|kemerovskaya oblast'-kuzbass|kemerovskaya oblast'kuzbass|kemerovskaya oblast-kuzbass|kuzbass|кемеровская|кемеровская -кузбасс|кемеровская кузбасс|кемеровская область|кемеровская область кузбасс|кемеровская область-кузбасс|кемеровская областькузбасс|кузба сс|кузбасс
alias	Gorno-Altaysk						altai|altai republic|altay|altay cumhuriyeti|altay republic|gorno altay|gorno altayskaya ao|gorno-altay|gorno-altayskaya ao|gorno-altayskaya avtonomnaya|gorno-altayskaya avtonomnaya '|gorno-altayskaya avtonomnaya oblast|gorno-altayskaya avtonomnaya oblast'|gornoaltay|gornoaltayskaya ao|gornoaltayskaya avtonomnaya '|gornoaltayskaya avtonomnaya oblast'|oirot autonomous|oirot autonomous oblast|oltoy|oltoy respublikasi|oyrotskaya avtonomnaya|oyrotskaya avtonomnaya '|oyrotskaya avtonomnaya oblast|oyrotskaya avtonomnaya oblast'|respublika altay|алтай|алтай республикасы|республика алтай|республіка алтай|рэспубліка алтай
alias	Chelyabinsk						chelyabinsk oblast|chelyabinsk viloyati|chelyabinskaya|chelyabinskaya '|chelyabinskaya oblast|chelyabinskaya oblast'|tsjeljabinsk|вилояти челябинск|чалябінская вобласць|челябинск|челябинская|челябинская область|челябі|челябі облысы|челябінська|челябінська область
alias	Barnaul						altai|altai krai|altay|altay kray|altayskiy|altayskiy kray|oltoy|oltoy o'lkasi|oltoy olkasi|oltoy ulkasi|алтай крайы|алтай өлкесі|алтайский|алтайский край|алтайскі|алтайскі край|алтайський|алтайський край|кишвари олтой
alias	Yakutsk						respublika sakha yakutiya|sakha|sakha yakutiya|sakha yakutiya republic|saxa|yakutia|yakutskaya assr|республика саха якутия|саха|саха якутия
alias	Vladivostok						maritime|maritime krai|maritime territory|primorsk|primorsk o'lkasi|primorsk olkasi|primorsk ulkasi|primorski|primorski krai|primorskiy|primorskiy kray|primorskiy maritime|primorskiy maritime kray|primorye|примор'е|приморе|приморский|приморский край|приморський|приморський край|приморье|приморье крайы|прыморскі|прыморскі край
alias	Khabarovsk						khabarovsk|khabarovsk krai|khabarovsk kray|khabarovskiy|khabarovskiy kray|xabarovsk|xabarovsk o'lkasi|xabarovsk olkasi|xabarovsk ulkasi|хабараускі|хабараускі край|хабаров крайы|хабаровск|хабаровский|хабаровский край|хабаровський|хабаровський край
alias	Irkutsk						irkutsk|irkutsk oblast|irkutsk viloyati|irkutskaya|irkutskaya '|irkutskaya oblast|irkutskaya oblast'|вилояти иркутск|иркутск|иркутск областы|иркутск облысы|иркутская|иркутская область
alias	Birobidzhan						birobijan|jewish autonomous|jewish autonomous oblast|yahudiylar|yahudiylar muxtor viloyati|yevreiskaya autonomous|yevreiskaya autonomous oblast|yevreiski autonomous|yevreiski autonomous oblast|yevrey jewish autonomous|yevreyskaya ao|yevreyskaya autonomnaya|yevreyskaya autonomnaya '|yevreyskaya autonomnaya oblast|yevreyskaya autonomnaya oblast'|yevreyskaya avtonomnaya|yevreyskaya avtonomnaya '|yevreyskaya avtonomnaya oblast|yevreyskaya avtonomnaya oblast'|вилояти мухтори яхудиен|еврей автономия|еврей автономия облусу|еврей автономиялы|еврей автономиялы облысы|еврейская|еврейская автономная область|еврейская ао|мухтори яхудиен|яурэйская аутаномная вобласць
alias	Blagoveshchensk						amur|amur oblast|amur viloyati|amurskaya|amurskaya '|amurskaya oblast|amurskaya oblast'|амур|амур облусу|амур облысы|амурская|амурская вобласць|амурская область|амурська|амурська область|вилояти амур
alias	Ulan-Ude						buryat mongol|buryat mongol republic|buryat mongol'skaya assr|buryat-mongol|buryat-mongol republic|buryat-mongol'skaya assr|buryat-mongolskaya assr|buryatia|buryatia republic|buryatiya|buryatiya republic|buryatiya respublikasi|buryatmongol|buryatmongol republic|buryatmongol'skaya assr|buryatskaya assr|respublika buryatiya|бурятия|бурятия республикасы|республика бурятия
alias	Yuzhno-Sakhalinsk						sakhalin|sakhalin oblast|sakhalinskaya|sakhalinskaya '|sakhalinskaya oblast|sakhalinskaya oblast'|saxalin|saxalin viloyati|вилояти сахалин|сахалин|сахалин облусу|сахалин облысы|сахалинская|сахалинская область|сахалінская вобласць|сахалінська|сахалінська область
alias	Magadan						magadan|magadan oblast|magadan viloyati|magadanskaya|magadanskaya '|magadanskaya oblast|magadanskaya oblast'|вилояти магадан|магадан|магадан облусу|магадан облысы|магаданская|магаданская вобласць|магаданская область|магаданська|магаданська область
alias	Petropavlovsk-Kamchatsky						kamchatka|kamchatka krai|kamtsjatka|камчатка|камчатский|камчатский край
alias	Anadyr						chukotka|chukotka autonomous|chukotka autonomous okrug|chukotka muhtor|chukotka muhtor okrugi|chukotskiy avtonomnyy|chukotskiy avtonomnyy okrug|chukotskiy natsional'nyy|chukotskiy natsional'nyy okrug|chukotskiy natsionalnyy|chukotskiy natsionalnyy okrug|чукотка|чукотский|чукотский автономный округ|чукотский ао|чукотський автономний|чукотський автономний округ|чукоцкая аутаномная акруга|чукча автономия округу
alias	Chita						transbaikal territory|zabaykal'skiy|zabaykal'skiy kray|zabaykal'skiy transbaikal|zabaykal'skiy transbaikal kray|zabaykalskiy|zabaykalskiy kray|zabaykalskiy transbaikal|zabaykalskiy transbaikal kray|zabaykalsky|забайкалскій|забайкалскій край|забайкалскій трансбайкал|забайкалскій трансбайкал край|забайкальский|забайкальский край|забайкальский трансбайкал|край забайкальский трансбайкал
alias	Xo'jand						leninabad|leninabad oblast|leninabadskaya|leninabadskaya '|leninabadskaya oblast|leninabadskaya oblast'|leninobod|sughd|surkhandarya|viloyati leninobod|viloyati sughd|вилояти сугд|согдийская|согдийская область|сугд
alias	Khorugh						gorno badakhshan|gorno badakhshanskaya ao|gorno-badakhshan|gorno-badakhshanskaya ao|gorno-badakhshanskaya avtonomnaya|gorno-badakhshanskaya avtonomnaya '|gorno-badakhshanskaya avtonomnaya oblast|gorno-badakhshanskaya avtonomnaya oblast'|gornobadakhshan|gornobadakhshanskaya ao|gornobadakhshanskaya avtonomnaya '|gornobadakhshanskaya avtonomnaya oblast'|kuhi badakhshan|горно бадахшан|горно-бадахшан|горнобадахшан|коро бедахшан|коро-бедахшан|коробедахшан
alias	Bokhtar						hatlon|khatlon|khatlon province|viloyati khatlon|xatlon|вилояти хатлон|хатлон|хатлон облысы|хатлон чыгалоосу|хатлонская|хатлонская вобласць|хатлонская область|хатлонський вілоят
alias	Vahdat						garm|karateghin|karategin|karotegin|karotegin province|nohiyahoi tobei jumhurii|republican subordination|respublikaga subordinatsiya|районы республиканского подчинения|республикалык багыну
alias	Dushanbe						dushanbe|dushanbе|душанбе
alias	Balkanabat						balkan|balkan province|balkan vilayeti|balkanskaya|balkanskaya '|balkanskaya oblast|balkanskaya oblast'|balkanskiy velayat|bolqon|bolqon viloyati|krasnovodsk|krasnovodsk oblast|krasnovodskaya|krasnovodskaya '|krasnovodskaya oblast|krasnovodskaya oblast'|krasnowodsk oblasty|балкан|балканский велаят|балканський велаят|вилояти балкан
alias	Ahal						ahal|ahal province|ahal vilayeti|ahal viloyati|akhalskiy velayat|ashgabad oblasty|ashgabat oblasty|ashkhabad|ashkhabad oblast|ashkhabadskaya|ashkhabadskaya '|ashkhabadskaya oblast|ashkhabadskaya oblast'|ахал|ахалский велаят|ахалський велаят|вилояти ахал
alias	Ashxabad						ashgabat|ashxabat|gorod ashkhabad|ашхабад|ашхабат
alias	Dasoguz						dashhowuz|dashhowuz oblasty|dashhowuz welayaty|dashkhovuzskiy velayat|dashoguzskiy velayat|dasoguz|tashauz|tashauz oblast|tashauzskaya|tashauzskaya '|tashauzskaya oblast|tashauzskaya oblast'|дасогуз
alias	Mary						mari|mari viloyati|mary|mary oblast|mary oblasty|mary province|mary vilayeti|maryiskaya|maryiskaya oblast|maryyskaya|maryyskaya '|maryyskaya oblast|maryyskaya oblast'|maryyskiy velayat|mervskaya|mervskaya '|mervskaya oblast|mervskaya oblast'|вилояти марй|марийський велаят|марй|мары|марыйский велаят
alias	Turkmanobod						lebap|lebap vilayeti|lebap viloyati|lebapskiy velayat|вилояти лебап|лебап|лебапский велаят|лебапський велаят
alias	Zhytomyr						zhitomir|zhitomir oblast|zhitomirskaya|zhitomirskaya '|zhitomirskaya oblast|zhitomirskaya oblast'|zhytomyr|zhytomyr oblast|zhytomyrs'ka '|zhytomyrs'ka oblast'|zhytomyrska|zhytomyrska oblast|житомир|житомирская|житомирская область|житомирська|житомирська область|житомирщина|жытомірская вобласць
alias	Zaporizhzhya						zaporijya|zaporijya viloyati|zaporizhzhia|zaporizhzhia oblast|вилояти запорожйе|запарожская вобласць|запорожйе|запорожская|запорожская область|запорожье|запорожье облусу|запорізька|запорізька область
alias	Uzhhorod						carpathian ukraine|carpathian ukraine province|zakarpattia|zakarpattia oblast|zakarpatye|zakarpatye viloyati|вилояти закарпатйе|закарпатйе|закарпатская|закарпатская область|закарпатська|закарпатська область|закарпатье|закарпатье облусу|закарпацкая вобласць
alias	Lutsk						volin|volin viloyati|volyn|volyn oblast|volyns'ka '|volyns'ka oblast'|volynska|volynska oblast|volynskaya|volynskaya '|volynskaya oblast|volynskaya oblast'|валынская вобласць|вилояти волин|волин|волинська|волинська область|волынская|волынская область|волынь|волынь областы
alias	Vinnytsya						vinnitsa|vinnitsa viloyati|vinnychchyna|vinnytsia|vinnytsia oblast|вилояти виннитса|виннитса|винница|винница облусу|винницкая|винницкая область|вінницька|вінницька область|вінніцкая вобласць
alias	Ternopil						ternopil|ternopil oblast|ternopol|ternopol viloyati|вилояти тернопол|тернопол|тернополь|тернополь облусу|тернопольская|тернопольская область|тернопільська|тернопільська область|цярнопальская вобласць
alias	Sumy						sumi|sumi viloyati|sums'ka '|sums'ka oblast'|sumska|sumska oblast|sumskaya|sumskaya '|sumskaya oblast|sumskaya oblast'|sumy|sumy oblast|вилояти сумск|сумск|сумская|сумская вобласць|сумская область|сумська|сумська область|сумы|сумы облусу
alias	Sevastopol						gorod sevastopol|sebastopol|sebastopol city|sevastopol|sevastopol city|sevastopol shahar|горад севастопаль|город севастополь|місто севастополь|севастопол|севастополь каласы|севастополь шаары|шахри севастопол
alias	Rivne						rivne|rivne oblast|rivnens'ka '|rivnens'ka oblast'|rivnenska|rivnenska oblast|rovenskaya|rovenskaya '|rovenskaya oblast|rovenskaya oblast'|ривне|ровенская вобласць|ровненская|ровненская область|ровно|рівненська|рівненська область|рівненщина
alias	Poltava						poltava|poltava oblast|poltava viloyati|вилояти полтава|палтауская вобласць|полтава|полтава облусу|полтава облысы|полтавская|полтавская область|полтавська|полтавська область
alias	Odesa						odesa|odesa oblast|odesa region|odessa|odessa viloyati|odesskaya|odesskaya '|odesskaya oblast|odesskaya oblast'|адэская вобласць|вилояти одесса|одесса|одесса областы|одесская|одесская область|одеська|одеська область
alias	Mykolayiv						mikolayiv|mikolayiv viloyati|mykolaiv|mykolaiv oblast|mykolayivs'ka '|mykolayivs'ka oblast'|mykolayivska|mykolayivska oblast|nikolayev|nikolayev oblast|nikolayevskaya|nikolayevskaya '|nikolayevskaya oblast|nikolayevskaya oblast'|вилояти миколайев|миколайев|мікалаеуская вобласць|николаев|николаев областы|николаевская|николаевская область
alias	Lviv						l'vivs'ka '|l'vivs'ka oblast'|l'vovskaya '|l'vovskaya oblast'|lviv|lviv oblast|lviv viloyati|lvivska|lvivska oblast|lvovskaya|lvovskaya oblast|lwiw sebiti|вилояти лвов|лвов|львов|львов облусу|львовская|львовская область|львоуская вобласць|львівська|львівська область
alias	Luhansk						lugansk|lugansk viloyati|luganskaya|luganskaya '|luganskaya oblast|luganskaya oblast'|luhans'ka '|luhans'ka oblast'|luhansk|luhansk oblast|luhanska|luhanska oblast|voroshilov|voroshilov oblast|voroshilovgradskaya|voroshilovgradskaya '|voroshilovgradskaya oblast|voroshilovgradskaya oblast'|вилояти луганск|луганск|луганск областы|луганская|луганская вобласць|луганская область|луганська|луганська область
alias	Kyiv						kiev|kiev oblast|kyiv|kyiv oblast|kyivshchyna|kyyivs'ka '|kyyivs'ka oblast'|kyyivska|kyyivska oblast|киев|киевская|киевская область|кіеуская вобласць
alias	Kyiv						gorod geroy kiyev|gorod-geroy kiyev|gorodgeroy kiyev|kyiv|kyiv city|kyiv shahar|misto heroy kyyiv|misto kyiv|misto kyyiv|misto-heroy kyyiv|mistoheroy kyyiv|киев|киев каласы|киев шаары|шахри киев
alias	Simferopol						autonomous crimea|awtonom respublikasy krym|crimea|qrim|qrim muxtor respublikasi|republic of crimea|автономна республіка крим|автономная крым|автономная республика крым|аутаномная рэспубліка крым|крым|крым республикасы|кырым автономиялык республикасы|республика крым|республіка крим
alias	Kropyvnytskyi						kirovograd|kirovograd viloyati|kirovohrad|kirovohrad oblast|вилояти кировоград|кировоград|кировоград облусу|кировоградская|кировоградская область|кіраваградская вобласць|кіровоградська|кіровоградська область
alias	Khmelnytskyi						khmelnytskyi|khmelnytskyi oblast|xmelnitskiy|xmelnitskiy viloyati|вилояти хмелнитск|хмелнитск|хмельницкая|хмельницкая область|хмельницкий|хмельницкий облусу|хмельницкий облысы|хмельницька|хмельницька область|хмяльніцкая вобласць
alias	Kherson						kherson|kherson oblast|xerson|херсон|херсонская|херсонская вобласць|херсонская область|херсонська|херсонська область|хирсон
alias	Kharkiv						khar'kov|khar'kov oblast|khar'kovskaya '|khar'kovskaya oblast'|kharkiv|kharkiv oblast|kharkivs'ka '|kharkivs'ka oblast'|kharkivska|kharkivska oblast|kharkov|kharkov oblast|kharkovskaya|kharkovskaya oblast|xarkiv|xarkiv viloyati|вилояти харков|харкауская вобласць|харков|харківська|харківська область|харьков|харьков облусу|харьков облысы|харьковская|харьковская область
alias	Ivano-Frankivsk						ivano frankivsk|ivano frankivsk oblast|ivano frankivsk viloyati|ivano-frankivsk|ivano-frankivsk oblast|ivano-frankivsk viloyati|ivanofrankivsk|ivanofrankivsk oblast|ivanofrankivsk viloyati|вилояти ивано франковск|вилояти ивано-франковск|вилояти иванофранковск|ивано франковск|ивано франковск облусу|ивано франковская|ивано франковская область|ивано-франковск|ивано-франковск облусу|ивано-франковская|ивано-франковская область|иванофранковск|иванофранковск облусу|иванофранковская|иванофранковская область|івана франкоуская вобласць|івана-франкоуская вобласць|іванафранкоуская вобласць|івано франківська|івано франківська область|івано-франківська|івано-франківська область|іванофранківська|іванофранківська область
alias	Donetsk						donets|donets oblast|donets'ka '|donets'ka oblast'|donetsk|donetsk oblast|donetsk viloyati|donetska|donetska oblast|donetskaya|donetskaya '|donetskaya oblast|donetskaya oblast'|stalino|stalino oblast|stalinskaya|stalinskaya '|stalinskaya oblast|stalinskaya oblast'|вилояти донетск|данецкая вобласць|донетск|донецк|донецк облусу|донецк облысы|донецкая|донецкая область|донецька|донецька область
alias	Dnipro						dnipropetrovsk|dnipropetrovsk oblast|днепрапятроуская вобласць|днепропетровск|днепропетровская|днепропетровская область|дніпропетровська|дніпропетровська область
alias	Chernivtsi						chernivets'ka '|chernivets'ka oblast'|chernivetska|chernivetska oblast|chernivsi|chernivsi viloyati|chernivtsi|chernivtsi oblast|chernovitskaya|chernovitskaya oblast|tchernivets'ka '|tchernivets'ka oblast'|tchernivetska|tchernivetska oblast|чарнавіцкая вобласць|черновицкая|черновицкая область|черновцы|чернівецька|чернівецька область
alias	Chernihiv						chernigiv|chernigiv viloyati|chernigov|chernigov oblast|chernigovskaya|chernigovskaya '|chernigovskaya oblast|chernigovskaya oblast'|chernihiv|chernihiv oblast|chernihivs'ka '|chernihivs'ka oblast'|chernihivska|chernihivska oblast|вилояти чернигов|чарнігауская вобласць|чернигов|чернигов облусу|черниговская|черниговская область|чернігів|чернігівська|чернігівська область
alias	Cherkasy						cherkasi|cherkasi viloyati|cherkasy|cherkasy oblast|вилояти черкаск|чаркаская вобласць|черкаск|черкасская|черкасская область|черкассы|черкассы облусу|черкассы облысы|черкаська|черкаська область
alias	Nukus						garagalpagystan|kara kalpak assr|kara kalpakskaya assr|kara-kalpak assr|kara-kalpakskaya assr|karakalpak assr|karakalpakistan|karakalpakiya|karakalpakskaya assr|karakalpakski|karakalpakstan|qoraqalpog iston|qoraqalpog iston respublikasi|qoraqalpog'iston|qoraqalpoghiston|qoraqalpoghiston assr|qoraqalpoghiston respublikasi|qoraqalpogiston|respublika karakalpakstan|каракалпакстан|каракалпакстан республикасы
alias	Termiz						sukhan darya|sukhan darya oblast|sukhan-darya|sukhan-darya oblast|sukhandarya|sukhandarya oblast|surhanderya|surkhandar'inskaya '|surkhandar'inskaya oblast'|surkhandarinskaya|surkhandarinskaya oblast|surkhondaryo|surkhondaryo oblasti|surkhondaryo wiloyati|surxondaryo|surxondaryo region|surxondaryo viloyati|вилояти сурхондаре|сурхандар'інскі вілает|сурхандарыя|сурхандарыя облусу|сурхандарьинская|сурхандарьинская область|сурхандарінскі вілает|сурхондаре|сұркандария|сұркандария облысы
alias	Samarqand						samarkand|samarkand oblast|samarkandskaya|samarkandskaya '|samarkandskaya oblast|samarkandskaya oblast'|samarqand|samarqand region|samarqand viloyati|samarqand wiloyati|semerkand|semerkand ili|вилояти самарканд|самаркан|самаркан облусу|самаркан облысы|самарканд|самаркандская|самаркандская вобласць|самаркандская область|самаркандська|самаркандська область
alias	Qarshi						kashkadarya|kashkadarya province|qashqadaryo|qashqadaryo viloyati|вилояти кашкадаре|кашкадар'інскі вілает|кашкадаре|кашкадаринская|кашкадаринская область|кашкадария|кашкадария облысы|кашкадарыя|кашкадарыя облусу|кашкадарінскі вілает
alias	Buxoro						buhara|buhara ili|bukhara|buxoro|buxoro region|buxoro viloyati|бухара|бухара облусу|бухарская|бухарская область|бухарскі вілает|бухарська|бухарська область|бухоро|бұхара|бұхара облысы|вилояти бухоро
alias	Toshkent						tashkent oblast|tashkent province|tashkent region|tashkentskaya|tashkentskaya '|tashkentskaya oblast|tashkentskaya oblast'|toshkent|toshkent oblasti|toshkent viloyati|toshkent wiloyati|вилояти тошканд|ташкент облусу|ташкент облысы|ташкентская|ташкентская область|ташкентська|ташкентська область|ташкенцкі вілает|тошканд
alias	Toshkent						gorod tashkent|tashkent city|toshkent|toshkent shahri|тошкент
alias	Sirdaryo						sirdarinskaya|sirdarinskaya oblast|sirdaryo|sirdaryo oblasti|sirdaryo region|sirdaryo viloyati|sirdaryo wiloyati|sirderya|sirderya ili|syrdar'inskaya '|syrdar'inskaya oblast'|syrdarinskaya|syrdarinskaya oblast|syrdarya|вилояти сирдаре|сирдаре|сырдар'інская вобласць|сырдария|сырдария облысы|сырдарыя|сырдарыя облусу|сырдарьинская|сырдарьинская область|сырдарінская вобласць
alias	Navoiy						navoiy|navoiy ili|navoiy region|navoiy viloyati|navoiyskaya|navoiyskaya '|navoiyskaya oblast|navoiyskaya oblast'|nawoiy wiloyati|набайы|набайы облусу|навоийская|навоийская область|навойскі вілает|науаи|науаи облысы
alias	Namangan						namangan|namangan ili|namangan viloyati|вилояти намангон|наманган|наманган облусу|наманган облысы|наманганская|наманганская область|наманганскі вілает|наманганська|наманганська область|намангон
alias	Urganch						harezm|harezm ili|khorazm|khorazm oblast|khorazm wiloyati|khorem|khorem oblast|khorezmskaya|khorezmskaya '|khorezmskaya oblast|khorezmskaya oblast'|xorazm|xorazm region|xorazm viloyati|вилояти хоразм|харэзмскі вілаят|хоразм|хорезм|хорезм облусу|хорезм облысы|хорезмская|хорезмская область|хорезмська|хорезмська область
alias	Jizzax						cizzak|cizzak ili|jizzakh|jizzakh region|jizzax|jizzax viloyati|джиззацька|джиззацька область|джызакская вобласць|жиззах|жиззахская|жиззахская область|жызак|жызак облусу|жызак облысы
alias	Farg'ona						farg ona|farg ona viloyati|farghona|farghona oblasti|farghona wiloyati|fergana|fergana ili|fergana oblast|ferganskaya|ferganskaya '|ferganskaya oblast|ferganskaya oblast'|вилояти фаргона|фаргона|фергана|фергана облусу|фергана облысы|ферганская|ферганская область|ферганскі вілает|ферганська|ферганська область
alias	Andijon						andican|andican ili|andijan|andijan region|andijon|andijon oblasti|andijon viloyati|андижан|андижан облусу|андижанская|андижанская область|андижанська|андижанська область|андижон|андижон вилояти|андыжанскі вілает|әндіжан|әндіжан облысы
